<?xml version="1.0" encoding="UTF-8"?>
<kml xmlns="http://www.opengis.net/kml/2.2">
<Document>
  <Placemark>
    <Style>
      <IconStyle>
        <scale>0.339272727272727</scale>
        <color>FFE23A1D</color>
        <Icon>
          <href>http://maps.google.com/mapfiles/kml/shapes/placemark_circle.png</href>
        </Icon>
      </IconStyle>
    </Style>
    <Point>
      <coordinates>140.149996951208,37.0150576176881,307.510440740347</coordinates>
      <altitudeMode>absolute</altitudeMode>
    </Point>
  </Placemark>

  <Placemark>
    <Style>
      <IconStyle>
        <scale>0.339272727272727</scale>
        <color>FFE23A1D</color>
        <Icon>
          <href>http://maps.google.com/mapfiles/kml/shapes/placemark_circle.png</href>
        </Icon>
      </IconStyle>
    </Style>
    <Point>
      <coordinates>140.149996951208,37.0150576176881,307.510440740347</coordinates>
      <altitudeMode>absolute</altitudeMode>
    </Point>
  </Placemark>

  <Placemark>
    <Style>
      <IconStyle>
        <scale>0.335454545454545</scale>
        <color>FFE2391D</color>
        <Icon>
          <href>http://maps.google.com/mapfiles/kml/shapes/placemark_circle.png</href>
        </Icon>
      </IconStyle>
    </Style>
    <Point>
      <coordinates>140.149997086026,37.0150582226585,307.510440740347</coordinates>
      <altitudeMode>absolute</altitudeMode>
    </Point>
  </Placemark>

  <Placemark>
    <Style>
      <IconStyle>
        <scale>0.335454545454545</scale>
        <color>FFE2391D</color>
        <Icon>
          <href>http://maps.google.com/mapfiles/kml/shapes/placemark_circle.png</href>
        </Icon>
      </IconStyle>
    </Style>
    <Point>
      <coordinates>140.149997086026,37.0150582226585,307.510440740347</coordinates>
      <altitudeMode>absolute</altitudeMode>
    </Point>
  </Placemark>

  <Placemark>
    <Style>
      <IconStyle>
        <scale>0.346181818181818</scale>
        <color>FFE23B1D</color>
        <Icon>
          <href>http://maps.google.com/mapfiles/kml/shapes/placemark_circle.png</href>
        </Icon>
      </IconStyle>
    </Style>
    <Point>
      <coordinates>140.149997236199,37.0150591525338,307.510440740347</coordinates>
      <altitudeMode>absolute</altitudeMode>
    </Point>
  </Placemark>

  <Placemark>
    <Style>
      <IconStyle>
        <scale>0.346181818181818</scale>
        <color>FFE23B1D</color>
        <Icon>
          <href>http://maps.google.com/mapfiles/kml/shapes/placemark_circle.png</href>
        </Icon>
      </IconStyle>
    </Style>
    <Point>
      <coordinates>140.149997236199,37.0150591525338,307.510440740347</coordinates>
      <altitudeMode>absolute</altitudeMode>
    </Point>
  </Placemark>

  <Placemark>
    <Style>
      <IconStyle>
        <scale>0.382909090909091</scale>
        <color>FFDE4121</color>
        <Icon>
          <href>http://maps.google.com/mapfiles/kml/shapes/placemark_circle.png</href>
        </Icon>
      </IconStyle>
    </Style>
    <Point>
      <coordinates>140.149996793645,37.015059303112,307.510440740347</coordinates>
      <altitudeMode>absolute</altitudeMode>
    </Point>
  </Placemark>

  <Placemark>
    <Style>
      <IconStyle>
        <scale>0.382909090909091</scale>
        <color>FFDE4121</color>
        <Icon>
          <href>http://maps.google.com/mapfiles/kml/shapes/placemark_circle.png</href>
        </Icon>
      </IconStyle>
    </Style>
    <Point>
      <coordinates>140.149996793645,37.015059303112,307.510440740347</coordinates>
      <altitudeMode>absolute</altitudeMode>
    </Point>
  </Placemark>

  <Placemark>
    <Style>
      <IconStyle>
        <scale>0.395272727272727</scale>
        <color>FFDD4322</color>
        <Icon>
          <href>http://maps.google.com/mapfiles/kml/shapes/placemark_circle.png</href>
        </Icon>
      </IconStyle>
    </Style>
    <Point>
      <coordinates>140.149995617159,37.0150590915102,307.410440737147</coordinates>
      <altitudeMode>absolute</altitudeMode>
    </Point>
  </Placemark>

  <Placemark>
    <Style>
      <IconStyle>
        <scale>0.395272727272727</scale>
        <color>FFDD4322</color>
        <Icon>
          <href>http://maps.google.com/mapfiles/kml/shapes/placemark_circle.png</href>
        </Icon>
      </IconStyle>
    </Style>
    <Point>
      <coordinates>140.149995617159,37.0150590915102,307.410440737147</coordinates>
      <altitudeMode>absolute</altitudeMode>
    </Point>
  </Placemark>

  <Placemark>
    <Style>
      <IconStyle>
        <scale>0.457454545454546</scale>
        <color>FFD84E27</color>
        <Icon>
          <href>http://maps.google.com/mapfiles/kml/shapes/placemark_circle.png</href>
        </Icon>
      </IconStyle>
    </Style>
    <Point>
      <coordinates>140.149994283983,37.0150590361554,307.410440737147</coordinates>
      <altitudeMode>absolute</altitudeMode>
    </Point>
  </Placemark>

  <Placemark>
    <Style>
      <IconStyle>
        <scale>0.457454545454546</scale>
        <color>FFD84E27</color>
        <Icon>
          <href>http://maps.google.com/mapfiles/kml/shapes/placemark_circle.png</href>
        </Icon>
      </IconStyle>
    </Style>
    <Point>
      <coordinates>140.149994283983,37.0150590361554,307.410440737147</coordinates>
      <altitudeMode>absolute</altitudeMode>
    </Point>
  </Placemark>

  <Placemark>
    <Style>
      <IconStyle>
        <scale>0.480727272727273</scale>
        <color>FFD65229</color>
        <Icon>
          <href>http://maps.google.com/mapfiles/kml/shapes/placemark_circle.png</href>
        </Icon>
      </IconStyle>
    </Style>
    <Point>
      <coordinates>140.149993082111,37.0150593928849,307.510440740347</coordinates>
      <altitudeMode>absolute</altitudeMode>
    </Point>
  </Placemark>

  <Placemark>
    <Style>
      <IconStyle>
        <scale>0.480727272727273</scale>
        <color>FFD65229</color>
        <Icon>
          <href>http://maps.google.com/mapfiles/kml/shapes/placemark_circle.png</href>
        </Icon>
      </IconStyle>
    </Style>
    <Point>
      <coordinates>140.149993082111,37.0150593928849,307.510440740347</coordinates>
      <altitudeMode>absolute</altitudeMode>
    </Point>
  </Placemark>

  <Placemark>
    <Style>
      <IconStyle>
        <scale>0.536181818181818</scale>
        <color>FFD15B2E</color>
        <Icon>
          <href>http://maps.google.com/mapfiles/kml/shapes/placemark_circle.png</href>
        </Icon>
      </IconStyle>
    </Style>
    <Point>
      <coordinates>140.149992875275,37.0150601081965,307.910440753147</coordinates>
      <altitudeMode>absolute</altitudeMode>
    </Point>
  </Placemark>

  <Placemark>
    <Style>
      <IconStyle>
        <scale>0.536181818181818</scale>
        <color>FFD15B2E</color>
        <Icon>
          <href>http://maps.google.com/mapfiles/kml/shapes/placemark_circle.png</href>
        </Icon>
      </IconStyle>
    </Style>
    <Point>
      <coordinates>140.149992875275,37.0150601081965,307.910440753147</coordinates>
      <altitudeMode>absolute</altitudeMode>
    </Point>
  </Placemark>

  <Placemark>
    <Style>
      <IconStyle>
        <scale>0.536727272727273</scale>
        <color>FFD15B2E</color>
        <Icon>
          <href>http://maps.google.com/mapfiles/kml/shapes/placemark_circle.png</href>
        </Icon>
      </IconStyle>
    </Style>
    <Point>
      <coordinates>140.149992817073,37.0150610483109,308.110440759547</coordinates>
      <altitudeMode>absolute</altitudeMode>
    </Point>
  </Placemark>

  <Placemark>
    <Style>
      <IconStyle>
        <scale>0.536727272727273</scale>
        <color>FFD15B2E</color>
        <Icon>
          <href>http://maps.google.com/mapfiles/kml/shapes/placemark_circle.png</href>
        </Icon>
      </IconStyle>
    </Style>
    <Point>
      <coordinates>140.149992817073,37.0150610483109,308.110440759547</coordinates>
      <altitudeMode>absolute</altitudeMode>
    </Point>
  </Placemark>

  <Placemark>
    <Style>
      <IconStyle>
        <scale>0.613818181818182</scale>
        <color>FFCB6834</color>
        <Icon>
          <href>http://maps.google.com/mapfiles/kml/shapes/placemark_circle.png</href>
        </Icon>
      </IconStyle>
    </Style>
    <Point>
      <coordinates>140.149992827795,37.0150616695792,308.310440765947</coordinates>
      <altitudeMode>absolute</altitudeMode>
    </Point>
  </Placemark>

  <Placemark>
    <Style>
      <IconStyle>
        <scale>0.613818181818182</scale>
        <color>FFCB6834</color>
        <Icon>
          <href>http://maps.google.com/mapfiles/kml/shapes/placemark_circle.png</href>
        </Icon>
      </IconStyle>
    </Style>
    <Point>
      <coordinates>140.149992827795,37.0150616695792,308.310440765947</coordinates>
      <altitudeMode>absolute</altitudeMode>
    </Point>
  </Placemark>

  <Placemark>
    <Style>
      <IconStyle>
        <scale>0.691636363636364</scale>
        <color>FFC4763B</color>
        <Icon>
          <href>http://maps.google.com/mapfiles/kml/shapes/placemark_circle.png</href>
        </Icon>
      </IconStyle>
    </Style>
    <Point>
      <coordinates>140.149992636965,37.0150616342015,308.810440781947</coordinates>
      <altitudeMode>absolute</altitudeMode>
    </Point>
  </Placemark>

  <Placemark>
    <Style>
      <IconStyle>
        <scale>0.691636363636364</scale>
        <color>FFC4763B</color>
        <Icon>
          <href>http://maps.google.com/mapfiles/kml/shapes/placemark_circle.png</href>
        </Icon>
      </IconStyle>
    </Style>
    <Point>
      <coordinates>140.149992636965,37.0150616342015,308.810440781947</coordinates>
      <altitudeMode>absolute</altitudeMode>
    </Point>
  </Placemark>

  <Placemark>
    <Style>
      <IconStyle>
        <scale>0.730545454545455</scale>
        <color>FFC17C3E</color>
        <Icon>
          <href>http://maps.google.com/mapfiles/kml/shapes/placemark_circle.png</href>
        </Icon>
      </IconStyle>
    </Style>
    <Point>
      <coordinates>140.149992655271,37.0150612224213,309.310440797947</coordinates>
      <altitudeMode>absolute</altitudeMode>
    </Point>
  </Placemark>

  <Placemark>
    <Style>
      <IconStyle>
        <scale>0.730545454545455</scale>
        <color>FFC17C3E</color>
        <Icon>
          <href>http://maps.google.com/mapfiles/kml/shapes/placemark_circle.png</href>
        </Icon>
      </IconStyle>
    </Style>
    <Point>
      <coordinates>140.149992655271,37.0150612224213,309.310440797947</coordinates>
      <altitudeMode>absolute</altitudeMode>
    </Point>
  </Placemark>

  <Placemark>
    <Style>
      <IconStyle>
        <scale>0.753454545454546</scale>
        <color>FFBF8040</color>
        <Icon>
          <href>http://maps.google.com/mapfiles/kml/shapes/placemark_circle.png</href>
        </Icon>
      </IconStyle>
    </Style>
    <Point>
      <coordinates>140.149993269021,37.0150607818062,310.110440823547</coordinates>
      <altitudeMode>absolute</altitudeMode>
    </Point>
  </Placemark>

  <Placemark>
    <Style>
      <IconStyle>
        <scale>0.753454545454546</scale>
        <color>FFBF8040</color>
        <Icon>
          <href>http://maps.google.com/mapfiles/kml/shapes/placemark_circle.png</href>
        </Icon>
      </IconStyle>
    </Style>
    <Point>
      <coordinates>140.149993269021,37.0150607818062,310.110440823547</coordinates>
      <altitudeMode>absolute</altitudeMode>
    </Point>
  </Placemark>

  <Placemark>
    <Style>
      <IconStyle>
        <scale>0.849272727272727</scale>
        <color>FFB79048</color>
        <Icon>
          <href>http://maps.google.com/mapfiles/kml/shapes/placemark_circle.png</href>
        </Icon>
      </IconStyle>
    </Style>
    <Point>
      <coordinates>140.149993641721,37.0150607734796,310.810440845947</coordinates>
      <altitudeMode>absolute</altitudeMode>
    </Point>
  </Placemark>

  <Placemark>
    <Style>
      <IconStyle>
        <scale>0.849272727272727</scale>
        <color>FFB79048</color>
        <Icon>
          <href>http://maps.google.com/mapfiles/kml/shapes/placemark_circle.png</href>
        </Icon>
      </IconStyle>
    </Style>
    <Point>
      <coordinates>140.149993641721,37.0150607734796,310.810440845947</coordinates>
      <altitudeMode>absolute</altitudeMode>
    </Point>
  </Placemark>

  <Placemark>
    <Style>
      <IconStyle>
        <scale>0.839818181818182</scale>
        <color>FFB88F47</color>
        <Icon>
          <href>http://maps.google.com/mapfiles/kml/shapes/placemark_circle.png</href>
        </Icon>
      </IconStyle>
    </Style>
    <Point>
      <coordinates>140.149994018618,37.015060735971,311.510440868347</coordinates>
      <altitudeMode>absolute</altitudeMode>
    </Point>
  </Placemark>

  <Placemark>
    <Style>
      <IconStyle>
        <scale>0.839818181818182</scale>
        <color>FFB88F47</color>
        <Icon>
          <href>http://maps.google.com/mapfiles/kml/shapes/placemark_circle.png</href>
        </Icon>
      </IconStyle>
    </Style>
    <Point>
      <coordinates>140.149994018618,37.015060735971,311.510440868347</coordinates>
      <altitudeMode>absolute</altitudeMode>
    </Point>
  </Placemark>

  <Placemark>
    <Style>
      <IconStyle>
        <scale>0.86</scale>
        <color>FFB69249</color>
        <Icon>
          <href>http://maps.google.com/mapfiles/kml/shapes/placemark_circle.png</href>
        </Icon>
      </IconStyle>
    </Style>
    <Point>
      <coordinates>140.149993479212,37.0150609159002,312.410440897147</coordinates>
      <altitudeMode>absolute</altitudeMode>
    </Point>
  </Placemark>

  <Placemark>
    <Style>
      <IconStyle>
        <scale>0.86</scale>
        <color>FFB69249</color>
        <Icon>
          <href>http://maps.google.com/mapfiles/kml/shapes/placemark_circle.png</href>
        </Icon>
      </IconStyle>
    </Style>
    <Point>
      <coordinates>140.149993479212,37.0150609159002,312.410440897147</coordinates>
      <altitudeMode>absolute</altitudeMode>
    </Point>
  </Placemark>

  <Placemark>
    <Style>
      <IconStyle>
        <scale>0.855090909090909</scale>
        <color>FFB69149</color>
        <Icon>
          <href>http://maps.google.com/mapfiles/kml/shapes/placemark_circle.png</href>
        </Icon>
      </IconStyle>
    </Style>
    <Point>
      <coordinates>140.149993043452,37.0150607316749,313.310440925947</coordinates>
      <altitudeMode>absolute</altitudeMode>
    </Point>
  </Placemark>

  <Placemark>
    <Style>
      <IconStyle>
        <scale>0.855090909090909</scale>
        <color>FFB69149</color>
        <Icon>
          <href>http://maps.google.com/mapfiles/kml/shapes/placemark_circle.png</href>
        </Icon>
      </IconStyle>
    </Style>
    <Point>
      <coordinates>140.149993043452,37.0150607316749,313.310440925947</coordinates>
      <altitudeMode>absolute</altitudeMode>
    </Point>
  </Placemark>

  <Placemark>
    <Style>
      <IconStyle>
        <scale>0.812727272727273</scale>
        <color>FFBA8A45</color>
        <Icon>
          <href>http://maps.google.com/mapfiles/kml/shapes/placemark_circle.png</href>
        </Icon>
      </IconStyle>
    </Style>
    <Point>
      <coordinates>140.149993031074,37.0150601951553,314.410440961147</coordinates>
      <altitudeMode>absolute</altitudeMode>
    </Point>
  </Placemark>

  <Placemark>
    <Style>
      <IconStyle>
        <scale>0.812727272727273</scale>
        <color>FFBA8A45</color>
        <Icon>
          <href>http://maps.google.com/mapfiles/kml/shapes/placemark_circle.png</href>
        </Icon>
      </IconStyle>
    </Style>
    <Point>
      <coordinates>140.149993031074,37.0150601951553,314.410440961147</coordinates>
      <altitudeMode>absolute</altitudeMode>
    </Point>
  </Placemark>

  <Placemark>
    <Style>
      <IconStyle>
        <scale>0.761272727272727</scale>
        <color>FFBE8141</color>
        <Icon>
          <href>http://maps.google.com/mapfiles/kml/shapes/placemark_circle.png</href>
        </Icon>
      </IconStyle>
    </Style>
    <Point>
      <coordinates>140.149992663201,37.0150603793036,315.710441002747</coordinates>
      <altitudeMode>absolute</altitudeMode>
    </Point>
  </Placemark>

  <Placemark>
    <Style>
      <IconStyle>
        <scale>0.761272727272727</scale>
        <color>FFBE8141</color>
        <Icon>
          <href>http://maps.google.com/mapfiles/kml/shapes/placemark_circle.png</href>
        </Icon>
      </IconStyle>
    </Style>
    <Point>
      <coordinates>140.149992663201,37.0150603793036,315.710441002747</coordinates>
      <altitudeMode>absolute</altitudeMode>
    </Point>
  </Placemark>

  <Placemark>
    <Style>
      <IconStyle>
        <scale>0.686363636363636</scale>
        <color>FFC5753A</color>
        <Icon>
          <href>http://maps.google.com/mapfiles/kml/shapes/placemark_circle.png</href>
        </Icon>
      </IconStyle>
    </Style>
    <Point>
      <coordinates>140.149992700061,37.01506011339,316.510441028347</coordinates>
      <altitudeMode>absolute</altitudeMode>
    </Point>
  </Placemark>

  <Placemark>
    <Style>
      <IconStyle>
        <scale>0.686363636363636</scale>
        <color>FFC5753A</color>
        <Icon>
          <href>http://maps.google.com/mapfiles/kml/shapes/placemark_circle.png</href>
        </Icon>
      </IconStyle>
    </Style>
    <Point>
      <coordinates>140.149992700061,37.01506011339,316.510441028347</coordinates>
      <altitudeMode>absolute</altitudeMode>
    </Point>
  </Placemark>

  <Placemark>
    <Style>
      <IconStyle>
        <scale>0.653090909090909</scale>
        <color>FFC76F38</color>
        <Icon>
          <href>http://maps.google.com/mapfiles/kml/shapes/placemark_circle.png</href>
        </Icon>
      </IconStyle>
    </Style>
    <Point>
      <coordinates>140.149992563688,37.0150597423201,317.510441060347</coordinates>
      <altitudeMode>absolute</altitudeMode>
    </Point>
  </Placemark>

  <Placemark>
    <Style>
      <IconStyle>
        <scale>0.653090909090909</scale>
        <color>FFC76F38</color>
        <Icon>
          <href>http://maps.google.com/mapfiles/kml/shapes/placemark_circle.png</href>
        </Icon>
      </IconStyle>
    </Style>
    <Point>
      <coordinates>140.149992563688,37.0150597423201,317.510441060347</coordinates>
      <altitudeMode>absolute</altitudeMode>
    </Point>
  </Placemark>

  <Placemark>
    <Style>
      <IconStyle>
        <scale>0.612</scale>
        <color>FFCB6834</color>
        <Icon>
          <href>http://maps.google.com/mapfiles/kml/shapes/placemark_circle.png</href>
        </Icon>
      </IconStyle>
    </Style>
    <Point>
      <coordinates>140.149992387731,37.0150588908692,318.410441089147</coordinates>
      <altitudeMode>absolute</altitudeMode>
    </Point>
  </Placemark>

  <Placemark>
    <Style>
      <IconStyle>
        <scale>0.612</scale>
        <color>FFCB6834</color>
        <Icon>
          <href>http://maps.google.com/mapfiles/kml/shapes/placemark_circle.png</href>
        </Icon>
      </IconStyle>
    </Style>
    <Point>
      <coordinates>140.149992387731,37.0150588908692,318.410441089147</coordinates>
      <altitudeMode>absolute</altitudeMode>
    </Point>
  </Placemark>

  <Placemark>
    <Style>
      <IconStyle>
        <scale>0.632727272727272</scale>
        <color>FFC96C36</color>
        <Icon>
          <href>http://maps.google.com/mapfiles/kml/shapes/placemark_circle.png</href>
        </Icon>
      </IconStyle>
    </Style>
    <Point>
      <coordinates>140.149993231641,37.0150596490841,319.310441117947</coordinates>
      <altitudeMode>absolute</altitudeMode>
    </Point>
  </Placemark>

  <Placemark>
    <Style>
      <IconStyle>
        <scale>0.632727272727272</scale>
        <color>FFC96C36</color>
        <Icon>
          <href>http://maps.google.com/mapfiles/kml/shapes/placemark_circle.png</href>
        </Icon>
      </IconStyle>
    </Style>
    <Point>
      <coordinates>140.149993231641,37.0150596490841,319.310441117947</coordinates>
      <altitudeMode>absolute</altitudeMode>
    </Point>
  </Placemark>

  <Placemark>
    <Style>
      <IconStyle>
        <scale>0.662363636363636</scale>
        <color>FFC77138</color>
        <Icon>
          <href>http://maps.google.com/mapfiles/kml/shapes/placemark_circle.png</href>
        </Icon>
      </IconStyle>
    </Style>
    <Point>
      <coordinates>140.149993772715,37.0150609591077,320.210441146747</coordinates>
      <altitudeMode>absolute</altitudeMode>
    </Point>
  </Placemark>

  <Placemark>
    <Style>
      <IconStyle>
        <scale>0.662363636363636</scale>
        <color>FFC77138</color>
        <Icon>
          <href>http://maps.google.com/mapfiles/kml/shapes/placemark_circle.png</href>
        </Icon>
      </IconStyle>
    </Style>
    <Point>
      <coordinates>140.149993772715,37.0150609591077,320.210441146747</coordinates>
      <altitudeMode>absolute</altitudeMode>
    </Point>
  </Placemark>

  <Placemark>
    <Style>
      <IconStyle>
        <scale>0.639090909090909</scale>
        <color>FFC96D36</color>
        <Icon>
          <href>http://maps.google.com/mapfiles/kml/shapes/placemark_circle.png</href>
        </Icon>
      </IconStyle>
    </Style>
    <Point>
      <coordinates>140.14999379486,37.0150623359566,321.010441172347</coordinates>
      <altitudeMode>absolute</altitudeMode>
    </Point>
  </Placemark>

  <Placemark>
    <Style>
      <IconStyle>
        <scale>0.639090909090909</scale>
        <color>FFC96D36</color>
        <Icon>
          <href>http://maps.google.com/mapfiles/kml/shapes/placemark_circle.png</href>
        </Icon>
      </IconStyle>
    </Style>
    <Point>
      <coordinates>140.14999379486,37.0150623359566,321.010441172347</coordinates>
      <altitudeMode>absolute</altitudeMode>
    </Point>
  </Placemark>

  <Placemark>
    <Style>
      <IconStyle>
        <scale>0.788909090909091</scale>
        <color>FFBC8643</color>
        <Icon>
          <href>http://maps.google.com/mapfiles/kml/shapes/placemark_circle.png</href>
        </Icon>
      </IconStyle>
    </Style>
    <Point>
      <coordinates>140.149993915908,37.0150627745971,321.810441197947</coordinates>
      <altitudeMode>absolute</altitudeMode>
    </Point>
  </Placemark>

  <Placemark>
    <Style>
      <IconStyle>
        <scale>0.788909090909091</scale>
        <color>FFBC8643</color>
        <Icon>
          <href>http://maps.google.com/mapfiles/kml/shapes/placemark_circle.png</href>
        </Icon>
      </IconStyle>
    </Style>
    <Point>
      <coordinates>140.149993915908,37.0150627745971,321.810441197947</coordinates>
      <altitudeMode>absolute</altitudeMode>
    </Point>
  </Placemark>

  <Placemark>
    <Style>
      <IconStyle>
        <scale>0.859272727272727</scale>
        <color>FFB69249</color>
        <Icon>
          <href>http://maps.google.com/mapfiles/kml/shapes/placemark_circle.png</href>
        </Icon>
      </IconStyle>
    </Style>
    <Point>
      <coordinates>140.149993869042,37.0150629021763,322.710441226747</coordinates>
      <altitudeMode>absolute</altitudeMode>
    </Point>
  </Placemark>

  <Placemark>
    <Style>
      <IconStyle>
        <scale>0.859272727272727</scale>
        <color>FFB69249</color>
        <Icon>
          <href>http://maps.google.com/mapfiles/kml/shapes/placemark_circle.png</href>
        </Icon>
      </IconStyle>
    </Style>
    <Point>
      <coordinates>140.149993869042,37.0150629021763,322.710441226747</coordinates>
      <altitudeMode>absolute</altitudeMode>
    </Point>
  </Placemark>

  <Placemark>
    <Style>
      <IconStyle>
        <scale>0.887090909090909</scale>
        <color>FFB4974B</color>
        <Icon>
          <href>http://maps.google.com/mapfiles/kml/shapes/placemark_circle.png</href>
        </Icon>
      </IconStyle>
    </Style>
    <Point>
      <coordinates>140.149993329024,37.0150621887258,323.710441258747</coordinates>
      <altitudeMode>absolute</altitudeMode>
    </Point>
  </Placemark>

  <Placemark>
    <Style>
      <IconStyle>
        <scale>0.887090909090909</scale>
        <color>FFB4974B</color>
        <Icon>
          <href>http://maps.google.com/mapfiles/kml/shapes/placemark_circle.png</href>
        </Icon>
      </IconStyle>
    </Style>
    <Point>
      <coordinates>140.149993329024,37.0150621887258,323.710441258747</coordinates>
      <altitudeMode>absolute</altitudeMode>
    </Point>
  </Placemark>

  <Placemark>
    <Style>
      <IconStyle>
        <scale>1.04018181818182</scale>
        <color>FFA7B158</color>
        <Icon>
          <href>http://maps.google.com/mapfiles/kml/shapes/placemark_circle.png</href>
        </Icon>
      </IconStyle>
    </Style>
    <Point>
      <coordinates>140.149993383987,37.0150619202786,324.810441293947</coordinates>
      <altitudeMode>absolute</altitudeMode>
    </Point>
  </Placemark>

  <Placemark>
    <Style>
      <IconStyle>
        <scale>1.04018181818182</scale>
        <color>FFA7B158</color>
        <Icon>
          <href>http://maps.google.com/mapfiles/kml/shapes/placemark_circle.png</href>
        </Icon>
      </IconStyle>
    </Style>
    <Point>
      <coordinates>140.149993383987,37.0150619202786,324.810441293947</coordinates>
      <altitudeMode>absolute</altitudeMode>
    </Point>
  </Placemark>

  <Placemark>
    <Style>
      <IconStyle>
        <scale>1.06454545454545</scale>
        <color>FFA5B55A</color>
        <Icon>
          <href>http://maps.google.com/mapfiles/kml/shapes/placemark_circle.png</href>
        </Icon>
      </IconStyle>
    </Style>
    <Point>
      <coordinates>140.149992964797,37.0150619467877,325.910441329147</coordinates>
      <altitudeMode>absolute</altitudeMode>
    </Point>
  </Placemark>

  <Placemark>
    <Style>
      <IconStyle>
        <scale>1.06454545454545</scale>
        <color>FFA5B55A</color>
        <Icon>
          <href>http://maps.google.com/mapfiles/kml/shapes/placemark_circle.png</href>
        </Icon>
      </IconStyle>
    </Style>
    <Point>
      <coordinates>140.149992964797,37.0150619467877,325.910441329147</coordinates>
      <altitudeMode>absolute</altitudeMode>
    </Point>
  </Placemark>

  <Placemark>
    <Style>
      <IconStyle>
        <scale>1.04327272727273</scale>
        <color>FFA6B159</color>
        <Icon>
          <href>http://maps.google.com/mapfiles/kml/shapes/placemark_circle.png</href>
        </Icon>
      </IconStyle>
    </Style>
    <Point>
      <coordinates>140.149993240921,37.0150620305641,327.010441364347</coordinates>
      <altitudeMode>absolute</altitudeMode>
    </Point>
  </Placemark>

  <Placemark>
    <Style>
      <IconStyle>
        <scale>1.04327272727273</scale>
        <color>FFA6B159</color>
        <Icon>
          <href>http://maps.google.com/mapfiles/kml/shapes/placemark_circle.png</href>
        </Icon>
      </IconStyle>
    </Style>
    <Point>
      <coordinates>140.149993240921,37.0150620305641,327.010441364347</coordinates>
      <altitudeMode>absolute</altitudeMode>
    </Point>
  </Placemark>

  <Placemark>
    <Style>
      <IconStyle>
        <scale>1.02418181818182</scale>
        <color>FFA8AE57</color>
        <Icon>
          <href>http://maps.google.com/mapfiles/kml/shapes/placemark_circle.png</href>
        </Icon>
      </IconStyle>
    </Style>
    <Point>
      <coordinates>140.149992961581,37.0150618418392,328.010441396347</coordinates>
      <altitudeMode>absolute</altitudeMode>
    </Point>
  </Placemark>

  <Placemark>
    <Style>
      <IconStyle>
        <scale>1.02418181818182</scale>
        <color>FFA8AE57</color>
        <Icon>
          <href>http://maps.google.com/mapfiles/kml/shapes/placemark_circle.png</href>
        </Icon>
      </IconStyle>
    </Style>
    <Point>
      <coordinates>140.149992961581,37.0150618418392,328.010441396347</coordinates>
      <altitudeMode>absolute</altitudeMode>
    </Point>
  </Placemark>

  <Placemark>
    <Style>
      <IconStyle>
        <scale>1.03036363636364</scale>
        <color>FFA7AF58</color>
        <Icon>
          <href>http://maps.google.com/mapfiles/kml/shapes/placemark_circle.png</href>
        </Icon>
      </IconStyle>
    </Style>
    <Point>
      <coordinates>140.149993012785,37.0150619699088,329.110441431547</coordinates>
      <altitudeMode>absolute</altitudeMode>
    </Point>
  </Placemark>

  <Placemark>
    <Style>
      <IconStyle>
        <scale>1.03036363636364</scale>
        <color>FFA7AF58</color>
        <Icon>
          <href>http://maps.google.com/mapfiles/kml/shapes/placemark_circle.png</href>
        </Icon>
      </IconStyle>
    </Style>
    <Point>
      <coordinates>140.149993012785,37.0150619699088,329.110441431547</coordinates>
      <altitudeMode>absolute</altitudeMode>
    </Point>
  </Placemark>

  <Placemark>
    <Style>
      <IconStyle>
        <scale>1.01054545454545</scale>
        <color>FFA9AC56</color>
        <Icon>
          <href>http://maps.google.com/mapfiles/kml/shapes/placemark_circle.png</href>
        </Icon>
      </IconStyle>
    </Style>
    <Point>
      <coordinates>140.149992896365,37.0150615864667,330.110441463547</coordinates>
      <altitudeMode>absolute</altitudeMode>
    </Point>
  </Placemark>

  <Placemark>
    <Style>
      <IconStyle>
        <scale>1.01054545454545</scale>
        <color>FFA9AC56</color>
        <Icon>
          <href>http://maps.google.com/mapfiles/kml/shapes/placemark_circle.png</href>
        </Icon>
      </IconStyle>
    </Style>
    <Point>
      <coordinates>140.149992896365,37.0150615864667,330.110441463547</coordinates>
      <altitudeMode>absolute</altitudeMode>
    </Point>
  </Placemark>

  <Placemark>
    <Style>
      <IconStyle>
        <scale>0.978909090909091</scale>
        <color>FFACA653</color>
        <Icon>
          <href>http://maps.google.com/mapfiles/kml/shapes/placemark_circle.png</href>
        </Icon>
      </IconStyle>
    </Style>
    <Point>
      <coordinates>140.149992882961,37.0150618407641,331.010441492347</coordinates>
      <altitudeMode>absolute</altitudeMode>
    </Point>
  </Placemark>

  <Placemark>
    <Style>
      <IconStyle>
        <scale>0.978909090909091</scale>
        <color>FFACA653</color>
        <Icon>
          <href>http://maps.google.com/mapfiles/kml/shapes/placemark_circle.png</href>
        </Icon>
      </IconStyle>
    </Style>
    <Point>
      <coordinates>140.149992882961,37.0150618407641,331.010441492347</coordinates>
      <altitudeMode>absolute</altitudeMode>
    </Point>
  </Placemark>

  <Placemark>
    <Style>
      <IconStyle>
        <scale>0.897090909090909</scale>
        <color>FFB3994C</color>
        <Icon>
          <href>http://maps.google.com/mapfiles/kml/shapes/placemark_circle.png</href>
        </Icon>
      </IconStyle>
    </Style>
    <Point>
      <coordinates>140.149992487177,37.0150621971553,331.710441514747</coordinates>
      <altitudeMode>absolute</altitudeMode>
    </Point>
  </Placemark>

  <Placemark>
    <Style>
      <IconStyle>
        <scale>0.897090909090909</scale>
        <color>FFB3994C</color>
        <Icon>
          <href>http://maps.google.com/mapfiles/kml/shapes/placemark_circle.png</href>
        </Icon>
      </IconStyle>
    </Style>
    <Point>
      <coordinates>140.149992487177,37.0150621971553,331.710441514747</coordinates>
      <altitudeMode>absolute</altitudeMode>
    </Point>
  </Placemark>

  <Placemark>
    <Style>
      <IconStyle>
        <scale>0.719272727272727</scale>
        <color>FFC27A3D</color>
        <Icon>
          <href>http://maps.google.com/mapfiles/kml/shapes/placemark_circle.png</href>
        </Icon>
      </IconStyle>
    </Style>
    <Point>
      <coordinates>140.149992805983,37.0150628600568,332.410441537147</coordinates>
      <altitudeMode>absolute</altitudeMode>
    </Point>
  </Placemark>

  <Placemark>
    <Style>
      <IconStyle>
        <scale>0.719272727272727</scale>
        <color>FFC27A3D</color>
        <Icon>
          <href>http://maps.google.com/mapfiles/kml/shapes/placemark_circle.png</href>
        </Icon>
      </IconStyle>
    </Style>
    <Point>
      <coordinates>140.149992805983,37.0150628600568,332.410441537147</coordinates>
      <altitudeMode>absolute</altitudeMode>
    </Point>
  </Placemark>

  <Placemark>
    <Style>
      <IconStyle>
        <scale>0.582363636363636</scale>
        <color>FFCD6332</color>
        <Icon>
          <href>http://maps.google.com/mapfiles/kml/shapes/placemark_circle.png</href>
        </Icon>
      </IconStyle>
    </Style>
    <Point>
      <coordinates>140.149993720682,37.0150621557275,333.110441559547</coordinates>
      <altitudeMode>absolute</altitudeMode>
    </Point>
  </Placemark>

  <Placemark>
    <Style>
      <IconStyle>
        <scale>0.582363636363636</scale>
        <color>FFCD6332</color>
        <Icon>
          <href>http://maps.google.com/mapfiles/kml/shapes/placemark_circle.png</href>
        </Icon>
      </IconStyle>
    </Style>
    <Point>
      <coordinates>140.149993720682,37.0150621557275,333.110441559547</coordinates>
      <altitudeMode>absolute</altitudeMode>
    </Point>
  </Placemark>

  <Placemark>
    <Style>
      <IconStyle>
        <scale>0.539423942938171</scale>
        <color>FFD15C2E</color>
        <Icon>
          <href>http://maps.google.com/mapfiles/kml/shapes/placemark_circle.png</href>
        </Icon>
      </IconStyle>
    </Style>
    <Point>
      <coordinates>140.149994573692,37.0150614151961,333.510441572347</coordinates>
      <altitudeMode>absolute</altitudeMode>
    </Point>
  </Placemark>

  <Placemark>
    <Style>
      <IconStyle>
        <scale>0.539423942938171</scale>
        <color>FFD15C2E</color>
        <Icon>
          <href>http://maps.google.com/mapfiles/kml/shapes/placemark_circle.png</href>
        </Icon>
      </IconStyle>
    </Style>
    <Point>
      <coordinates>140.149994573692,37.0150614151961,333.510441572347</coordinates>
      <altitudeMode>absolute</altitudeMode>
    </Point>
  </Placemark>

  <Placemark>
    <Style>
      <IconStyle>
        <scale>0.427719626592056</scale>
        <color>FFDB4924</color>
        <Icon>
          <href>http://maps.google.com/mapfiles/kml/shapes/placemark_circle.png</href>
        </Icon>
      </IconStyle>
    </Style>
    <Point>
      <coordinates>140.149994668113,37.0150613228596,334.310441597947</coordinates>
      <altitudeMode>absolute</altitudeMode>
    </Point>
  </Placemark>

  <Placemark>
    <Style>
      <IconStyle>
        <scale>0.427719626592056</scale>
        <color>FFDB4924</color>
        <Icon>
          <href>http://maps.google.com/mapfiles/kml/shapes/placemark_circle.png</href>
        </Icon>
      </IconStyle>
    </Style>
    <Point>
      <coordinates>140.149994668113,37.0150613228596,334.310441597947</coordinates>
      <altitudeMode>absolute</altitudeMode>
    </Point>
  </Placemark>

  <Placemark>
    <Style>
      <IconStyle>
        <scale>0.44626508113751</scale>
        <color>FFD94C26</color>
        <Icon>
          <href>http://maps.google.com/mapfiles/kml/shapes/placemark_circle.png</href>
        </Icon>
      </IconStyle>
    </Style>
    <Point>
      <coordinates>140.149994760124,37.0150612797186,335.510441636347</coordinates>
      <altitudeMode>absolute</altitudeMode>
    </Point>
  </Placemark>

  <Placemark>
    <Style>
      <IconStyle>
        <scale>0.44626508113751</scale>
        <color>FFD94C26</color>
        <Icon>
          <href>http://maps.google.com/mapfiles/kml/shapes/placemark_circle.png</href>
        </Icon>
      </IconStyle>
    </Style>
    <Point>
      <coordinates>140.149994760124,37.0150612797186,335.510441636347</coordinates>
      <altitudeMode>absolute</altitudeMode>
    </Point>
  </Placemark>

  <Placemark>
    <Style>
      <IconStyle>
        <scale>0.456083262955693</scale>
        <color>FFD84E27</color>
        <Icon>
          <href>http://maps.google.com/mapfiles/kml/shapes/placemark_circle.png</href>
        </Icon>
      </IconStyle>
    </Style>
    <Point>
      <coordinates>140.149994629769,37.0150616949189,336.810441677947</coordinates>
      <altitudeMode>absolute</altitudeMode>
    </Point>
  </Placemark>

  <Placemark>
    <Style>
      <IconStyle>
        <scale>0.456083262955693</scale>
        <color>FFD84E27</color>
        <Icon>
          <href>http://maps.google.com/mapfiles/kml/shapes/placemark_circle.png</href>
        </Icon>
      </IconStyle>
    </Style>
    <Point>
      <coordinates>140.149994629769,37.0150616949189,336.810441677947</coordinates>
      <altitudeMode>absolute</altitudeMode>
    </Point>
  </Placemark>

  <Placemark>
    <Style>
      <IconStyle>
        <scale>0.484992353864783</scale>
        <color>FFD65229</color>
        <Icon>
          <href>http://maps.google.com/mapfiles/kml/shapes/placemark_circle.png</href>
        </Icon>
      </IconStyle>
    </Style>
    <Point>
      <coordinates>140.149994733284,37.0150612906259,338.010441716347</coordinates>
      <altitudeMode>absolute</altitudeMode>
    </Point>
  </Placemark>

  <Placemark>
    <Style>
      <IconStyle>
        <scale>0.484992353864783</scale>
        <color>FFD65229</color>
        <Icon>
          <href>http://maps.google.com/mapfiles/kml/shapes/placemark_circle.png</href>
        </Icon>
      </IconStyle>
    </Style>
    <Point>
      <coordinates>140.149994733284,37.0150612906259,338.010441716347</coordinates>
      <altitudeMode>absolute</altitudeMode>
    </Point>
  </Placemark>

  <Placemark>
    <Style>
      <IconStyle>
        <scale>0.467901444773874</scale>
        <color>FFD75028</color>
        <Icon>
          <href>http://maps.google.com/mapfiles/kml/shapes/placemark_circle.png</href>
        </Icon>
      </IconStyle>
    </Style>
    <Point>
      <coordinates>140.149994758002,37.0150608329398,339.310441757947</coordinates>
      <altitudeMode>absolute</altitudeMode>
    </Point>
  </Placemark>

  <Placemark>
    <Style>
      <IconStyle>
        <scale>0.467901444773874</scale>
        <color>FFD75028</color>
        <Icon>
          <href>http://maps.google.com/mapfiles/kml/shapes/placemark_circle.png</href>
        </Icon>
      </IconStyle>
    </Style>
    <Point>
      <coordinates>140.149994758002,37.0150608329398,339.310441757947</coordinates>
      <altitudeMode>absolute</altitudeMode>
    </Point>
  </Placemark>

  <Placemark>
    <Style>
      <IconStyle>
        <scale>0.491174172046602</scale>
        <color>FFD5532A</color>
        <Icon>
          <href>http://maps.google.com/mapfiles/kml/shapes/placemark_circle.png</href>
        </Icon>
      </IconStyle>
    </Style>
    <Point>
      <coordinates>140.149993606378,37.0150608363814,340.510441796347</coordinates>
      <altitudeMode>absolute</altitudeMode>
    </Point>
  </Placemark>

  <Placemark>
    <Style>
      <IconStyle>
        <scale>0.491174172046602</scale>
        <color>FFD5532A</color>
        <Icon>
          <href>http://maps.google.com/mapfiles/kml/shapes/placemark_circle.png</href>
        </Icon>
      </IconStyle>
    </Style>
    <Point>
      <coordinates>140.149993606378,37.0150608363814,340.510441796347</coordinates>
      <altitudeMode>absolute</altitudeMode>
    </Point>
  </Placemark>

  <Placemark>
    <Style>
      <IconStyle>
        <scale>0.596083262955693</scale>
        <color>FFCC6533</color>
        <Icon>
          <href>http://maps.google.com/mapfiles/kml/shapes/placemark_circle.png</href>
        </Icon>
      </IconStyle>
    </Style>
    <Point>
      <coordinates>140.149992839092,37.0150606743091,341.710441834747</coordinates>
      <altitudeMode>absolute</altitudeMode>
    </Point>
  </Placemark>

  <Placemark>
    <Style>
      <IconStyle>
        <scale>0.596083262955693</scale>
        <color>FFCC6533</color>
        <Icon>
          <href>http://maps.google.com/mapfiles/kml/shapes/placemark_circle.png</href>
        </Icon>
      </IconStyle>
    </Style>
    <Point>
      <coordinates>140.149992839092,37.0150606743091,341.710441834747</coordinates>
      <altitudeMode>absolute</altitudeMode>
    </Point>
  </Placemark>

  <Placemark>
    <Style>
      <IconStyle>
        <scale>0.648628717501147</scale>
        <color>FFC86E37</color>
        <Icon>
          <href>http://maps.google.com/mapfiles/kml/shapes/placemark_circle.png</href>
        </Icon>
      </IconStyle>
    </Style>
    <Point>
      <coordinates>140.149992350282,37.0150600822635,342.810441869947</coordinates>
      <altitudeMode>absolute</altitudeMode>
    </Point>
  </Placemark>

  <Placemark>
    <Style>
      <IconStyle>
        <scale>0.648628717501147</scale>
        <color>FFC86E37</color>
        <Icon>
          <href>http://maps.google.com/mapfiles/kml/shapes/placemark_circle.png</href>
        </Icon>
      </IconStyle>
    </Style>
    <Point>
      <coordinates>140.149992350282,37.0150600822635,342.810441869947</coordinates>
      <altitudeMode>absolute</altitudeMode>
    </Point>
  </Placemark>

  <Placemark>
    <Style>
      <IconStyle>
        <scale>0.636083262955693</scale>
        <color>FFC96C36</color>
        <Icon>
          <href>http://maps.google.com/mapfiles/kml/shapes/placemark_circle.png</href>
        </Icon>
      </IconStyle>
    </Style>
    <Point>
      <coordinates>140.149992688916,37.0150607443041,343.810441901947</coordinates>
      <altitudeMode>absolute</altitudeMode>
    </Point>
  </Placemark>

  <Placemark>
    <Style>
      <IconStyle>
        <scale>0.636083262955693</scale>
        <color>FFC96C36</color>
        <Icon>
          <href>http://maps.google.com/mapfiles/kml/shapes/placemark_circle.png</href>
        </Icon>
      </IconStyle>
    </Style>
    <Point>
      <coordinates>140.149992688916,37.0150607443041,343.810441901947</coordinates>
      <altitudeMode>absolute</altitudeMode>
    </Point>
  </Placemark>

  <Placemark>
    <Style>
      <IconStyle>
        <scale>0.688083262955693</scale>
        <color>FFC5753A</color>
        <Icon>
          <href>http://maps.google.com/mapfiles/kml/shapes/placemark_circle.png</href>
        </Icon>
      </IconStyle>
    </Style>
    <Point>
      <coordinates>140.149993318155,37.0150610041462,344.610441927547</coordinates>
      <altitudeMode>absolute</altitudeMode>
    </Point>
  </Placemark>

  <Placemark>
    <Style>
      <IconStyle>
        <scale>0.688083262955693</scale>
        <color>FFC5753A</color>
        <Icon>
          <href>http://maps.google.com/mapfiles/kml/shapes/placemark_circle.png</href>
        </Icon>
      </IconStyle>
    </Style>
    <Point>
      <coordinates>140.149993318155,37.0150610041462,344.610441927547</coordinates>
      <altitudeMode>absolute</altitudeMode>
    </Point>
  </Placemark>

  <Placemark>
    <Style>
      <IconStyle>
        <scale>0.659568410926612</scale>
        <color>FFC77038</color>
        <Icon>
          <href>http://maps.google.com/mapfiles/kml/shapes/placemark_circle.png</href>
        </Icon>
      </IconStyle>
    </Style>
    <Point>
      <coordinates>140.149993417908,37.0150614128788,345.410441953147</coordinates>
      <altitudeMode>absolute</altitudeMode>
    </Point>
  </Placemark>

  <Placemark>
    <Style>
      <IconStyle>
        <scale>0.659568410926612</scale>
        <color>FFC77038</color>
        <Icon>
          <href>http://maps.google.com/mapfiles/kml/shapes/placemark_circle.png</href>
        </Icon>
      </IconStyle>
    </Style>
    <Point>
      <coordinates>140.149993417908,37.0150614128788,345.410441953147</coordinates>
      <altitudeMode>absolute</altitudeMode>
    </Point>
  </Placemark>

  <Placemark>
    <Style>
      <IconStyle>
        <scale>0.718363636363636</scale>
        <color>FFC27A3D</color>
        <Icon>
          <href>http://maps.google.com/mapfiles/kml/shapes/placemark_circle.png</href>
        </Icon>
      </IconStyle>
    </Style>
    <Point>
      <coordinates>140.149992755544,37.0150614869793,346.210441978747</coordinates>
      <altitudeMode>absolute</altitudeMode>
    </Point>
  </Placemark>

  <Placemark>
    <Style>
      <IconStyle>
        <scale>0.718363636363636</scale>
        <color>FFC27A3D</color>
        <Icon>
          <href>http://maps.google.com/mapfiles/kml/shapes/placemark_circle.png</href>
        </Icon>
      </IconStyle>
    </Style>
    <Point>
      <coordinates>140.149992755544,37.0150614869793,346.210441978747</coordinates>
      <altitudeMode>absolute</altitudeMode>
    </Point>
  </Placemark>

  <Placemark>
    <Style>
      <IconStyle>
        <scale>0.748909090909091</scale>
        <color>FFBF7F40</color>
        <Icon>
          <href>http://maps.google.com/mapfiles/kml/shapes/placemark_circle.png</href>
        </Icon>
      </IconStyle>
    </Style>
    <Point>
      <coordinates>140.149993258133,37.0150609868632,347.210442010747</coordinates>
      <altitudeMode>absolute</altitudeMode>
    </Point>
  </Placemark>

  <Placemark>
    <Style>
      <IconStyle>
        <scale>0.748909090909091</scale>
        <color>FFBF7F40</color>
        <Icon>
          <href>http://maps.google.com/mapfiles/kml/shapes/placemark_circle.png</href>
        </Icon>
      </IconStyle>
    </Style>
    <Point>
      <coordinates>140.149993258133,37.0150609868632,347.210442010747</coordinates>
      <altitudeMode>absolute</altitudeMode>
    </Point>
  </Placemark>

  <Placemark>
    <Style>
      <IconStyle>
        <scale>0.768909090909091</scale>
        <color>FFBE8341</color>
        <Icon>
          <href>http://maps.google.com/mapfiles/kml/shapes/placemark_circle.png</href>
        </Icon>
      </IconStyle>
    </Style>
    <Point>
      <coordinates>140.149993347219,37.015061499827,348.010442036347</coordinates>
      <altitudeMode>absolute</altitudeMode>
    </Point>
  </Placemark>

  <Placemark>
    <Style>
      <IconStyle>
        <scale>0.768909090909091</scale>
        <color>FFBE8341</color>
        <Icon>
          <href>http://maps.google.com/mapfiles/kml/shapes/placemark_circle.png</href>
        </Icon>
      </IconStyle>
    </Style>
    <Point>
      <coordinates>140.149993347219,37.015061499827,348.010442036347</coordinates>
      <altitudeMode>absolute</altitudeMode>
    </Point>
  </Placemark>

  <Placemark>
    <Style>
      <IconStyle>
        <scale>0.682181818181818</scale>
        <color>FFC5743A</color>
        <Icon>
          <href>http://maps.google.com/mapfiles/kml/shapes/placemark_circle.png</href>
        </Icon>
      </IconStyle>
    </Style>
    <Point>
      <coordinates>140.1499939747,37.015061891463,348.910442065147</coordinates>
      <altitudeMode>absolute</altitudeMode>
    </Point>
  </Placemark>

  <Placemark>
    <Style>
      <IconStyle>
        <scale>0.682181818181818</scale>
        <color>FFC5743A</color>
        <Icon>
          <href>http://maps.google.com/mapfiles/kml/shapes/placemark_circle.png</href>
        </Icon>
      </IconStyle>
    </Style>
    <Point>
      <coordinates>140.1499939747,37.015061891463,348.910442065147</coordinates>
      <altitudeMode>absolute</altitudeMode>
    </Point>
  </Placemark>

  <Placemark>
    <Style>
      <IconStyle>
        <scale>0.639636363636364</scale>
        <color>FFC96D36</color>
        <Icon>
          <href>http://maps.google.com/mapfiles/kml/shapes/placemark_circle.png</href>
        </Icon>
      </IconStyle>
    </Style>
    <Point>
      <coordinates>140.149994374617,37.0150615623455,349.910442097147</coordinates>
      <altitudeMode>absolute</altitudeMode>
    </Point>
  </Placemark>

  <Placemark>
    <Style>
      <IconStyle>
        <scale>0.639636363636364</scale>
        <color>FFC96D36</color>
        <Icon>
          <href>http://maps.google.com/mapfiles/kml/shapes/placemark_circle.png</href>
        </Icon>
      </IconStyle>
    </Style>
    <Point>
      <coordinates>140.149994374617,37.0150615623455,349.910442097147</coordinates>
      <altitudeMode>absolute</altitudeMode>
    </Point>
  </Placemark>

  <Placemark>
    <Style>
      <IconStyle>
        <scale>0.580727272727273</scale>
        <color>FFCE6331</color>
        <Icon>
          <href>http://maps.google.com/mapfiles/kml/shapes/placemark_circle.png</href>
        </Icon>
      </IconStyle>
    </Style>
    <Point>
      <coordinates>140.149994636741,37.0150617214816,351.210442138747</coordinates>
      <altitudeMode>absolute</altitudeMode>
    </Point>
  </Placemark>

  <Placemark>
    <Style>
      <IconStyle>
        <scale>0.580727272727273</scale>
        <color>FFCE6331</color>
        <Icon>
          <href>http://maps.google.com/mapfiles/kml/shapes/placemark_circle.png</href>
        </Icon>
      </IconStyle>
    </Style>
    <Point>
      <coordinates>140.149994636741,37.0150617214816,351.210442138747</coordinates>
      <altitudeMode>absolute</altitudeMode>
    </Point>
  </Placemark>

  <Placemark>
    <Style>
      <IconStyle>
        <scale>0.503636363636364</scale>
        <color>FFD4562B</color>
        <Icon>
          <href>http://maps.google.com/mapfiles/kml/shapes/placemark_circle.png</href>
        </Icon>
      </IconStyle>
    </Style>
    <Point>
      <coordinates>140.149993996025,37.0150620357126,352.510442180347</coordinates>
      <altitudeMode>absolute</altitudeMode>
    </Point>
  </Placemark>

  <Placemark>
    <Style>
      <IconStyle>
        <scale>0.503636363636364</scale>
        <color>FFD4562B</color>
        <Icon>
          <href>http://maps.google.com/mapfiles/kml/shapes/placemark_circle.png</href>
        </Icon>
      </IconStyle>
    </Style>
    <Point>
      <coordinates>140.149993996025,37.0150620357126,352.510442180347</coordinates>
      <altitudeMode>absolute</altitudeMode>
    </Point>
  </Placemark>

  <Placemark>
    <Style>
      <IconStyle>
        <scale>0.485636363636364</scale>
        <color>FFD65329</color>
        <Icon>
          <href>http://maps.google.com/mapfiles/kml/shapes/placemark_circle.png</href>
        </Icon>
      </IconStyle>
    </Style>
    <Point>
      <coordinates>140.149993930888,37.0150629687875,352.610442183547</coordinates>
      <altitudeMode>absolute</altitudeMode>
    </Point>
  </Placemark>

  <Placemark>
    <Style>
      <IconStyle>
        <scale>0.485636363636364</scale>
        <color>FFD65329</color>
        <Icon>
          <href>http://maps.google.com/mapfiles/kml/shapes/placemark_circle.png</href>
        </Icon>
      </IconStyle>
    </Style>
    <Point>
      <coordinates>140.149993930888,37.0150629687875,352.610442183547</coordinates>
      <altitudeMode>absolute</altitudeMode>
    </Point>
  </Placemark>

  <Placemark>
    <Style>
      <IconStyle>
        <scale>0.480909090909091</scale>
        <color>FFD65229</color>
        <Icon>
          <href>http://maps.google.com/mapfiles/kml/shapes/placemark_circle.png</href>
        </Icon>
      </IconStyle>
    </Style>
    <Point>
      <coordinates>140.149994635292,37.0150635682475,353.510442212347</coordinates>
      <altitudeMode>absolute</altitudeMode>
    </Point>
  </Placemark>

  <Placemark>
    <Style>
      <IconStyle>
        <scale>0.480909090909091</scale>
        <color>FFD65229</color>
        <Icon>
          <href>http://maps.google.com/mapfiles/kml/shapes/placemark_circle.png</href>
        </Icon>
      </IconStyle>
    </Style>
    <Point>
      <coordinates>140.149994635292,37.0150635682475,353.510442212347</coordinates>
      <altitudeMode>absolute</altitudeMode>
    </Point>
  </Placemark>

  <Placemark>
    <Style>
      <IconStyle>
        <scale>0.418181818181819</scale>
        <color>FFDB4724</color>
        <Icon>
          <href>http://maps.google.com/mapfiles/kml/shapes/placemark_circle.png</href>
        </Icon>
      </IconStyle>
    </Style>
    <Point>
      <coordinates>140.149995481396,37.0150630451045,354.610442247547</coordinates>
      <altitudeMode>absolute</altitudeMode>
    </Point>
  </Placemark>

  <Placemark>
    <Style>
      <IconStyle>
        <scale>0.418181818181819</scale>
        <color>FFDB4724</color>
        <Icon>
          <href>http://maps.google.com/mapfiles/kml/shapes/placemark_circle.png</href>
        </Icon>
      </IconStyle>
    </Style>
    <Point>
      <coordinates>140.149995481396,37.0150630451045,354.610442247547</coordinates>
      <altitudeMode>absolute</altitudeMode>
    </Point>
  </Placemark>

  <Placemark>
    <Style>
      <IconStyle>
        <scale>0.446363636363637</scale>
        <color>FFD94C26</color>
        <Icon>
          <href>http://maps.google.com/mapfiles/kml/shapes/placemark_circle.png</href>
        </Icon>
      </IconStyle>
    </Style>
    <Point>
      <coordinates>140.14999565392,37.0150626790182,355.710442282747</coordinates>
      <altitudeMode>absolute</altitudeMode>
    </Point>
  </Placemark>

  <Placemark>
    <Style>
      <IconStyle>
        <scale>0.446363636363637</scale>
        <color>FFD94C26</color>
        <Icon>
          <href>http://maps.google.com/mapfiles/kml/shapes/placemark_circle.png</href>
        </Icon>
      </IconStyle>
    </Style>
    <Point>
      <coordinates>140.14999565392,37.0150626790182,355.710442282747</coordinates>
      <altitudeMode>absolute</altitudeMode>
    </Point>
  </Placemark>

  <Placemark>
    <Style>
      <IconStyle>
        <scale>0.389818181818182</scale>
        <color>FFDE4221</color>
        <Icon>
          <href>http://maps.google.com/mapfiles/kml/shapes/placemark_circle.png</href>
        </Icon>
      </IconStyle>
    </Style>
    <Point>
      <coordinates>140.149995810799,37.0150635183367,356.910442321147</coordinates>
      <altitudeMode>absolute</altitudeMode>
    </Point>
  </Placemark>

  <Placemark>
    <Style>
      <IconStyle>
        <scale>0.389818181818182</scale>
        <color>FFDE4221</color>
        <Icon>
          <href>http://maps.google.com/mapfiles/kml/shapes/placemark_circle.png</href>
        </Icon>
      </IconStyle>
    </Style>
    <Point>
      <coordinates>140.149995810799,37.0150635183367,356.910442321147</coordinates>
      <altitudeMode>absolute</altitudeMode>
    </Point>
  </Placemark>

  <Placemark>
    <Style>
      <IconStyle>
        <scale>0.376727272727273</scale>
        <color>FFDF4020</color>
        <Icon>
          <href>http://maps.google.com/mapfiles/kml/shapes/placemark_circle.png</href>
        </Icon>
      </IconStyle>
    </Style>
    <Point>
      <coordinates>140.149996458247,37.0150632976672,357.910442353147</coordinates>
      <altitudeMode>absolute</altitudeMode>
    </Point>
  </Placemark>

  <Placemark>
    <Style>
      <IconStyle>
        <scale>0.376727272727273</scale>
        <color>FFDF4020</color>
        <Icon>
          <href>http://maps.google.com/mapfiles/kml/shapes/placemark_circle.png</href>
        </Icon>
      </IconStyle>
    </Style>
    <Point>
      <coordinates>140.149996458247,37.0150632976672,357.910442353147</coordinates>
      <altitudeMode>absolute</altitudeMode>
    </Point>
  </Placemark>

  <Placemark>
    <Style>
      <IconStyle>
        <scale>0.424909090909091</scale>
        <color>FFDB4824</color>
        <Icon>
          <href>http://maps.google.com/mapfiles/kml/shapes/placemark_circle.png</href>
        </Icon>
      </IconStyle>
    </Style>
    <Point>
      <coordinates>140.149996008614,37.0150634376165,359.110442391547</coordinates>
      <altitudeMode>absolute</altitudeMode>
    </Point>
  </Placemark>

  <Placemark>
    <Style>
      <IconStyle>
        <scale>0.424909090909091</scale>
        <color>FFDB4824</color>
        <Icon>
          <href>http://maps.google.com/mapfiles/kml/shapes/placemark_circle.png</href>
        </Icon>
      </IconStyle>
    </Style>
    <Point>
      <coordinates>140.149996008614,37.0150634376165,359.110442391547</coordinates>
      <altitudeMode>absolute</altitudeMode>
    </Point>
  </Placemark>

  <Placemark>
    <Style>
      <IconStyle>
        <scale>0.46</scale>
        <color>FFD84E27</color>
        <Icon>
          <href>http://maps.google.com/mapfiles/kml/shapes/placemark_circle.png</href>
        </Icon>
      </IconStyle>
    </Style>
    <Point>
      <coordinates>140.149997053121,37.0150625481002,360.210442426747</coordinates>
      <altitudeMode>absolute</altitudeMode>
    </Point>
  </Placemark>

  <Placemark>
    <Style>
      <IconStyle>
        <scale>0.46</scale>
        <color>FFD84E27</color>
        <Icon>
          <href>http://maps.google.com/mapfiles/kml/shapes/placemark_circle.png</href>
        </Icon>
      </IconStyle>
    </Style>
    <Point>
      <coordinates>140.149997053121,37.0150625481002,360.210442426747</coordinates>
      <altitudeMode>absolute</altitudeMode>
    </Point>
  </Placemark>

  <Placemark>
    <Style>
      <IconStyle>
        <scale>0.492</scale>
        <color>FFD5542A</color>
        <Icon>
          <href>http://maps.google.com/mapfiles/kml/shapes/placemark_circle.png</href>
        </Icon>
      </IconStyle>
    </Style>
    <Point>
      <coordinates>140.149997469064,37.0150625251205,361.210442458747</coordinates>
      <altitudeMode>absolute</altitudeMode>
    </Point>
  </Placemark>

  <Placemark>
    <Style>
      <IconStyle>
        <scale>0.492</scale>
        <color>FFD5542A</color>
        <Icon>
          <href>http://maps.google.com/mapfiles/kml/shapes/placemark_circle.png</href>
        </Icon>
      </IconStyle>
    </Style>
    <Point>
      <coordinates>140.149997469064,37.0150625251205,361.210442458747</coordinates>
      <altitudeMode>absolute</altitudeMode>
    </Point>
  </Placemark>

  <Placemark>
    <Style>
      <IconStyle>
        <scale>0.505454545454545</scale>
        <color>FFD4562B</color>
        <Icon>
          <href>http://maps.google.com/mapfiles/kml/shapes/placemark_circle.png</href>
        </Icon>
      </IconStyle>
    </Style>
    <Point>
      <coordinates>140.149996851348,37.0150623689441,362.310442493947</coordinates>
      <altitudeMode>absolute</altitudeMode>
    </Point>
  </Placemark>

  <Placemark>
    <Style>
      <IconStyle>
        <scale>0.505454545454545</scale>
        <color>FFD4562B</color>
        <Icon>
          <href>http://maps.google.com/mapfiles/kml/shapes/placemark_circle.png</href>
        </Icon>
      </IconStyle>
    </Style>
    <Point>
      <coordinates>140.149996851348,37.0150623689441,362.310442493947</coordinates>
      <altitudeMode>absolute</altitudeMode>
    </Point>
  </Placemark>

  <Placemark>
    <Style>
      <IconStyle>
        <scale>0.474727272727273</scale>
        <color>FFD75128</color>
        <Icon>
          <href>http://maps.google.com/mapfiles/kml/shapes/placemark_circle.png</href>
        </Icon>
      </IconStyle>
    </Style>
    <Point>
      <coordinates>140.149997155716,37.0150627047028,363.210442522747</coordinates>
      <altitudeMode>absolute</altitudeMode>
    </Point>
  </Placemark>

  <Placemark>
    <Style>
      <IconStyle>
        <scale>0.474727272727273</scale>
        <color>FFD75128</color>
        <Icon>
          <href>http://maps.google.com/mapfiles/kml/shapes/placemark_circle.png</href>
        </Icon>
      </IconStyle>
    </Style>
    <Point>
      <coordinates>140.149997155716,37.0150627047028,363.210442522747</coordinates>
      <altitudeMode>absolute</altitudeMode>
    </Point>
  </Placemark>

  <Placemark>
    <Style>
      <IconStyle>
        <scale>0.429272727272728</scale>
        <color>FFDB4924</color>
        <Icon>
          <href>http://maps.google.com/mapfiles/kml/shapes/placemark_circle.png</href>
        </Icon>
      </IconStyle>
    </Style>
    <Point>
      <coordinates>140.149997780863,37.015062008773,364.310442557947</coordinates>
      <altitudeMode>absolute</altitudeMode>
    </Point>
  </Placemark>

  <Placemark>
    <Style>
      <IconStyle>
        <scale>0.429272727272728</scale>
        <color>FFDB4924</color>
        <Icon>
          <href>http://maps.google.com/mapfiles/kml/shapes/placemark_circle.png</href>
        </Icon>
      </IconStyle>
    </Style>
    <Point>
      <coordinates>140.149997780863,37.015062008773,364.310442557947</coordinates>
      <altitudeMode>absolute</altitudeMode>
    </Point>
  </Placemark>

  <Placemark>
    <Style>
      <IconStyle>
        <scale>0.431636363636364</scale>
        <color>FFDA4925</color>
        <Icon>
          <href>http://maps.google.com/mapfiles/kml/shapes/placemark_circle.png</href>
        </Icon>
      </IconStyle>
    </Style>
    <Point>
      <coordinates>140.149997638532,37.0150622166184,365.310442589947</coordinates>
      <altitudeMode>absolute</altitudeMode>
    </Point>
  </Placemark>

  <Placemark>
    <Style>
      <IconStyle>
        <scale>0.431636363636364</scale>
        <color>FFDA4925</color>
        <Icon>
          <href>http://maps.google.com/mapfiles/kml/shapes/placemark_circle.png</href>
        </Icon>
      </IconStyle>
    </Style>
    <Point>
      <coordinates>140.149997638532,37.0150622166184,365.310442589947</coordinates>
      <altitudeMode>absolute</altitudeMode>
    </Point>
  </Placemark>

  <Placemark>
    <Style>
      <IconStyle>
        <scale>0.507272727272727</scale>
        <color>FFD4562B</color>
        <Icon>
          <href>http://maps.google.com/mapfiles/kml/shapes/placemark_circle.png</href>
        </Icon>
      </IconStyle>
    </Style>
    <Point>
      <coordinates>140.149997816819,37.0150623830232,366.210442618747</coordinates>
      <altitudeMode>absolute</altitudeMode>
    </Point>
  </Placemark>

  <Placemark>
    <Style>
      <IconStyle>
        <scale>0.507272727272727</scale>
        <color>FFD4562B</color>
        <Icon>
          <href>http://maps.google.com/mapfiles/kml/shapes/placemark_circle.png</href>
        </Icon>
      </IconStyle>
    </Style>
    <Point>
      <coordinates>140.149997816819,37.0150623830232,366.210442618747</coordinates>
      <altitudeMode>absolute</altitudeMode>
    </Point>
  </Placemark>

  <Placemark>
    <Style>
      <IconStyle>
        <scale>0.453272727272727</scale>
        <color>FFD84D27</color>
        <Icon>
          <href>http://maps.google.com/mapfiles/kml/shapes/placemark_circle.png</href>
        </Icon>
      </IconStyle>
    </Style>
    <Point>
      <coordinates>140.149998497442,37.0150620198838,367.010442644347</coordinates>
      <altitudeMode>absolute</altitudeMode>
    </Point>
  </Placemark>

  <Placemark>
    <Style>
      <IconStyle>
        <scale>0.453272727272727</scale>
        <color>FFD84D27</color>
        <Icon>
          <href>http://maps.google.com/mapfiles/kml/shapes/placemark_circle.png</href>
        </Icon>
      </IconStyle>
    </Style>
    <Point>
      <coordinates>140.149998497442,37.0150620198838,367.010442644347</coordinates>
      <altitudeMode>absolute</altitudeMode>
    </Point>
  </Placemark>

  <Placemark>
    <Style>
      <IconStyle>
        <scale>0.456545454545455</scale>
        <color>FFD84E27</color>
        <Icon>
          <href>http://maps.google.com/mapfiles/kml/shapes/placemark_circle.png</href>
        </Icon>
      </IconStyle>
    </Style>
    <Point>
      <coordinates>140.149998276301,37.0150616686518,367.810442669947</coordinates>
      <altitudeMode>absolute</altitudeMode>
    </Point>
  </Placemark>

  <Placemark>
    <Style>
      <IconStyle>
        <scale>0.456545454545455</scale>
        <color>FFD84E27</color>
        <Icon>
          <href>http://maps.google.com/mapfiles/kml/shapes/placemark_circle.png</href>
        </Icon>
      </IconStyle>
    </Style>
    <Point>
      <coordinates>140.149998276301,37.0150616686518,367.810442669947</coordinates>
      <altitudeMode>absolute</altitudeMode>
    </Point>
  </Placemark>

  <Placemark>
    <Style>
      <IconStyle>
        <scale>0.409818181818182</scale>
        <color>FFDC4623</color>
        <Icon>
          <href>http://maps.google.com/mapfiles/kml/shapes/placemark_circle.png</href>
        </Icon>
      </IconStyle>
    </Style>
    <Point>
      <coordinates>140.149998264024,37.0150615741566,368.810442701947</coordinates>
      <altitudeMode>absolute</altitudeMode>
    </Point>
  </Placemark>

  <Placemark>
    <Style>
      <IconStyle>
        <scale>0.409818181818182</scale>
        <color>FFDC4623</color>
        <Icon>
          <href>http://maps.google.com/mapfiles/kml/shapes/placemark_circle.png</href>
        </Icon>
      </IconStyle>
    </Style>
    <Point>
      <coordinates>140.149998264024,37.0150615741566,368.810442701947</coordinates>
      <altitudeMode>absolute</altitudeMode>
    </Point>
  </Placemark>

  <Placemark>
    <Style>
      <IconStyle>
        <scale>0.320727272727273</scale>
        <color>FFE4371B</color>
        <Icon>
          <href>http://maps.google.com/mapfiles/kml/shapes/placemark_circle.png</href>
        </Icon>
      </IconStyle>
    </Style>
    <Point>
      <coordinates>140.149998410144,37.0150618740151,369.910442737147</coordinates>
      <altitudeMode>absolute</altitudeMode>
    </Point>
  </Placemark>

  <Placemark>
    <Style>
      <IconStyle>
        <scale>0.320727272727273</scale>
        <color>FFE4371B</color>
        <Icon>
          <href>http://maps.google.com/mapfiles/kml/shapes/placemark_circle.png</href>
        </Icon>
      </IconStyle>
    </Style>
    <Point>
      <coordinates>140.149998410144,37.0150618740151,369.910442737147</coordinates>
      <altitudeMode>absolute</altitudeMode>
    </Point>
  </Placemark>

  <Placemark>
    <Style>
      <IconStyle>
        <scale>0.326363636363637</scale>
        <color>FFE3371C</color>
        <Icon>
          <href>http://maps.google.com/mapfiles/kml/shapes/placemark_circle.png</href>
        </Icon>
      </IconStyle>
    </Style>
    <Point>
      <coordinates>140.149998641898,37.0150620556362,371.510442788347</coordinates>
      <altitudeMode>absolute</altitudeMode>
    </Point>
  </Placemark>

  <Placemark>
    <Style>
      <IconStyle>
        <scale>0.326363636363637</scale>
        <color>FFE3371C</color>
        <Icon>
          <href>http://maps.google.com/mapfiles/kml/shapes/placemark_circle.png</href>
        </Icon>
      </IconStyle>
    </Style>
    <Point>
      <coordinates>140.149998641898,37.0150620556362,371.510442788347</coordinates>
      <altitudeMode>absolute</altitudeMode>
    </Point>
  </Placemark>

  <Placemark>
    <Style>
      <IconStyle>
        <scale>0.294727272727273</scale>
        <color>FFE63219</color>
        <Icon>
          <href>http://maps.google.com/mapfiles/kml/shapes/placemark_circle.png</href>
        </Icon>
      </IconStyle>
    </Style>
    <Point>
      <coordinates>140.149998696302,37.0150617386168,372.710442826747</coordinates>
      <altitudeMode>absolute</altitudeMode>
    </Point>
  </Placemark>

  <Placemark>
    <Style>
      <IconStyle>
        <scale>0.294727272727273</scale>
        <color>FFE63219</color>
        <Icon>
          <href>http://maps.google.com/mapfiles/kml/shapes/placemark_circle.png</href>
        </Icon>
      </IconStyle>
    </Style>
    <Point>
      <coordinates>140.149998696302,37.0150617386168,372.710442826747</coordinates>
      <altitudeMode>absolute</altitudeMode>
    </Point>
  </Placemark>

  <Placemark>
    <Style>
      <IconStyle>
        <scale>0.268181818181818</scale>
        <color>FFE82E17</color>
        <Icon>
          <href>http://maps.google.com/mapfiles/kml/shapes/placemark_circle.png</href>
        </Icon>
      </IconStyle>
    </Style>
    <Point>
      <coordinates>140.149999435399,37.0150617545313,374.010442868347</coordinates>
      <altitudeMode>absolute</altitudeMode>
    </Point>
  </Placemark>

  <Placemark>
    <Style>
      <IconStyle>
        <scale>0.268181818181818</scale>
        <color>FFE82E17</color>
        <Icon>
          <href>http://maps.google.com/mapfiles/kml/shapes/placemark_circle.png</href>
        </Icon>
      </IconStyle>
    </Style>
    <Point>
      <coordinates>140.149999435399,37.0150617545313,374.010442868347</coordinates>
      <altitudeMode>absolute</altitudeMode>
    </Point>
  </Placemark>

  <Placemark>
    <Style>
      <IconStyle>
        <scale>0.247818181818182</scale>
        <color>FFEA2A15</color>
        <Icon>
          <href>http://maps.google.com/mapfiles/kml/shapes/placemark_circle.png</href>
        </Icon>
      </IconStyle>
    </Style>
    <Point>
      <coordinates>140.149999223177,37.0150615456322,374.810442893947</coordinates>
      <altitudeMode>absolute</altitudeMode>
    </Point>
  </Placemark>

  <Placemark>
    <Style>
      <IconStyle>
        <scale>0.247818181818182</scale>
        <color>FFEA2A15</color>
        <Icon>
          <href>http://maps.google.com/mapfiles/kml/shapes/placemark_circle.png</href>
        </Icon>
      </IconStyle>
    </Style>
    <Point>
      <coordinates>140.149999223177,37.0150615456322,374.810442893947</coordinates>
      <altitudeMode>absolute</altitudeMode>
    </Point>
  </Placemark>

  <Placemark>
    <Style>
      <IconStyle>
        <scale>0.262</scale>
        <color>FFE92D16</color>
        <Icon>
          <href>http://maps.google.com/mapfiles/kml/shapes/placemark_circle.png</href>
        </Icon>
      </IconStyle>
    </Style>
    <Point>
      <coordinates>140.149999013088,37.0150613229496,375.910442929147</coordinates>
      <altitudeMode>absolute</altitudeMode>
    </Point>
  </Placemark>

  <Placemark>
    <Style>
      <IconStyle>
        <scale>0.262</scale>
        <color>FFE92D16</color>
        <Icon>
          <href>http://maps.google.com/mapfiles/kml/shapes/placemark_circle.png</href>
        </Icon>
      </IconStyle>
    </Style>
    <Point>
      <coordinates>140.149999013088,37.0150613229496,375.910442929147</coordinates>
      <altitudeMode>absolute</altitudeMode>
    </Point>
  </Placemark>

  <Placemark>
    <Style>
      <IconStyle>
        <scale>0.343636363636364</scale>
        <color>FFE23A1D</color>
        <Icon>
          <href>http://maps.google.com/mapfiles/kml/shapes/placemark_circle.png</href>
        </Icon>
      </IconStyle>
    </Style>
    <Point>
      <coordinates>140.149999581026,37.0150612701819,377.810442989947</coordinates>
      <altitudeMode>absolute</altitudeMode>
    </Point>
  </Placemark>

  <Placemark>
    <Style>
      <IconStyle>
        <scale>0.343636363636364</scale>
        <color>FFE23A1D</color>
        <Icon>
          <href>http://maps.google.com/mapfiles/kml/shapes/placemark_circle.png</href>
        </Icon>
      </IconStyle>
    </Style>
    <Point>
      <coordinates>140.149999581026,37.0150612701819,377.810442989947</coordinates>
      <altitudeMode>absolute</altitudeMode>
    </Point>
  </Placemark>

  <Placemark>
    <Style>
      <IconStyle>
        <scale>0.278909090909091</scale>
        <color>FFE72F18</color>
        <Icon>
          <href>http://maps.google.com/mapfiles/kml/shapes/placemark_circle.png</href>
        </Icon>
      </IconStyle>
    </Style>
    <Point>
      <coordinates>140.14999987989,37.0150610760493,379.010443028347</coordinates>
      <altitudeMode>absolute</altitudeMode>
    </Point>
  </Placemark>

  <Placemark>
    <Style>
      <IconStyle>
        <scale>0.278909090909091</scale>
        <color>FFE72F18</color>
        <Icon>
          <href>http://maps.google.com/mapfiles/kml/shapes/placemark_circle.png</href>
        </Icon>
      </IconStyle>
    </Style>
    <Point>
      <coordinates>140.14999987989,37.0150610760493,379.010443028347</coordinates>
      <altitudeMode>absolute</altitudeMode>
    </Point>
  </Placemark>

  <Placemark>
    <Style>
      <IconStyle>
        <scale>0.320181818181818</scale>
        <color>FFE4361B</color>
        <Icon>
          <href>http://maps.google.com/mapfiles/kml/shapes/placemark_circle.png</href>
        </Icon>
      </IconStyle>
    </Style>
    <Point>
      <coordinates>140.150000003965,37.0150612775705,379.710443050747</coordinates>
      <altitudeMode>absolute</altitudeMode>
    </Point>
  </Placemark>

  <Placemark>
    <Style>
      <IconStyle>
        <scale>0.320181818181818</scale>
        <color>FFE4361B</color>
        <Icon>
          <href>http://maps.google.com/mapfiles/kml/shapes/placemark_circle.png</href>
        </Icon>
      </IconStyle>
    </Style>
    <Point>
      <coordinates>140.150000003965,37.0150612775705,379.710443050747</coordinates>
      <altitudeMode>absolute</altitudeMode>
    </Point>
  </Placemark>

  <Placemark>
    <Style>
      <IconStyle>
        <scale>0.267636363636364</scale>
        <color>FFE82D17</color>
        <Icon>
          <href>http://maps.google.com/mapfiles/kml/shapes/placemark_circle.png</href>
        </Icon>
      </IconStyle>
    </Style>
    <Point>
      <coordinates>140.149999654016,37.0150611706838,380.710443082747</coordinates>
      <altitudeMode>absolute</altitudeMode>
    </Point>
  </Placemark>

  <Placemark>
    <Style>
      <IconStyle>
        <scale>0.267636363636364</scale>
        <color>FFE82D17</color>
        <Icon>
          <href>http://maps.google.com/mapfiles/kml/shapes/placemark_circle.png</href>
        </Icon>
      </IconStyle>
    </Style>
    <Point>
      <coordinates>140.149999654016,37.0150611706838,380.710443082747</coordinates>
      <altitudeMode>absolute</altitudeMode>
    </Point>
  </Placemark>

  <Placemark>
    <Style>
      <IconStyle>
        <scale>0.271454545454546</scale>
        <color>FFE82E17</color>
        <Icon>
          <href>http://maps.google.com/mapfiles/kml/shapes/placemark_circle.png</href>
        </Icon>
      </IconStyle>
    </Style>
    <Point>
      <coordinates>140.150000352299,37.0150613771907,381.010443092347</coordinates>
      <altitudeMode>absolute</altitudeMode>
    </Point>
  </Placemark>

  <Placemark>
    <Style>
      <IconStyle>
        <scale>0.271454545454546</scale>
        <color>FFE82E17</color>
        <Icon>
          <href>http://maps.google.com/mapfiles/kml/shapes/placemark_circle.png</href>
        </Icon>
      </IconStyle>
    </Style>
    <Point>
      <coordinates>140.150000352299,37.0150613771907,381.010443092347</coordinates>
      <altitudeMode>absolute</altitudeMode>
    </Point>
  </Placemark>

  <Placemark>
    <Style>
      <IconStyle>
        <scale>0.305636363636364</scale>
        <color>FFE5341A</color>
        <Icon>
          <href>http://maps.google.com/mapfiles/kml/shapes/placemark_circle.png</href>
        </Icon>
      </IconStyle>
    </Style>
    <Point>
      <coordinates>140.150000578195,37.015061559283,382.110443127547</coordinates>
      <altitudeMode>absolute</altitudeMode>
    </Point>
  </Placemark>

  <Placemark>
    <Style>
      <IconStyle>
        <scale>0.305636363636364</scale>
        <color>FFE5341A</color>
        <Icon>
          <href>http://maps.google.com/mapfiles/kml/shapes/placemark_circle.png</href>
        </Icon>
      </IconStyle>
    </Style>
    <Point>
      <coordinates>140.150000578195,37.015061559283,382.110443127547</coordinates>
      <altitudeMode>absolute</altitudeMode>
    </Point>
  </Placemark>

  <Placemark>
    <Style>
      <IconStyle>
        <scale>0.28509090909091</scale>
        <color>FFE73018</color>
        <Icon>
          <href>http://maps.google.com/mapfiles/kml/shapes/placemark_circle.png</href>
        </Icon>
      </IconStyle>
    </Style>
    <Point>
      <coordinates>140.150000636067,37.0150611111935,383.210443162747</coordinates>
      <altitudeMode>absolute</altitudeMode>
    </Point>
  </Placemark>

  <Placemark>
    <Style>
      <IconStyle>
        <scale>0.28509090909091</scale>
        <color>FFE73018</color>
        <Icon>
          <href>http://maps.google.com/mapfiles/kml/shapes/placemark_circle.png</href>
        </Icon>
      </IconStyle>
    </Style>
    <Point>
      <coordinates>140.150000636067,37.0150611111935,383.210443162747</coordinates>
      <altitudeMode>absolute</altitudeMode>
    </Point>
  </Placemark>

  <Placemark>
    <Style>
      <IconStyle>
        <scale>0.299636363636364</scale>
        <color>FFE63319</color>
        <Icon>
          <href>http://maps.google.com/mapfiles/kml/shapes/placemark_circle.png</href>
        </Icon>
      </IconStyle>
    </Style>
    <Point>
      <coordinates>140.150000787968,37.0150612840554,384.410443201147</coordinates>
      <altitudeMode>absolute</altitudeMode>
    </Point>
  </Placemark>

  <Placemark>
    <Style>
      <IconStyle>
        <scale>0.299636363636364</scale>
        <color>FFE63319</color>
        <Icon>
          <href>http://maps.google.com/mapfiles/kml/shapes/placemark_circle.png</href>
        </Icon>
      </IconStyle>
    </Style>
    <Point>
      <coordinates>140.150000787968,37.0150612840554,384.410443201147</coordinates>
      <altitudeMode>absolute</altitudeMode>
    </Point>
  </Placemark>

  <Placemark>
    <Style>
      <IconStyle>
        <scale>0.307636363636364</scale>
        <color>FFE5341A</color>
        <Icon>
          <href>http://maps.google.com/mapfiles/kml/shapes/placemark_circle.png</href>
        </Icon>
      </IconStyle>
    </Style>
    <Point>
      <coordinates>140.150000872419,37.0150618129743,386.010443252347</coordinates>
      <altitudeMode>absolute</altitudeMode>
    </Point>
  </Placemark>

  <Placemark>
    <Style>
      <IconStyle>
        <scale>0.307636363636364</scale>
        <color>FFE5341A</color>
        <Icon>
          <href>http://maps.google.com/mapfiles/kml/shapes/placemark_circle.png</href>
        </Icon>
      </IconStyle>
    </Style>
    <Point>
      <coordinates>140.150000872419,37.0150618129743,386.010443252347</coordinates>
      <altitudeMode>absolute</altitudeMode>
    </Point>
  </Placemark>

  <Placemark>
    <Style>
      <IconStyle>
        <scale>0.312</scale>
        <color>FFE4351B</color>
        <Icon>
          <href>http://maps.google.com/mapfiles/kml/shapes/placemark_circle.png</href>
        </Icon>
      </IconStyle>
    </Style>
    <Point>
      <coordinates>140.150000329474,37.0150618569891,387.310443293947</coordinates>
      <altitudeMode>absolute</altitudeMode>
    </Point>
  </Placemark>

  <Placemark>
    <Style>
      <IconStyle>
        <scale>0.312</scale>
        <color>FFE4351B</color>
        <Icon>
          <href>http://maps.google.com/mapfiles/kml/shapes/placemark_circle.png</href>
        </Icon>
      </IconStyle>
    </Style>
    <Point>
      <coordinates>140.150000329474,37.0150618569891,387.310443293947</coordinates>
      <altitudeMode>absolute</altitudeMode>
    </Point>
  </Placemark>

  <Placemark>
    <Style>
      <IconStyle>
        <scale>0.446181818181819</scale>
        <color>FFD94C26</color>
        <Icon>
          <href>http://maps.google.com/mapfiles/kml/shapes/placemark_circle.png</href>
        </Icon>
      </IconStyle>
    </Style>
    <Point>
      <coordinates>140.150000080256,37.0150617196869,388.510443332347</coordinates>
      <altitudeMode>absolute</altitudeMode>
    </Point>
  </Placemark>

  <Placemark>
    <Style>
      <IconStyle>
        <scale>0.446181818181819</scale>
        <color>FFD94C26</color>
        <Icon>
          <href>http://maps.google.com/mapfiles/kml/shapes/placemark_circle.png</href>
        </Icon>
      </IconStyle>
    </Style>
    <Point>
      <coordinates>140.150000080256,37.0150617196869,388.510443332347</coordinates>
      <altitudeMode>absolute</altitudeMode>
    </Point>
  </Placemark>

  <Placemark>
    <Style>
      <IconStyle>
        <scale>0.357818181818182</scale>
        <color>FFE13D1E</color>
        <Icon>
          <href>http://maps.google.com/mapfiles/kml/shapes/placemark_circle.png</href>
        </Icon>
      </IconStyle>
    </Style>
    <Point>
      <coordinates>140.149999507484,37.015062214586,389.010443348347</coordinates>
      <altitudeMode>absolute</altitudeMode>
    </Point>
  </Placemark>

  <Placemark>
    <Style>
      <IconStyle>
        <scale>0.357818181818182</scale>
        <color>FFE13D1E</color>
        <Icon>
          <href>http://maps.google.com/mapfiles/kml/shapes/placemark_circle.png</href>
        </Icon>
      </IconStyle>
    </Style>
    <Point>
      <coordinates>140.149999507484,37.015062214586,389.010443348347</coordinates>
      <altitudeMode>absolute</altitudeMode>
    </Point>
  </Placemark>

  <Placemark>
    <Style>
      <IconStyle>
        <scale>0.370363636363637</scale>
        <color>FFE03F1F</color>
        <Icon>
          <href>http://maps.google.com/mapfiles/kml/shapes/placemark_circle.png</href>
        </Icon>
      </IconStyle>
    </Style>
    <Point>
      <coordinates>140.149999604102,37.0150622817626,389.810443373947</coordinates>
      <altitudeMode>absolute</altitudeMode>
    </Point>
  </Placemark>

  <Placemark>
    <Style>
      <IconStyle>
        <scale>0.370363636363637</scale>
        <color>FFE03F1F</color>
        <Icon>
          <href>http://maps.google.com/mapfiles/kml/shapes/placemark_circle.png</href>
        </Icon>
      </IconStyle>
    </Style>
    <Point>
      <coordinates>140.149999604102,37.0150622817626,389.810443373947</coordinates>
      <altitudeMode>absolute</altitudeMode>
    </Point>
  </Placemark>

  <Placemark>
    <Style>
      <IconStyle>
        <scale>0.406</scale>
        <color>FFDC4523</color>
        <Icon>
          <href>http://maps.google.com/mapfiles/kml/shapes/placemark_circle.png</href>
        </Icon>
      </IconStyle>
    </Style>
    <Point>
      <coordinates>140.149998908204,37.0150624551256,391.210443418747</coordinates>
      <altitudeMode>absolute</altitudeMode>
    </Point>
  </Placemark>

  <Placemark>
    <Style>
      <IconStyle>
        <scale>0.406</scale>
        <color>FFDC4523</color>
        <Icon>
          <href>http://maps.google.com/mapfiles/kml/shapes/placemark_circle.png</href>
        </Icon>
      </IconStyle>
    </Style>
    <Point>
      <coordinates>140.149998908204,37.0150624551256,391.210443418747</coordinates>
      <altitudeMode>absolute</altitudeMode>
    </Point>
  </Placemark>

  <Placemark>
    <Style>
      <IconStyle>
        <scale>0.431272727272727</scale>
        <color>FFDA4925</color>
        <Icon>
          <href>http://maps.google.com/mapfiles/kml/shapes/placemark_circle.png</href>
        </Icon>
      </IconStyle>
    </Style>
    <Point>
      <coordinates>140.149998915373,37.0150625624278,392.310443453947</coordinates>
      <altitudeMode>absolute</altitudeMode>
    </Point>
  </Placemark>

  <Placemark>
    <Style>
      <IconStyle>
        <scale>0.431272727272727</scale>
        <color>FFDA4925</color>
        <Icon>
          <href>http://maps.google.com/mapfiles/kml/shapes/placemark_circle.png</href>
        </Icon>
      </IconStyle>
    </Style>
    <Point>
      <coordinates>140.149998915373,37.0150625624278,392.310443453947</coordinates>
      <altitudeMode>absolute</altitudeMode>
    </Point>
  </Placemark>

  <Placemark>
    <Style>
      <IconStyle>
        <scale>0.438363636363636</scale>
        <color>FFDA4B25</color>
        <Icon>
          <href>http://maps.google.com/mapfiles/kml/shapes/placemark_circle.png</href>
        </Icon>
      </IconStyle>
    </Style>
    <Point>
      <coordinates>140.149999013025,37.0150625722172,393.510443492347</coordinates>
      <altitudeMode>absolute</altitudeMode>
    </Point>
  </Placemark>

  <Placemark>
    <Style>
      <IconStyle>
        <scale>0.438363636363636</scale>
        <color>FFDA4B25</color>
        <Icon>
          <href>http://maps.google.com/mapfiles/kml/shapes/placemark_circle.png</href>
        </Icon>
      </IconStyle>
    </Style>
    <Point>
      <coordinates>140.149999013025,37.0150625722172,393.510443492347</coordinates>
      <altitudeMode>absolute</altitudeMode>
    </Point>
  </Placemark>

  <Placemark>
    <Style>
      <IconStyle>
        <scale>0.415454545454545</scale>
        <color>FFDC4723</color>
        <Icon>
          <href>http://maps.google.com/mapfiles/kml/shapes/placemark_circle.png</href>
        </Icon>
      </IconStyle>
    </Style>
    <Point>
      <coordinates>140.149998895506,37.0150626546422,394.810443533947</coordinates>
      <altitudeMode>absolute</altitudeMode>
    </Point>
  </Placemark>

  <Placemark>
    <Style>
      <IconStyle>
        <scale>0.415454545454545</scale>
        <color>FFDC4723</color>
        <Icon>
          <href>http://maps.google.com/mapfiles/kml/shapes/placemark_circle.png</href>
        </Icon>
      </IconStyle>
    </Style>
    <Point>
      <coordinates>140.149998895506,37.0150626546422,394.810443533947</coordinates>
      <altitudeMode>absolute</altitudeMode>
    </Point>
  </Placemark>

  <Placemark>
    <Style>
      <IconStyle>
        <scale>0.413636363636363</scale>
        <color>FFDC4623</color>
        <Icon>
          <href>http://maps.google.com/mapfiles/kml/shapes/placemark_circle.png</href>
        </Icon>
      </IconStyle>
    </Style>
    <Point>
      <coordinates>140.14999888609,37.0150631684647,395.810443565947</coordinates>
      <altitudeMode>absolute</altitudeMode>
    </Point>
  </Placemark>

  <Placemark>
    <Style>
      <IconStyle>
        <scale>0.413636363636363</scale>
        <color>FFDC4623</color>
        <Icon>
          <href>http://maps.google.com/mapfiles/kml/shapes/placemark_circle.png</href>
        </Icon>
      </IconStyle>
    </Style>
    <Point>
      <coordinates>140.14999888609,37.0150631684647,395.810443565947</coordinates>
      <altitudeMode>absolute</altitudeMode>
    </Point>
  </Placemark>

  <Placemark>
    <Style>
      <IconStyle>
        <scale>0.398181818181818</scale>
        <color>FFDD4422</color>
        <Icon>
          <href>http://maps.google.com/mapfiles/kml/shapes/placemark_circle.png</href>
        </Icon>
      </IconStyle>
    </Style>
    <Point>
      <coordinates>140.149998950285,37.0150634135145,397.110443607547</coordinates>
      <altitudeMode>absolute</altitudeMode>
    </Point>
  </Placemark>

  <Placemark>
    <Style>
      <IconStyle>
        <scale>0.398181818181818</scale>
        <color>FFDD4422</color>
        <Icon>
          <href>http://maps.google.com/mapfiles/kml/shapes/placemark_circle.png</href>
        </Icon>
      </IconStyle>
    </Style>
    <Point>
      <coordinates>140.149998950285,37.0150634135145,397.110443607547</coordinates>
      <altitudeMode>absolute</altitudeMode>
    </Point>
  </Placemark>

  <Placemark>
    <Style>
      <IconStyle>
        <scale>0.490727272727272</scale>
        <color>FFD5532A</color>
        <Icon>
          <href>http://maps.google.com/mapfiles/kml/shapes/placemark_circle.png</href>
        </Icon>
      </IconStyle>
    </Style>
    <Point>
      <coordinates>140.149998737855,37.0150632185211,398.410443649147</coordinates>
      <altitudeMode>absolute</altitudeMode>
    </Point>
  </Placemark>

  <Placemark>
    <Style>
      <IconStyle>
        <scale>0.490727272727272</scale>
        <color>FFD5532A</color>
        <Icon>
          <href>http://maps.google.com/mapfiles/kml/shapes/placemark_circle.png</href>
        </Icon>
      </IconStyle>
    </Style>
    <Point>
      <coordinates>140.149998737855,37.0150632185211,398.410443649147</coordinates>
      <altitudeMode>absolute</altitudeMode>
    </Point>
  </Placemark>

  <Placemark>
    <Style>
      <IconStyle>
        <scale>0.529090909090909</scale>
        <color>FFD25A2D</color>
        <Icon>
          <href>http://maps.google.com/mapfiles/kml/shapes/placemark_circle.png</href>
        </Icon>
      </IconStyle>
    </Style>
    <Point>
      <coordinates>140.149998886133,37.0150637002148,399.610443687547</coordinates>
      <altitudeMode>absolute</altitudeMode>
    </Point>
  </Placemark>

  <Placemark>
    <Style>
      <IconStyle>
        <scale>0.529090909090909</scale>
        <color>FFD25A2D</color>
        <Icon>
          <href>http://maps.google.com/mapfiles/kml/shapes/placemark_circle.png</href>
        </Icon>
      </IconStyle>
    </Style>
    <Point>
      <coordinates>140.149998886133,37.0150637002148,399.610443687547</coordinates>
      <altitudeMode>absolute</altitudeMode>
    </Point>
  </Placemark>

  <Placemark>
    <Style>
      <IconStyle>
        <scale>0.409999999999999</scale>
        <color>FFDC4623</color>
        <Icon>
          <href>http://maps.google.com/mapfiles/kml/shapes/placemark_circle.png</href>
        </Icon>
      </IconStyle>
    </Style>
    <Point>
      <coordinates>140.149998791029,37.015063680863,400.510443716347</coordinates>
      <altitudeMode>absolute</altitudeMode>
    </Point>
  </Placemark>

  <Placemark>
    <Style>
      <IconStyle>
        <scale>0.409999999999999</scale>
        <color>FFDC4623</color>
        <Icon>
          <href>http://maps.google.com/mapfiles/kml/shapes/placemark_circle.png</href>
        </Icon>
      </IconStyle>
    </Style>
    <Point>
      <coordinates>140.149998791029,37.015063680863,400.510443716347</coordinates>
      <altitudeMode>absolute</altitudeMode>
    </Point>
  </Placemark>

  <Placemark>
    <Style>
      <IconStyle>
        <scale>0.409090909090909</scale>
        <color>FFDC4623</color>
        <Icon>
          <href>http://maps.google.com/mapfiles/kml/shapes/placemark_circle.png</href>
        </Icon>
      </IconStyle>
    </Style>
    <Point>
      <coordinates>140.149998678365,37.0150632508983,401.410443745147</coordinates>
      <altitudeMode>absolute</altitudeMode>
    </Point>
  </Placemark>

  <Placemark>
    <Style>
      <IconStyle>
        <scale>0.409090909090909</scale>
        <color>FFDC4623</color>
        <Icon>
          <href>http://maps.google.com/mapfiles/kml/shapes/placemark_circle.png</href>
        </Icon>
      </IconStyle>
    </Style>
    <Point>
      <coordinates>140.149998678365,37.0150632508983,401.410443745147</coordinates>
      <altitudeMode>absolute</altitudeMode>
    </Point>
  </Placemark>

  <Placemark>
    <Style>
      <IconStyle>
        <scale>0.395818181818182</scale>
        <color>FFDD4322</color>
        <Icon>
          <href>http://maps.google.com/mapfiles/kml/shapes/placemark_circle.png</href>
        </Icon>
      </IconStyle>
    </Style>
    <Point>
      <coordinates>140.149998495918,37.0150626216953,402.710443786747</coordinates>
      <altitudeMode>absolute</altitudeMode>
    </Point>
  </Placemark>

  <Placemark>
    <Style>
      <IconStyle>
        <scale>0.395818181818182</scale>
        <color>FFDD4322</color>
        <Icon>
          <href>http://maps.google.com/mapfiles/kml/shapes/placemark_circle.png</href>
        </Icon>
      </IconStyle>
    </Style>
    <Point>
      <coordinates>140.149998495918,37.0150626216953,402.710443786747</coordinates>
      <altitudeMode>absolute</altitudeMode>
    </Point>
  </Placemark>

  <Placemark>
    <Style>
      <IconStyle>
        <scale>0.358363636363636</scale>
        <color>FFE13D1E</color>
        <Icon>
          <href>http://maps.google.com/mapfiles/kml/shapes/placemark_circle.png</href>
        </Icon>
      </IconStyle>
    </Style>
    <Point>
      <coordinates>140.149998113211,37.0150633156505,403.210443802747</coordinates>
      <altitudeMode>absolute</altitudeMode>
    </Point>
  </Placemark>

  <Placemark>
    <Style>
      <IconStyle>
        <scale>0.358363636363636</scale>
        <color>FFE13D1E</color>
        <Icon>
          <href>http://maps.google.com/mapfiles/kml/shapes/placemark_circle.png</href>
        </Icon>
      </IconStyle>
    </Style>
    <Point>
      <coordinates>140.149998113211,37.0150633156505,403.210443802747</coordinates>
      <altitudeMode>absolute</altitudeMode>
    </Point>
  </Placemark>

  <Placemark>
    <Style>
      <IconStyle>
        <scale>0.518545454545455</scale>
        <color>FFD3582C</color>
        <Icon>
          <href>http://maps.google.com/mapfiles/kml/shapes/placemark_circle.png</href>
        </Icon>
      </IconStyle>
    </Style>
    <Point>
      <coordinates>140.149998332982,37.0150632498403,404.010443828347</coordinates>
      <altitudeMode>absolute</altitudeMode>
    </Point>
  </Placemark>

  <Placemark>
    <Style>
      <IconStyle>
        <scale>0.518545454545455</scale>
        <color>FFD3582C</color>
        <Icon>
          <href>http://maps.google.com/mapfiles/kml/shapes/placemark_circle.png</href>
        </Icon>
      </IconStyle>
    </Style>
    <Point>
      <coordinates>140.149998332982,37.0150632498403,404.010443828347</coordinates>
      <altitudeMode>absolute</altitudeMode>
    </Point>
  </Placemark>

  <Placemark>
    <Style>
      <IconStyle>
        <scale>0.517272727272727</scale>
        <color>FFD3582C</color>
        <Icon>
          <href>http://maps.google.com/mapfiles/kml/shapes/placemark_circle.png</href>
        </Icon>
      </IconStyle>
    </Style>
    <Point>
      <coordinates>140.149998557552,37.0150632191507,405.410443873147</coordinates>
      <altitudeMode>absolute</altitudeMode>
    </Point>
  </Placemark>

  <Placemark>
    <Style>
      <IconStyle>
        <scale>0.517272727272727</scale>
        <color>FFD3582C</color>
        <Icon>
          <href>http://maps.google.com/mapfiles/kml/shapes/placemark_circle.png</href>
        </Icon>
      </IconStyle>
    </Style>
    <Point>
      <coordinates>140.149998557552,37.0150632191507,405.410443873147</coordinates>
      <altitudeMode>absolute</altitudeMode>
    </Point>
  </Placemark>

  <Placemark>
    <Style>
      <IconStyle>
        <scale>0.550363636363636</scale>
        <color>FFD05E2F</color>
        <Icon>
          <href>http://maps.google.com/mapfiles/kml/shapes/placemark_circle.png</href>
        </Icon>
      </IconStyle>
    </Style>
    <Point>
      <coordinates>140.149999038955,37.0150630136825,407.210443930747</coordinates>
      <altitudeMode>absolute</altitudeMode>
    </Point>
  </Placemark>

  <Placemark>
    <Style>
      <IconStyle>
        <scale>0.550363636363636</scale>
        <color>FFD05E2F</color>
        <Icon>
          <href>http://maps.google.com/mapfiles/kml/shapes/placemark_circle.png</href>
        </Icon>
      </IconStyle>
    </Style>
    <Point>
      <coordinates>140.149999038955,37.0150630136825,407.210443930747</coordinates>
      <altitudeMode>absolute</altitudeMode>
    </Point>
  </Placemark>

  <Placemark>
    <Style>
      <IconStyle>
        <scale>0.550727272727272</scale>
        <color>FFD05E2F</color>
        <Icon>
          <href>http://maps.google.com/mapfiles/kml/shapes/placemark_circle.png</href>
        </Icon>
      </IconStyle>
    </Style>
    <Point>
      <coordinates>140.149998835201,37.015062688632,408.310443965947</coordinates>
      <altitudeMode>absolute</altitudeMode>
    </Point>
  </Placemark>

  <Placemark>
    <Style>
      <IconStyle>
        <scale>0.550727272727272</scale>
        <color>FFD05E2F</color>
        <Icon>
          <href>http://maps.google.com/mapfiles/kml/shapes/placemark_circle.png</href>
        </Icon>
      </IconStyle>
    </Style>
    <Point>
      <coordinates>140.149998835201,37.015062688632,408.310443965947</coordinates>
      <altitudeMode>absolute</altitudeMode>
    </Point>
  </Placemark>

  <Placemark>
    <Style>
      <IconStyle>
        <scale>0.690181818181818</scale>
        <color>FFC4753B</color>
        <Icon>
          <href>http://maps.google.com/mapfiles/kml/shapes/placemark_circle.png</href>
        </Icon>
      </IconStyle>
    </Style>
    <Point>
      <coordinates>140.14999744068,37.0150624725991,408.110443959547</coordinates>
      <altitudeMode>absolute</altitudeMode>
    </Point>
  </Placemark>

  <Placemark>
    <Style>
      <IconStyle>
        <scale>0.690181818181818</scale>
        <color>FFC4753B</color>
        <Icon>
          <href>http://maps.google.com/mapfiles/kml/shapes/placemark_circle.png</href>
        </Icon>
      </IconStyle>
    </Style>
    <Point>
      <coordinates>140.14999744068,37.0150624725991,408.110443959547</coordinates>
      <altitudeMode>absolute</altitudeMode>
    </Point>
  </Placemark>

  <Placemark>
    <Style>
      <IconStyle>
        <scale>0.73</scale>
        <color>FFC17C3E</color>
        <Icon>
          <href>http://maps.google.com/mapfiles/kml/shapes/placemark_circle.png</href>
        </Icon>
      </IconStyle>
    </Style>
    <Point>
      <coordinates>140.149996351887,37.0150629755722,408.010443956347</coordinates>
      <altitudeMode>absolute</altitudeMode>
    </Point>
  </Placemark>

  <Placemark>
    <Style>
      <IconStyle>
        <scale>0.73</scale>
        <color>FFC17C3E</color>
        <Icon>
          <href>http://maps.google.com/mapfiles/kml/shapes/placemark_circle.png</href>
        </Icon>
      </IconStyle>
    </Style>
    <Point>
      <coordinates>140.149996351887,37.0150629755722,408.010443956347</coordinates>
      <altitudeMode>absolute</altitudeMode>
    </Point>
  </Placemark>

  <Placemark>
    <Style>
      <IconStyle>
        <scale>0.736909090909091</scale>
        <color>FFC07D3F</color>
        <Icon>
          <href>http://maps.google.com/mapfiles/kml/shapes/placemark_circle.png</href>
        </Icon>
      </IconStyle>
    </Style>
    <Point>
      <coordinates>140.149996024323,37.0150630520263,408.110443959547</coordinates>
      <altitudeMode>absolute</altitudeMode>
    </Point>
  </Placemark>

  <Placemark>
    <Style>
      <IconStyle>
        <scale>0.736909090909091</scale>
        <color>FFC07D3F</color>
        <Icon>
          <href>http://maps.google.com/mapfiles/kml/shapes/placemark_circle.png</href>
        </Icon>
      </IconStyle>
    </Style>
    <Point>
      <coordinates>140.149996024323,37.0150630520263,408.110443959547</coordinates>
      <altitudeMode>absolute</altitudeMode>
    </Point>
  </Placemark>

  <Placemark>
    <Style>
      <IconStyle>
        <scale>0.725454545454545</scale>
        <color>FFC17B3E</color>
        <Icon>
          <href>http://maps.google.com/mapfiles/kml/shapes/placemark_circle.png</href>
        </Icon>
      </IconStyle>
    </Style>
    <Point>
      <coordinates>140.149995782411,37.0150628750011,408.010443956347</coordinates>
      <altitudeMode>absolute</altitudeMode>
    </Point>
  </Placemark>

  <Placemark>
    <Style>
      <IconStyle>
        <scale>0.725454545454545</scale>
        <color>FFC17B3E</color>
        <Icon>
          <href>http://maps.google.com/mapfiles/kml/shapes/placemark_circle.png</href>
        </Icon>
      </IconStyle>
    </Style>
    <Point>
      <coordinates>140.149995782411,37.0150628750011,408.010443956347</coordinates>
      <altitudeMode>absolute</altitudeMode>
    </Point>
  </Placemark>

  <Placemark>
    <Style>
      <IconStyle>
        <scale>0.720727272727272</scale>
        <color>FFC27B3D</color>
        <Icon>
          <href>http://maps.google.com/mapfiles/kml/shapes/placemark_circle.png</href>
        </Icon>
      </IconStyle>
    </Style>
    <Point>
      <coordinates>140.149995080058,37.0150630779572,407.510443940347</coordinates>
      <altitudeMode>absolute</altitudeMode>
    </Point>
  </Placemark>

  <Placemark>
    <Style>
      <IconStyle>
        <scale>0.720727272727272</scale>
        <color>FFC27B3D</color>
        <Icon>
          <href>http://maps.google.com/mapfiles/kml/shapes/placemark_circle.png</href>
        </Icon>
      </IconStyle>
    </Style>
    <Point>
      <coordinates>140.149995080058,37.0150630779572,407.510443940347</coordinates>
      <altitudeMode>absolute</altitudeMode>
    </Point>
  </Placemark>

  <Placemark>
    <Style>
      <IconStyle>
        <scale>0.717454545454545</scale>
        <color>FFC27A3D</color>
        <Icon>
          <href>http://maps.google.com/mapfiles/kml/shapes/placemark_circle.png</href>
        </Icon>
      </IconStyle>
    </Style>
    <Point>
      <coordinates>140.149993679308,37.0150634605084,406.910443921147</coordinates>
      <altitudeMode>absolute</altitudeMode>
    </Point>
  </Placemark>

  <Placemark>
    <Style>
      <IconStyle>
        <scale>0.717454545454545</scale>
        <color>FFC27A3D</color>
        <Icon>
          <href>http://maps.google.com/mapfiles/kml/shapes/placemark_circle.png</href>
        </Icon>
      </IconStyle>
    </Style>
    <Point>
      <coordinates>140.149993679308,37.0150634605084,406.910443921147</coordinates>
      <altitudeMode>absolute</altitudeMode>
    </Point>
  </Placemark>

  <Placemark>
    <Style>
      <IconStyle>
        <scale>0.702909090909091</scale>
        <color>FFC3773C</color>
        <Icon>
          <href>http://maps.google.com/mapfiles/kml/shapes/placemark_circle.png</href>
        </Icon>
      </IconStyle>
    </Style>
    <Point>
      <coordinates>140.149992986594,37.0150642922776,406.110443895547</coordinates>
      <altitudeMode>absolute</altitudeMode>
    </Point>
  </Placemark>

  <Placemark>
    <Style>
      <IconStyle>
        <scale>0.702909090909091</scale>
        <color>FFC3773C</color>
        <Icon>
          <href>http://maps.google.com/mapfiles/kml/shapes/placemark_circle.png</href>
        </Icon>
      </IconStyle>
    </Style>
    <Point>
      <coordinates>140.149992986594,37.0150642922776,406.110443895547</coordinates>
      <altitudeMode>absolute</altitudeMode>
    </Point>
  </Placemark>

  <Placemark>
    <Style>
      <IconStyle>
        <scale>0.526909090909091</scale>
        <color>FFD25A2D</color>
        <Icon>
          <href>http://maps.google.com/mapfiles/kml/shapes/placemark_circle.png</href>
        </Icon>
      </IconStyle>
    </Style>
    <Point>
      <coordinates>140.149993021754,37.0150640636134,405.310443869947</coordinates>
      <altitudeMode>absolute</altitudeMode>
    </Point>
  </Placemark>

  <Placemark>
    <Style>
      <IconStyle>
        <scale>0.526909090909091</scale>
        <color>FFD25A2D</color>
        <Icon>
          <href>http://maps.google.com/mapfiles/kml/shapes/placemark_circle.png</href>
        </Icon>
      </IconStyle>
    </Style>
    <Point>
      <coordinates>140.149993021754,37.0150640636134,405.310443869947</coordinates>
      <altitudeMode>absolute</altitudeMode>
    </Point>
  </Placemark>

  <Placemark>
    <Style>
      <IconStyle>
        <scale>0.588727272727273</scale>
        <color>FFCD6432</color>
        <Icon>
          <href>http://maps.google.com/mapfiles/kml/shapes/placemark_circle.png</href>
        </Icon>
      </IconStyle>
    </Style>
    <Point>
      <coordinates>140.149993593965,37.0150638093803,404.510443844347</coordinates>
      <altitudeMode>absolute</altitudeMode>
    </Point>
  </Placemark>

  <Placemark>
    <Style>
      <IconStyle>
        <scale>0.588727272727273</scale>
        <color>FFCD6432</color>
        <Icon>
          <href>http://maps.google.com/mapfiles/kml/shapes/placemark_circle.png</href>
        </Icon>
      </IconStyle>
    </Style>
    <Point>
      <coordinates>140.149993593965,37.0150638093803,404.510443844347</coordinates>
      <altitudeMode>absolute</altitudeMode>
    </Point>
  </Placemark>

  <Placemark>
    <Style>
      <IconStyle>
        <scale>0.607454545454546</scale>
        <color>FFCB6734</color>
        <Icon>
          <href>http://maps.google.com/mapfiles/kml/shapes/placemark_circle.png</href>
        </Icon>
      </IconStyle>
    </Style>
    <Point>
      <coordinates>140.149993572929,37.0150636121723,403.710443818747</coordinates>
      <altitudeMode>absolute</altitudeMode>
    </Point>
  </Placemark>

  <Placemark>
    <Style>
      <IconStyle>
        <scale>0.607454545454546</scale>
        <color>FFCB6734</color>
        <Icon>
          <href>http://maps.google.com/mapfiles/kml/shapes/placemark_circle.png</href>
        </Icon>
      </IconStyle>
    </Style>
    <Point>
      <coordinates>140.149993572929,37.0150636121723,403.710443818747</coordinates>
      <altitudeMode>absolute</altitudeMode>
    </Point>
  </Placemark>

  <Placemark>
    <Style>
      <IconStyle>
        <scale>0.66909090909091</scale>
        <color>FFC67239</color>
        <Icon>
          <href>http://maps.google.com/mapfiles/kml/shapes/placemark_circle.png</href>
        </Icon>
      </IconStyle>
    </Style>
    <Point>
      <coordinates>140.149993800042,37.015063099275,403.010443796347</coordinates>
      <altitudeMode>absolute</altitudeMode>
    </Point>
  </Placemark>

  <Placemark>
    <Style>
      <IconStyle>
        <scale>0.66909090909091</scale>
        <color>FFC67239</color>
        <Icon>
          <href>http://maps.google.com/mapfiles/kml/shapes/placemark_circle.png</href>
        </Icon>
      </IconStyle>
    </Style>
    <Point>
      <coordinates>140.149993800042,37.015063099275,403.010443796347</coordinates>
      <altitudeMode>absolute</altitudeMode>
    </Point>
  </Placemark>

  <Placemark>
    <Style>
      <IconStyle>
        <scale>0.547818181818182</scale>
        <color>FFD05D2F</color>
        <Icon>
          <href>http://maps.google.com/mapfiles/kml/shapes/placemark_circle.png</href>
        </Icon>
      </IconStyle>
    </Style>
    <Point>
      <coordinates>140.149994016604,37.0150629370142,402.310443773947</coordinates>
      <altitudeMode>absolute</altitudeMode>
    </Point>
  </Placemark>

  <Placemark>
    <Style>
      <IconStyle>
        <scale>0.547818181818182</scale>
        <color>FFD05D2F</color>
        <Icon>
          <href>http://maps.google.com/mapfiles/kml/shapes/placemark_circle.png</href>
        </Icon>
      </IconStyle>
    </Style>
    <Point>
      <coordinates>140.149994016604,37.0150629370142,402.310443773947</coordinates>
      <altitudeMode>absolute</altitudeMode>
    </Point>
  </Placemark>

  <Placemark>
    <Style>
      <IconStyle>
        <scale>0.416909090909091</scale>
        <color>FFDC4723</color>
        <Icon>
          <href>http://maps.google.com/mapfiles/kml/shapes/placemark_circle.png</href>
        </Icon>
      </IconStyle>
    </Style>
    <Point>
      <coordinates>140.149994079141,37.0150632299145,401.410443745147</coordinates>
      <altitudeMode>absolute</altitudeMode>
    </Point>
  </Placemark>

  <Placemark>
    <Style>
      <IconStyle>
        <scale>0.416909090909091</scale>
        <color>FFDC4723</color>
        <Icon>
          <href>http://maps.google.com/mapfiles/kml/shapes/placemark_circle.png</href>
        </Icon>
      </IconStyle>
    </Style>
    <Point>
      <coordinates>140.149994079141,37.0150632299145,401.410443745147</coordinates>
      <altitudeMode>absolute</altitudeMode>
    </Point>
  </Placemark>

  <Placemark>
    <Style>
      <IconStyle>
        <scale>0.370909090909091</scale>
        <color>FFDF3F20</color>
        <Icon>
          <href>http://maps.google.com/mapfiles/kml/shapes/placemark_circle.png</href>
        </Icon>
      </IconStyle>
    </Style>
    <Point>
      <coordinates>140.149994060051,37.015063901978,400.510443716347</coordinates>
      <altitudeMode>absolute</altitudeMode>
    </Point>
  </Placemark>

  <Placemark>
    <Style>
      <IconStyle>
        <scale>0.370909090909091</scale>
        <color>FFDF3F20</color>
        <Icon>
          <href>http://maps.google.com/mapfiles/kml/shapes/placemark_circle.png</href>
        </Icon>
      </IconStyle>
    </Style>
    <Point>
      <coordinates>140.149994060051,37.015063901978,400.510443716347</coordinates>
      <altitudeMode>absolute</altitudeMode>
    </Point>
  </Placemark>

  <Placemark>
    <Style>
      <IconStyle>
        <scale>0.387818181818182</scale>
        <color>FFDE4221</color>
        <Icon>
          <href>http://maps.google.com/mapfiles/kml/shapes/placemark_circle.png</href>
        </Icon>
      </IconStyle>
    </Style>
    <Point>
      <coordinates>140.149993390755,37.0150642366359,399.510443684347</coordinates>
      <altitudeMode>absolute</altitudeMode>
    </Point>
  </Placemark>

  <Placemark>
    <Style>
      <IconStyle>
        <scale>0.387818181818182</scale>
        <color>FFDE4221</color>
        <Icon>
          <href>http://maps.google.com/mapfiles/kml/shapes/placemark_circle.png</href>
        </Icon>
      </IconStyle>
    </Style>
    <Point>
      <coordinates>140.149993390755,37.0150642366359,399.510443684347</coordinates>
      <altitudeMode>absolute</altitudeMode>
    </Point>
  </Placemark>

  <Placemark>
    <Style>
      <IconStyle>
        <scale>0.448545454545455</scale>
        <color>FFD94C26</color>
        <Icon>
          <href>http://maps.google.com/mapfiles/kml/shapes/placemark_circle.png</href>
        </Icon>
      </IconStyle>
    </Style>
    <Point>
      <coordinates>140.149994087525,37.0150643087746,398.410443649147</coordinates>
      <altitudeMode>absolute</altitudeMode>
    </Point>
  </Placemark>

  <Placemark>
    <Style>
      <IconStyle>
        <scale>0.448545454545455</scale>
        <color>FFD94C26</color>
        <Icon>
          <href>http://maps.google.com/mapfiles/kml/shapes/placemark_circle.png</href>
        </Icon>
      </IconStyle>
    </Style>
    <Point>
      <coordinates>140.149994087525,37.0150643087746,398.410443649147</coordinates>
      <altitudeMode>absolute</altitudeMode>
    </Point>
  </Placemark>

  <Placemark>
    <Style>
      <IconStyle>
        <scale>0.501636363636364</scale>
        <color>FFD4552B</color>
        <Icon>
          <href>http://maps.google.com/mapfiles/kml/shapes/placemark_circle.png</href>
        </Icon>
      </IconStyle>
    </Style>
    <Point>
      <coordinates>140.149994612013,37.0150636233324,397.310443613947</coordinates>
      <altitudeMode>absolute</altitudeMode>
    </Point>
  </Placemark>

  <Placemark>
    <Style>
      <IconStyle>
        <scale>0.501636363636364</scale>
        <color>FFD4552B</color>
        <Icon>
          <href>http://maps.google.com/mapfiles/kml/shapes/placemark_circle.png</href>
        </Icon>
      </IconStyle>
    </Style>
    <Point>
      <coordinates>140.149994612013,37.0150636233324,397.310443613947</coordinates>
      <altitudeMode>absolute</altitudeMode>
    </Point>
  </Placemark>

  <Placemark>
    <Style>
      <IconStyle>
        <scale>0.600181818181818</scale>
        <color>FFCC6633</color>
        <Icon>
          <href>http://maps.google.com/mapfiles/kml/shapes/placemark_circle.png</href>
        </Icon>
      </IconStyle>
    </Style>
    <Point>
      <coordinates>140.149995329453,37.0150637423536,396.410443585147</coordinates>
      <altitudeMode>absolute</altitudeMode>
    </Point>
  </Placemark>

  <Placemark>
    <Style>
      <IconStyle>
        <scale>0.600181818181818</scale>
        <color>FFCC6633</color>
        <Icon>
          <href>http://maps.google.com/mapfiles/kml/shapes/placemark_circle.png</href>
        </Icon>
      </IconStyle>
    </Style>
    <Point>
      <coordinates>140.149995329453,37.0150637423536,396.410443585147</coordinates>
      <altitudeMode>absolute</altitudeMode>
    </Point>
  </Placemark>

  <Placemark>
    <Style>
      <IconStyle>
        <scale>0.631818181818182</scale>
        <color>FFC96B36</color>
        <Icon>
          <href>http://maps.google.com/mapfiles/kml/shapes/placemark_circle.png</href>
        </Icon>
      </IconStyle>
    </Style>
    <Point>
      <coordinates>140.149995309663,37.0150637435679,395.610443559547</coordinates>
      <altitudeMode>absolute</altitudeMode>
    </Point>
  </Placemark>

  <Placemark>
    <Style>
      <IconStyle>
        <scale>0.631818181818182</scale>
        <color>FFC96B36</color>
        <Icon>
          <href>http://maps.google.com/mapfiles/kml/shapes/placemark_circle.png</href>
        </Icon>
      </IconStyle>
    </Style>
    <Point>
      <coordinates>140.149995309663,37.0150637435679,395.610443559547</coordinates>
      <altitudeMode>absolute</altitudeMode>
    </Point>
  </Placemark>

  <Placemark>
    <Style>
      <IconStyle>
        <scale>0.596363636363636</scale>
        <color>FFCC6533</color>
        <Icon>
          <href>http://maps.google.com/mapfiles/kml/shapes/placemark_circle.png</href>
        </Icon>
      </IconStyle>
    </Style>
    <Point>
      <coordinates>140.149993909042,37.015063587989,394.810443533947</coordinates>
      <altitudeMode>absolute</altitudeMode>
    </Point>
  </Placemark>

  <Placemark>
    <Style>
      <IconStyle>
        <scale>0.596363636363636</scale>
        <color>FFCC6533</color>
        <Icon>
          <href>http://maps.google.com/mapfiles/kml/shapes/placemark_circle.png</href>
        </Icon>
      </IconStyle>
    </Style>
    <Point>
      <coordinates>140.149993909042,37.015063587989,394.810443533947</coordinates>
      <altitudeMode>absolute</altitudeMode>
    </Point>
  </Placemark>

  <Placemark>
    <Style>
      <IconStyle>
        <scale>0.600545454545455</scale>
        <color>FFCC6633</color>
        <Icon>
          <href>http://maps.google.com/mapfiles/kml/shapes/placemark_circle.png</href>
        </Icon>
      </IconStyle>
    </Style>
    <Point>
      <coordinates>140.149993508587,37.0150621167198,393.810443501947</coordinates>
      <altitudeMode>absolute</altitudeMode>
    </Point>
  </Placemark>

  <Placemark>
    <Style>
      <IconStyle>
        <scale>0.600545454545455</scale>
        <color>FFCC6633</color>
        <Icon>
          <href>http://maps.google.com/mapfiles/kml/shapes/placemark_circle.png</href>
        </Icon>
      </IconStyle>
    </Style>
    <Point>
      <coordinates>140.149993508587,37.0150621167198,393.810443501947</coordinates>
      <altitudeMode>absolute</altitudeMode>
    </Point>
  </Placemark>

  <Placemark>
    <Style>
      <IconStyle>
        <scale>0.565090909090909</scale>
        <color>FFCF6030</color>
        <Icon>
          <href>http://maps.google.com/mapfiles/kml/shapes/placemark_circle.png</href>
        </Icon>
      </IconStyle>
    </Style>
    <Point>
      <coordinates>140.14999366553,37.0150623954618,393.010443476347</coordinates>
      <altitudeMode>absolute</altitudeMode>
    </Point>
  </Placemark>

  <Placemark>
    <Style>
      <IconStyle>
        <scale>0.565090909090909</scale>
        <color>FFCF6030</color>
        <Icon>
          <href>http://maps.google.com/mapfiles/kml/shapes/placemark_circle.png</href>
        </Icon>
      </IconStyle>
    </Style>
    <Point>
      <coordinates>140.14999366553,37.0150623954618,393.010443476347</coordinates>
      <altitudeMode>absolute</altitudeMode>
    </Point>
  </Placemark>

  <Placemark>
    <Style>
      <IconStyle>
        <scale>0.544545454545455</scale>
        <color>FFD15D2E</color>
        <Icon>
          <href>http://maps.google.com/mapfiles/kml/shapes/placemark_circle.png</href>
        </Icon>
      </IconStyle>
    </Style>
    <Point>
      <coordinates>140.149994112374,37.0150625149777,392.210443450747</coordinates>
      <altitudeMode>absolute</altitudeMode>
    </Point>
  </Placemark>

  <Placemark>
    <Style>
      <IconStyle>
        <scale>0.544545454545455</scale>
        <color>FFD15D2E</color>
        <Icon>
          <href>http://maps.google.com/mapfiles/kml/shapes/placemark_circle.png</href>
        </Icon>
      </IconStyle>
    </Style>
    <Point>
      <coordinates>140.149994112374,37.0150625149777,392.210443450747</coordinates>
      <altitudeMode>absolute</altitudeMode>
    </Point>
  </Placemark>

  <Placemark>
    <Style>
      <IconStyle>
        <scale>0.542727272727273</scale>
        <color>FFD15C2E</color>
        <Icon>
          <href>http://maps.google.com/mapfiles/kml/shapes/placemark_circle.png</href>
        </Icon>
      </IconStyle>
    </Style>
    <Point>
      <coordinates>140.149995176353,37.0150635307325,391.410443425147</coordinates>
      <altitudeMode>absolute</altitudeMode>
    </Point>
  </Placemark>

  <Placemark>
    <Style>
      <IconStyle>
        <scale>0.542727272727273</scale>
        <color>FFD15C2E</color>
        <Icon>
          <href>http://maps.google.com/mapfiles/kml/shapes/placemark_circle.png</href>
        </Icon>
      </IconStyle>
    </Style>
    <Point>
      <coordinates>140.149995176353,37.0150635307325,391.410443425147</coordinates>
      <altitudeMode>absolute</altitudeMode>
    </Point>
  </Placemark>

  <Placemark>
    <Style>
      <IconStyle>
        <scale>0.560545454545455</scale>
        <color>FFCF5F30</color>
        <Icon>
          <href>http://maps.google.com/mapfiles/kml/shapes/placemark_circle.png</href>
        </Icon>
      </IconStyle>
    </Style>
    <Point>
      <coordinates>140.149994812492,37.0150640672842,390.210443386747</coordinates>
      <altitudeMode>absolute</altitudeMode>
    </Point>
  </Placemark>

  <Placemark>
    <Style>
      <IconStyle>
        <scale>0.560545454545455</scale>
        <color>FFCF5F30</color>
        <Icon>
          <href>http://maps.google.com/mapfiles/kml/shapes/placemark_circle.png</href>
        </Icon>
      </IconStyle>
    </Style>
    <Point>
      <coordinates>140.149994812492,37.0150640672842,390.210443386747</coordinates>
      <altitudeMode>absolute</altitudeMode>
    </Point>
  </Placemark>

  <Placemark>
    <Style>
      <IconStyle>
        <scale>0.529454545454546</scale>
        <color>FFD25A2D</color>
        <Icon>
          <href>http://maps.google.com/mapfiles/kml/shapes/placemark_circle.png</href>
        </Icon>
      </IconStyle>
    </Style>
    <Point>
      <coordinates>140.149993945291,37.0150625171429,389.110443351547</coordinates>
      <altitudeMode>absolute</altitudeMode>
    </Point>
  </Placemark>

  <Placemark>
    <Style>
      <IconStyle>
        <scale>0.529454545454546</scale>
        <color>FFD25A2D</color>
        <Icon>
          <href>http://maps.google.com/mapfiles/kml/shapes/placemark_circle.png</href>
        </Icon>
      </IconStyle>
    </Style>
    <Point>
      <coordinates>140.149993945291,37.0150625171429,389.110443351547</coordinates>
      <altitudeMode>absolute</altitudeMode>
    </Point>
  </Placemark>

  <Placemark>
    <Style>
      <IconStyle>
        <scale>0.517272727272727</scale>
        <color>FFD3582C</color>
        <Icon>
          <href>http://maps.google.com/mapfiles/kml/shapes/placemark_circle.png</href>
        </Icon>
      </IconStyle>
    </Style>
    <Point>
      <coordinates>140.149993304277,37.0150636284766,388.010443316347</coordinates>
      <altitudeMode>absolute</altitudeMode>
    </Point>
  </Placemark>

  <Placemark>
    <Style>
      <IconStyle>
        <scale>0.517272727272727</scale>
        <color>FFD3582C</color>
        <Icon>
          <href>http://maps.google.com/mapfiles/kml/shapes/placemark_circle.png</href>
        </Icon>
      </IconStyle>
    </Style>
    <Point>
      <coordinates>140.149993304277,37.0150636284766,388.010443316347</coordinates>
      <altitudeMode>absolute</altitudeMode>
    </Point>
  </Placemark>

  <Placemark>
    <Style>
      <IconStyle>
        <scale>0.578363636363637</scale>
        <color>FFCE6231</color>
        <Icon>
          <href>http://maps.google.com/mapfiles/kml/shapes/placemark_circle.png</href>
        </Icon>
      </IconStyle>
    </Style>
    <Point>
      <coordinates>140.14999321861,37.0150638935721,387.410443297147</coordinates>
      <altitudeMode>absolute</altitudeMode>
    </Point>
  </Placemark>

  <Placemark>
    <Style>
      <IconStyle>
        <scale>0.578363636363637</scale>
        <color>FFCE6231</color>
        <Icon>
          <href>http://maps.google.com/mapfiles/kml/shapes/placemark_circle.png</href>
        </Icon>
      </IconStyle>
    </Style>
    <Point>
      <coordinates>140.14999321861,37.0150638935721,387.410443297147</coordinates>
      <altitudeMode>absolute</altitudeMode>
    </Point>
  </Placemark>

  <Placemark>
    <Style>
      <IconStyle>
        <scale>0.555090909090909</scale>
        <color>FFD05E2F</color>
        <Icon>
          <href>http://maps.google.com/mapfiles/kml/shapes/placemark_circle.png</href>
        </Icon>
      </IconStyle>
    </Style>
    <Point>
      <coordinates>140.149994403245,37.0150636614834,386.710443274747</coordinates>
      <altitudeMode>absolute</altitudeMode>
    </Point>
  </Placemark>

  <Placemark>
    <Style>
      <IconStyle>
        <scale>0.555090909090909</scale>
        <color>FFD05E2F</color>
        <Icon>
          <href>http://maps.google.com/mapfiles/kml/shapes/placemark_circle.png</href>
        </Icon>
      </IconStyle>
    </Style>
    <Point>
      <coordinates>140.149994403245,37.0150636614834,386.710443274747</coordinates>
      <altitudeMode>absolute</altitudeMode>
    </Point>
  </Placemark>

  <Placemark>
    <Style>
      <IconStyle>
        <scale>0.562</scale>
        <color>FFCF6030</color>
        <Icon>
          <href>http://maps.google.com/mapfiles/kml/shapes/placemark_circle.png</href>
        </Icon>
      </IconStyle>
    </Style>
    <Point>
      <coordinates>140.149994975645,37.0150636589906,386.110443255547</coordinates>
      <altitudeMode>absolute</altitudeMode>
    </Point>
  </Placemark>

  <Placemark>
    <Style>
      <IconStyle>
        <scale>0.562</scale>
        <color>FFCF6030</color>
        <Icon>
          <href>http://maps.google.com/mapfiles/kml/shapes/placemark_circle.png</href>
        </Icon>
      </IconStyle>
    </Style>
    <Point>
      <coordinates>140.149994975645,37.0150636589906,386.110443255547</coordinates>
      <altitudeMode>absolute</altitudeMode>
    </Point>
  </Placemark>

  <Placemark>
    <Style>
      <IconStyle>
        <scale>0.533454545454546</scale>
        <color>FFD25B2D</color>
        <Icon>
          <href>http://maps.google.com/mapfiles/kml/shapes/placemark_circle.png</href>
        </Icon>
      </IconStyle>
    </Style>
    <Point>
      <coordinates>140.149993912439,37.0150640862312,385.210443226747</coordinates>
      <altitudeMode>absolute</altitudeMode>
    </Point>
  </Placemark>

  <Placemark>
    <Style>
      <IconStyle>
        <scale>0.533454545454546</scale>
        <color>FFD25B2D</color>
        <Icon>
          <href>http://maps.google.com/mapfiles/kml/shapes/placemark_circle.png</href>
        </Icon>
      </IconStyle>
    </Style>
    <Point>
      <coordinates>140.149993912439,37.0150640862312,385.210443226747</coordinates>
      <altitudeMode>absolute</altitudeMode>
    </Point>
  </Placemark>

  <Placemark>
    <Style>
      <IconStyle>
        <scale>0.482363636363637</scale>
        <color>FFD65229</color>
        <Icon>
          <href>http://maps.google.com/mapfiles/kml/shapes/placemark_circle.png</href>
        </Icon>
      </IconStyle>
    </Style>
    <Point>
      <coordinates>140.149993169194,37.0150648806161,384.110443191547</coordinates>
      <altitudeMode>absolute</altitudeMode>
    </Point>
  </Placemark>

  <Placemark>
    <Style>
      <IconStyle>
        <scale>0.482363636363637</scale>
        <color>FFD65229</color>
        <Icon>
          <href>http://maps.google.com/mapfiles/kml/shapes/placemark_circle.png</href>
        </Icon>
      </IconStyle>
    </Style>
    <Point>
      <coordinates>140.149993169194,37.0150648806161,384.110443191547</coordinates>
      <altitudeMode>absolute</altitudeMode>
    </Point>
  </Placemark>

  <Placemark>
    <Style>
      <IconStyle>
        <scale>0.463636363636364</scale>
        <color>FFD84F27</color>
        <Icon>
          <href>http://maps.google.com/mapfiles/kml/shapes/placemark_circle.png</href>
        </Icon>
      </IconStyle>
    </Style>
    <Point>
      <coordinates>140.149992675508,37.0150645012367,383.210443162747</coordinates>
      <altitudeMode>absolute</altitudeMode>
    </Point>
  </Placemark>

  <Placemark>
    <Style>
      <IconStyle>
        <scale>0.463636363636364</scale>
        <color>FFD84F27</color>
        <Icon>
          <href>http://maps.google.com/mapfiles/kml/shapes/placemark_circle.png</href>
        </Icon>
      </IconStyle>
    </Style>
    <Point>
      <coordinates>140.149992675508,37.0150645012367,383.210443162747</coordinates>
      <altitudeMode>absolute</altitudeMode>
    </Point>
  </Placemark>

  <Placemark>
    <Style>
      <IconStyle>
        <scale>0.547818181818182</scale>
        <color>FFD05D2F</color>
        <Icon>
          <href>http://maps.google.com/mapfiles/kml/shapes/placemark_circle.png</href>
        </Icon>
      </IconStyle>
    </Style>
    <Point>
      <coordinates>140.149992268522,37.0150634753306,382.210443130747</coordinates>
      <altitudeMode>absolute</altitudeMode>
    </Point>
  </Placemark>

  <Placemark>
    <Style>
      <IconStyle>
        <scale>0.547818181818182</scale>
        <color>FFD05D2F</color>
        <Icon>
          <href>http://maps.google.com/mapfiles/kml/shapes/placemark_circle.png</href>
        </Icon>
      </IconStyle>
    </Style>
    <Point>
      <coordinates>140.149992268522,37.0150634753306,382.210443130747</coordinates>
      <altitudeMode>absolute</altitudeMode>
    </Point>
  </Placemark>

  <Placemark>
    <Style>
      <IconStyle>
        <scale>0.535818181818182</scale>
        <color>FFD15B2E</color>
        <Icon>
          <href>http://maps.google.com/mapfiles/kml/shapes/placemark_circle.png</href>
        </Icon>
      </IconStyle>
    </Style>
    <Point>
      <coordinates>140.149993884508,37.0150631665586,381.210443098747</coordinates>
      <altitudeMode>absolute</altitudeMode>
    </Point>
  </Placemark>

  <Placemark>
    <Style>
      <IconStyle>
        <scale>0.535818181818182</scale>
        <color>FFD15B2E</color>
        <Icon>
          <href>http://maps.google.com/mapfiles/kml/shapes/placemark_circle.png</href>
        </Icon>
      </IconStyle>
    </Style>
    <Point>
      <coordinates>140.149993884508,37.0150631665586,381.210443098747</coordinates>
      <altitudeMode>absolute</altitudeMode>
    </Point>
  </Placemark>

  <Placemark>
    <Style>
      <IconStyle>
        <scale>0.65</scale>
        <color>FFC86E37</color>
        <Icon>
          <href>http://maps.google.com/mapfiles/kml/shapes/placemark_circle.png</href>
        </Icon>
      </IconStyle>
    </Style>
    <Point>
      <coordinates>140.149994284511,37.015062808103,380.110443063547</coordinates>
      <altitudeMode>absolute</altitudeMode>
    </Point>
  </Placemark>

  <Placemark>
    <Style>
      <IconStyle>
        <scale>0.65</scale>
        <color>FFC86E37</color>
        <Icon>
          <href>http://maps.google.com/mapfiles/kml/shapes/placemark_circle.png</href>
        </Icon>
      </IconStyle>
    </Style>
    <Point>
      <coordinates>140.149994284511,37.015062808103,380.110443063547</coordinates>
      <altitudeMode>absolute</altitudeMode>
    </Point>
  </Placemark>

  <Placemark>
    <Style>
      <IconStyle>
        <scale>0.691272727272727</scale>
        <color>FFC4763B</color>
        <Icon>
          <href>http://maps.google.com/mapfiles/kml/shapes/placemark_circle.png</href>
        </Icon>
      </IconStyle>
    </Style>
    <Point>
      <coordinates>140.149994043045,37.0150625342417,379.010443028347</coordinates>
      <altitudeMode>absolute</altitudeMode>
    </Point>
  </Placemark>

  <Placemark>
    <Style>
      <IconStyle>
        <scale>0.691272727272727</scale>
        <color>FFC4763B</color>
        <Icon>
          <href>http://maps.google.com/mapfiles/kml/shapes/placemark_circle.png</href>
        </Icon>
      </IconStyle>
    </Style>
    <Point>
      <coordinates>140.149994043045,37.0150625342417,379.010443028347</coordinates>
      <altitudeMode>absolute</altitudeMode>
    </Point>
  </Placemark>

  <Placemark>
    <Style>
      <IconStyle>
        <scale>0.644909090909091</scale>
        <color>FFC86E37</color>
        <Icon>
          <href>http://maps.google.com/mapfiles/kml/shapes/placemark_circle.png</href>
        </Icon>
      </IconStyle>
    </Style>
    <Point>
      <coordinates>140.149994353359,37.0150630881556,377.810442989947</coordinates>
      <altitudeMode>absolute</altitudeMode>
    </Point>
  </Placemark>

  <Placemark>
    <Style>
      <IconStyle>
        <scale>0.644909090909091</scale>
        <color>FFC86E37</color>
        <Icon>
          <href>http://maps.google.com/mapfiles/kml/shapes/placemark_circle.png</href>
        </Icon>
      </IconStyle>
    </Style>
    <Point>
      <coordinates>140.149994353359,37.0150630881556,377.810442989947</coordinates>
      <altitudeMode>absolute</altitudeMode>
    </Point>
  </Placemark>

  <Placemark>
    <Style>
      <IconStyle>
        <scale>0.558909090909091</scale>
        <color>FFCF5F30</color>
        <Icon>
          <href>http://maps.google.com/mapfiles/kml/shapes/placemark_circle.png</href>
        </Icon>
      </IconStyle>
    </Style>
    <Point>
      <coordinates>140.149994308376,37.015062676142,376.710442954747</coordinates>
      <altitudeMode>absolute</altitudeMode>
    </Point>
  </Placemark>

  <Placemark>
    <Style>
      <IconStyle>
        <scale>0.558909090909091</scale>
        <color>FFCF5F30</color>
        <Icon>
          <href>http://maps.google.com/mapfiles/kml/shapes/placemark_circle.png</href>
        </Icon>
      </IconStyle>
    </Style>
    <Point>
      <coordinates>140.149994308376,37.015062676142,376.710442954747</coordinates>
      <altitudeMode>absolute</altitudeMode>
    </Point>
  </Placemark>

  <Placemark>
    <Style>
      <IconStyle>
        <scale>0.471272727272727</scale>
        <color>FFD75028</color>
        <Icon>
          <href>http://maps.google.com/mapfiles/kml/shapes/placemark_circle.png</href>
        </Icon>
      </IconStyle>
    </Style>
    <Point>
      <coordinates>140.149994503199,37.015062380192,375.910442929147</coordinates>
      <altitudeMode>absolute</altitudeMode>
    </Point>
  </Placemark>

  <Placemark>
    <Style>
      <IconStyle>
        <scale>0.471272727272727</scale>
        <color>FFD75028</color>
        <Icon>
          <href>http://maps.google.com/mapfiles/kml/shapes/placemark_circle.png</href>
        </Icon>
      </IconStyle>
    </Style>
    <Point>
      <coordinates>140.149994503199,37.015062380192,375.910442929147</coordinates>
      <altitudeMode>absolute</altitudeMode>
    </Point>
  </Placemark>

  <Placemark>
    <Style>
      <IconStyle>
        <scale>0.438181818181818</scale>
        <color>FFDA4A25</color>
        <Icon>
          <href>http://maps.google.com/mapfiles/kml/shapes/placemark_circle.png</href>
        </Icon>
      </IconStyle>
    </Style>
    <Point>
      <coordinates>140.149995305755,37.0150626800591,375.310442909947</coordinates>
      <altitudeMode>absolute</altitudeMode>
    </Point>
  </Placemark>

  <Placemark>
    <Style>
      <IconStyle>
        <scale>0.438181818181818</scale>
        <color>FFDA4A25</color>
        <Icon>
          <href>http://maps.google.com/mapfiles/kml/shapes/placemark_circle.png</href>
        </Icon>
      </IconStyle>
    </Style>
    <Point>
      <coordinates>140.149995305755,37.0150626800591,375.310442909947</coordinates>
      <altitudeMode>absolute</altitudeMode>
    </Point>
  </Placemark>

  <Placemark>
    <Style>
      <IconStyle>
        <scale>0.414</scale>
        <color>FFDC4623</color>
        <Icon>
          <href>http://maps.google.com/mapfiles/kml/shapes/placemark_circle.png</href>
        </Icon>
      </IconStyle>
    </Style>
    <Point>
      <coordinates>140.149994920113,37.0150626144394,374.810442893947</coordinates>
      <altitudeMode>absolute</altitudeMode>
    </Point>
  </Placemark>

  <Placemark>
    <Style>
      <IconStyle>
        <scale>0.414</scale>
        <color>FFDC4623</color>
        <Icon>
          <href>http://maps.google.com/mapfiles/kml/shapes/placemark_circle.png</href>
        </Icon>
      </IconStyle>
    </Style>
    <Point>
      <coordinates>140.149994920113,37.0150626144394,374.810442893947</coordinates>
      <altitudeMode>absolute</altitudeMode>
    </Point>
  </Placemark>

  <Placemark>
    <Style>
      <IconStyle>
        <scale>0.479636363636363</scale>
        <color>FFD65229</color>
        <Icon>
          <href>http://maps.google.com/mapfiles/kml/shapes/placemark_circle.png</href>
        </Icon>
      </IconStyle>
    </Style>
    <Point>
      <coordinates>140.149993689837,37.0150618164651,374.110442871547</coordinates>
      <altitudeMode>absolute</altitudeMode>
    </Point>
  </Placemark>

  <Placemark>
    <Style>
      <IconStyle>
        <scale>0.479636363636363</scale>
        <color>FFD65229</color>
        <Icon>
          <href>http://maps.google.com/mapfiles/kml/shapes/placemark_circle.png</href>
        </Icon>
      </IconStyle>
    </Style>
    <Point>
      <coordinates>140.149993689837,37.0150618164651,374.110442871547</coordinates>
      <altitudeMode>absolute</altitudeMode>
    </Point>
  </Placemark>

  <Placemark>
    <Style>
      <IconStyle>
        <scale>0.510909090909091</scale>
        <color>FFD4572B</color>
        <Icon>
          <href>http://maps.google.com/mapfiles/kml/shapes/placemark_circle.png</href>
        </Icon>
      </IconStyle>
    </Style>
    <Point>
      <coordinates>140.149993894367,37.0150619081077,373.310442845947</coordinates>
      <altitudeMode>absolute</altitudeMode>
    </Point>
  </Placemark>

  <Placemark>
    <Style>
      <IconStyle>
        <scale>0.510909090909091</scale>
        <color>FFD4572B</color>
        <Icon>
          <href>http://maps.google.com/mapfiles/kml/shapes/placemark_circle.png</href>
        </Icon>
      </IconStyle>
    </Style>
    <Point>
      <coordinates>140.149993894367,37.0150619081077,373.310442845947</coordinates>
      <altitudeMode>absolute</altitudeMode>
    </Point>
  </Placemark>

  <Placemark>
    <Style>
      <IconStyle>
        <scale>0.452727272727273</scale>
        <color>FFD94D26</color>
        <Icon>
          <href>http://maps.google.com/mapfiles/kml/shapes/placemark_circle.png</href>
        </Icon>
      </IconStyle>
    </Style>
    <Point>
      <coordinates>140.149993957244,37.0150619003229,372.410442817147</coordinates>
      <altitudeMode>absolute</altitudeMode>
    </Point>
  </Placemark>

  <Placemark>
    <Style>
      <IconStyle>
        <scale>0.452727272727273</scale>
        <color>FFD94D26</color>
        <Icon>
          <href>http://maps.google.com/mapfiles/kml/shapes/placemark_circle.png</href>
        </Icon>
      </IconStyle>
    </Style>
    <Point>
      <coordinates>140.149993957244,37.0150619003229,372.410442817147</coordinates>
      <altitudeMode>absolute</altitudeMode>
    </Point>
  </Placemark>

  <Placemark>
    <Style>
      <IconStyle>
        <scale>0.480181818181818</scale>
        <color>FFD65229</color>
        <Icon>
          <href>http://maps.google.com/mapfiles/kml/shapes/placemark_circle.png</href>
        </Icon>
      </IconStyle>
    </Style>
    <Point>
      <coordinates>140.149994637136,37.0150619903828,371.410442785147</coordinates>
      <altitudeMode>absolute</altitudeMode>
    </Point>
  </Placemark>

  <Placemark>
    <Style>
      <IconStyle>
        <scale>0.480181818181818</scale>
        <color>FFD65229</color>
        <Icon>
          <href>http://maps.google.com/mapfiles/kml/shapes/placemark_circle.png</href>
        </Icon>
      </IconStyle>
    </Style>
    <Point>
      <coordinates>140.149994637136,37.0150619903828,371.410442785147</coordinates>
      <altitudeMode>absolute</altitudeMode>
    </Point>
  </Placemark>

  <Placemark>
    <Style>
      <IconStyle>
        <scale>0.347454545454545</scale>
        <color>FFE13B1E</color>
        <Icon>
          <href>http://maps.google.com/mapfiles/kml/shapes/placemark_circle.png</href>
        </Icon>
      </IconStyle>
    </Style>
    <Point>
      <coordinates>140.149994351796,37.0150619047282,370.110442743547</coordinates>
      <altitudeMode>absolute</altitudeMode>
    </Point>
  </Placemark>

  <Placemark>
    <Style>
      <IconStyle>
        <scale>0.347454545454545</scale>
        <color>FFE13B1E</color>
        <Icon>
          <href>http://maps.google.com/mapfiles/kml/shapes/placemark_circle.png</href>
        </Icon>
      </IconStyle>
    </Style>
    <Point>
      <coordinates>140.149994351796,37.0150619047282,370.110442743547</coordinates>
      <altitudeMode>absolute</altitudeMode>
    </Point>
  </Placemark>

  <Placemark>
    <Style>
      <IconStyle>
        <scale>0.328909090909091</scale>
        <color>FFE3381C</color>
        <Icon>
          <href>http://maps.google.com/mapfiles/kml/shapes/placemark_circle.png</href>
        </Icon>
      </IconStyle>
    </Style>
    <Point>
      <coordinates>140.149994642595,37.015061845268,368.710442698747</coordinates>
      <altitudeMode>absolute</altitudeMode>
    </Point>
  </Placemark>

  <Placemark>
    <Style>
      <IconStyle>
        <scale>0.328909090909091</scale>
        <color>FFE3381C</color>
        <Icon>
          <href>http://maps.google.com/mapfiles/kml/shapes/placemark_circle.png</href>
        </Icon>
      </IconStyle>
    </Style>
    <Point>
      <coordinates>140.149994642595,37.015061845268,368.710442698747</coordinates>
      <altitudeMode>absolute</altitudeMode>
    </Point>
  </Placemark>

  <Placemark>
    <Style>
      <IconStyle>
        <scale>0.382545454545454</scale>
        <color>FFDE4121</color>
        <Icon>
          <href>http://maps.google.com/mapfiles/kml/shapes/placemark_circle.png</href>
        </Icon>
      </IconStyle>
    </Style>
    <Point>
      <coordinates>140.149994523362,37.01506152083,367.610442663547</coordinates>
      <altitudeMode>absolute</altitudeMode>
    </Point>
  </Placemark>

  <Placemark>
    <Style>
      <IconStyle>
        <scale>0.382545454545454</scale>
        <color>FFDE4121</color>
        <Icon>
          <href>http://maps.google.com/mapfiles/kml/shapes/placemark_circle.png</href>
        </Icon>
      </IconStyle>
    </Style>
    <Point>
      <coordinates>140.149994523362,37.01506152083,367.610442663547</coordinates>
      <altitudeMode>absolute</altitudeMode>
    </Point>
  </Placemark>

  <Placemark>
    <Style>
      <IconStyle>
        <scale>0.377090909090909</scale>
        <color>FFDF4020</color>
        <Icon>
          <href>http://maps.google.com/mapfiles/kml/shapes/placemark_circle.png</href>
        </Icon>
      </IconStyle>
    </Style>
    <Point>
      <coordinates>140.149994808126,37.0150613772121,366.510442628347</coordinates>
      <altitudeMode>absolute</altitudeMode>
    </Point>
  </Placemark>

  <Placemark>
    <Style>
      <IconStyle>
        <scale>0.377090909090909</scale>
        <color>FFDF4020</color>
        <Icon>
          <href>http://maps.google.com/mapfiles/kml/shapes/placemark_circle.png</href>
        </Icon>
      </IconStyle>
    </Style>
    <Point>
      <coordinates>140.149994808126,37.0150613772121,366.510442628347</coordinates>
      <altitudeMode>absolute</altitudeMode>
    </Point>
  </Placemark>

  <Placemark>
    <Style>
      <IconStyle>
        <scale>0.402</scale>
        <color>FFDD4422</color>
        <Icon>
          <href>http://maps.google.com/mapfiles/kml/shapes/placemark_circle.png</href>
        </Icon>
      </IconStyle>
    </Style>
    <Point>
      <coordinates>140.149995373434,37.015060713441,365.210442586747</coordinates>
      <altitudeMode>absolute</altitudeMode>
    </Point>
  </Placemark>

  <Placemark>
    <Style>
      <IconStyle>
        <scale>0.402</scale>
        <color>FFDD4422</color>
        <Icon>
          <href>http://maps.google.com/mapfiles/kml/shapes/placemark_circle.png</href>
        </Icon>
      </IconStyle>
    </Style>
    <Point>
      <coordinates>140.149995373434,37.015060713441,365.210442586747</coordinates>
      <altitudeMode>absolute</altitudeMode>
    </Point>
  </Placemark>

  <Placemark>
    <Style>
      <IconStyle>
        <scale>0.407272727272727</scale>
        <color>FFDC4523</color>
        <Icon>
          <href>http://maps.google.com/mapfiles/kml/shapes/placemark_circle.png</href>
        </Icon>
      </IconStyle>
    </Style>
    <Point>
      <coordinates>140.149995935597,37.0150606058583,364.010442548347</coordinates>
      <altitudeMode>absolute</altitudeMode>
    </Point>
  </Placemark>

  <Placemark>
    <Style>
      <IconStyle>
        <scale>0.407272727272727</scale>
        <color>FFDC4523</color>
        <Icon>
          <href>http://maps.google.com/mapfiles/kml/shapes/placemark_circle.png</href>
        </Icon>
      </IconStyle>
    </Style>
    <Point>
      <coordinates>140.149995935597,37.0150606058583,364.010442548347</coordinates>
      <altitudeMode>absolute</altitudeMode>
    </Point>
  </Placemark>

  <Placemark>
    <Style>
      <IconStyle>
        <scale>0.433090909090909</scale>
        <color>FFDA4A25</color>
        <Icon>
          <href>http://maps.google.com/mapfiles/kml/shapes/placemark_circle.png</href>
        </Icon>
      </IconStyle>
    </Style>
    <Point>
      <coordinates>140.149995945573,37.0150604356199,363.010442516347</coordinates>
      <altitudeMode>absolute</altitudeMode>
    </Point>
  </Placemark>

  <Placemark>
    <Style>
      <IconStyle>
        <scale>0.433090909090909</scale>
        <color>FFDA4A25</color>
        <Icon>
          <href>http://maps.google.com/mapfiles/kml/shapes/placemark_circle.png</href>
        </Icon>
      </IconStyle>
    </Style>
    <Point>
      <coordinates>140.149995945573,37.0150604356199,363.010442516347</coordinates>
      <altitudeMode>absolute</altitudeMode>
    </Point>
  </Placemark>

  <Placemark>
    <Style>
      <IconStyle>
        <scale>0.443636363636364</scale>
        <color>FFD94B26</color>
        <Icon>
          <href>http://maps.google.com/mapfiles/kml/shapes/placemark_circle.png</href>
        </Icon>
      </IconStyle>
    </Style>
    <Point>
      <coordinates>140.149995890539,37.0150602918565,362.310442493947</coordinates>
      <altitudeMode>absolute</altitudeMode>
    </Point>
  </Placemark>

  <Placemark>
    <Style>
      <IconStyle>
        <scale>0.443636363636364</scale>
        <color>FFD94B26</color>
        <Icon>
          <href>http://maps.google.com/mapfiles/kml/shapes/placemark_circle.png</href>
        </Icon>
      </IconStyle>
    </Style>
    <Point>
      <coordinates>140.149995890539,37.0150602918565,362.310442493947</coordinates>
      <altitudeMode>absolute</altitudeMode>
    </Point>
  </Placemark>

  <Placemark>
    <Style>
      <IconStyle>
        <scale>0.448</scale>
        <color>FFD94C26</color>
        <Icon>
          <href>http://maps.google.com/mapfiles/kml/shapes/placemark_circle.png</href>
        </Icon>
      </IconStyle>
    </Style>
    <Point>
      <coordinates>140.14999618454,37.0150603679486,361.910442481147</coordinates>
      <altitudeMode>absolute</altitudeMode>
    </Point>
  </Placemark>

  <Placemark>
    <Style>
      <IconStyle>
        <scale>0.448</scale>
        <color>FFD94C26</color>
        <Icon>
          <href>http://maps.google.com/mapfiles/kml/shapes/placemark_circle.png</href>
        </Icon>
      </IconStyle>
    </Style>
    <Point>
      <coordinates>140.14999618454,37.0150603679486,361.910442481147</coordinates>
      <altitudeMode>absolute</altitudeMode>
    </Point>
  </Placemark>

  <Placemark>
    <Style>
      <IconStyle>
        <scale>0.441636363636364</scale>
        <color>FFD94B26</color>
        <Icon>
          <href>http://maps.google.com/mapfiles/kml/shapes/placemark_circle.png</href>
        </Icon>
      </IconStyle>
    </Style>
    <Point>
      <coordinates>140.149995585656,37.0150602958634,361.610442471547</coordinates>
      <altitudeMode>absolute</altitudeMode>
    </Point>
  </Placemark>

  <Placemark>
    <Style>
      <IconStyle>
        <scale>0.441636363636364</scale>
        <color>FFD94B26</color>
        <Icon>
          <href>http://maps.google.com/mapfiles/kml/shapes/placemark_circle.png</href>
        </Icon>
      </IconStyle>
    </Style>
    <Point>
      <coordinates>140.149995585656,37.0150602958634,361.610442471547</coordinates>
      <altitudeMode>absolute</altitudeMode>
    </Point>
  </Placemark>

  <Placemark>
    <Style>
      <IconStyle>
        <scale>0.508727272727273</scale>
        <color>FFD4562B</color>
        <Icon>
          <href>http://maps.google.com/mapfiles/kml/shapes/placemark_circle.png</href>
        </Icon>
      </IconStyle>
    </Style>
    <Point>
      <coordinates>140.149995449084,37.0150596320367,361.010442452347</coordinates>
      <altitudeMode>absolute</altitudeMode>
    </Point>
  </Placemark>

  <Placemark>
    <Style>
      <IconStyle>
        <scale>0.508727272727273</scale>
        <color>FFD4562B</color>
        <Icon>
          <href>http://maps.google.com/mapfiles/kml/shapes/placemark_circle.png</href>
        </Icon>
      </IconStyle>
    </Style>
    <Point>
      <coordinates>140.149995449084,37.0150596320367,361.010442452347</coordinates>
      <altitudeMode>absolute</altitudeMode>
    </Point>
  </Placemark>

  <Placemark>
    <Style>
      <IconStyle>
        <scale>0.531090909090909</scale>
        <color>FFD25A2D</color>
        <Icon>
          <href>http://maps.google.com/mapfiles/kml/shapes/placemark_circle.png</href>
        </Icon>
      </IconStyle>
    </Style>
    <Point>
      <coordinates>140.149995166851,37.0150591371483,360.310442429947</coordinates>
      <altitudeMode>absolute</altitudeMode>
    </Point>
  </Placemark>

  <Placemark>
    <Style>
      <IconStyle>
        <scale>0.531090909090909</scale>
        <color>FFD25A2D</color>
        <Icon>
          <href>http://maps.google.com/mapfiles/kml/shapes/placemark_circle.png</href>
        </Icon>
      </IconStyle>
    </Style>
    <Point>
      <coordinates>140.149995166851,37.0150591371483,360.310442429947</coordinates>
      <altitudeMode>absolute</altitudeMode>
    </Point>
  </Placemark>

  <Placemark>
    <Style>
      <IconStyle>
        <scale>0.515272727272727</scale>
        <color>FFD3582C</color>
        <Icon>
          <href>http://maps.google.com/mapfiles/kml/shapes/placemark_circle.png</href>
        </Icon>
      </IconStyle>
    </Style>
    <Point>
      <coordinates>140.149994389141,37.015059545035,359.510442404347</coordinates>
      <altitudeMode>absolute</altitudeMode>
    </Point>
  </Placemark>

  <Placemark>
    <Style>
      <IconStyle>
        <scale>0.515272727272727</scale>
        <color>FFD3582C</color>
        <Icon>
          <href>http://maps.google.com/mapfiles/kml/shapes/placemark_circle.png</href>
        </Icon>
      </IconStyle>
    </Style>
    <Point>
      <coordinates>140.149994389141,37.015059545035,359.510442404347</coordinates>
      <altitudeMode>absolute</altitudeMode>
    </Point>
  </Placemark>

  <Placemark>
    <Style>
      <IconStyle>
        <scale>0.455090909090909</scale>
        <color>FFD84D27</color>
        <Icon>
          <href>http://maps.google.com/mapfiles/kml/shapes/placemark_circle.png</href>
        </Icon>
      </IconStyle>
    </Style>
    <Point>
      <coordinates>140.149993952879,37.0150607888736,358.510442372347</coordinates>
      <altitudeMode>absolute</altitudeMode>
    </Point>
  </Placemark>

  <Placemark>
    <Style>
      <IconStyle>
        <scale>0.455090909090909</scale>
        <color>FFD84D27</color>
        <Icon>
          <href>http://maps.google.com/mapfiles/kml/shapes/placemark_circle.png</href>
        </Icon>
      </IconStyle>
    </Style>
    <Point>
      <coordinates>140.149993952879,37.0150607888736,358.510442372347</coordinates>
      <altitudeMode>absolute</altitudeMode>
    </Point>
  </Placemark>

  <Placemark>
    <Style>
      <IconStyle>
        <scale>0.519818181818182</scale>
        <color>FFD3582C</color>
        <Icon>
          <href>http://maps.google.com/mapfiles/kml/shapes/placemark_circle.png</href>
        </Icon>
      </IconStyle>
    </Style>
    <Point>
      <coordinates>140.149993213177,37.015061609894,357.310442333947</coordinates>
      <altitudeMode>absolute</altitudeMode>
    </Point>
  </Placemark>

  <Placemark>
    <Style>
      <IconStyle>
        <scale>0.519818181818182</scale>
        <color>FFD3582C</color>
        <Icon>
          <href>http://maps.google.com/mapfiles/kml/shapes/placemark_circle.png</href>
        </Icon>
      </IconStyle>
    </Style>
    <Point>
      <coordinates>140.149993213177,37.015061609894,357.310442333947</coordinates>
      <altitudeMode>absolute</altitudeMode>
    </Point>
  </Placemark>

  <Placemark>
    <Style>
      <IconStyle>
        <scale>0.508545454545455</scale>
        <color>FFD4562B</color>
        <Icon>
          <href>http://maps.google.com/mapfiles/kml/shapes/placemark_circle.png</href>
        </Icon>
      </IconStyle>
    </Style>
    <Point>
      <coordinates>140.149993642861,37.0150609820745,356.110442295547</coordinates>
      <altitudeMode>absolute</altitudeMode>
    </Point>
  </Placemark>

  <Placemark>
    <Style>
      <IconStyle>
        <scale>0.508545454545455</scale>
        <color>FFD4562B</color>
        <Icon>
          <href>http://maps.google.com/mapfiles/kml/shapes/placemark_circle.png</href>
        </Icon>
      </IconStyle>
    </Style>
    <Point>
      <coordinates>140.149993642861,37.0150609820745,356.110442295547</coordinates>
      <altitudeMode>absolute</altitudeMode>
    </Point>
  </Placemark>

  <Placemark>
    <Style>
      <IconStyle>
        <scale>0.539272727272727</scale>
        <color>FFD15C2E</color>
        <Icon>
          <href>http://maps.google.com/mapfiles/kml/shapes/placemark_circle.png</href>
        </Icon>
      </IconStyle>
    </Style>
    <Point>
      <coordinates>140.149994264654,37.0150599794244,355.110442263547</coordinates>
      <altitudeMode>absolute</altitudeMode>
    </Point>
  </Placemark>

  <Placemark>
    <Style>
      <IconStyle>
        <scale>0.539272727272727</scale>
        <color>FFD15C2E</color>
        <Icon>
          <href>http://maps.google.com/mapfiles/kml/shapes/placemark_circle.png</href>
        </Icon>
      </IconStyle>
    </Style>
    <Point>
      <coordinates>140.149994264654,37.0150599794244,355.110442263547</coordinates>
      <altitudeMode>absolute</altitudeMode>
    </Point>
  </Placemark>

  <Placemark>
    <Style>
      <IconStyle>
        <scale>0.619272727272727</scale>
        <color>FFCA6935</color>
        <Icon>
          <href>http://maps.google.com/mapfiles/kml/shapes/placemark_circle.png</href>
        </Icon>
      </IconStyle>
    </Style>
    <Point>
      <coordinates>140.149994647078,37.0150596107596,354.410442241147</coordinates>
      <altitudeMode>absolute</altitudeMode>
    </Point>
  </Placemark>

  <Placemark>
    <Style>
      <IconStyle>
        <scale>0.619272727272727</scale>
        <color>FFCA6935</color>
        <Icon>
          <href>http://maps.google.com/mapfiles/kml/shapes/placemark_circle.png</href>
        </Icon>
      </IconStyle>
    </Style>
    <Point>
      <coordinates>140.149994647078,37.0150596107596,354.410442241147</coordinates>
      <altitudeMode>absolute</altitudeMode>
    </Point>
  </Placemark>

  <Placemark>
    <Style>
      <IconStyle>
        <scale>0.601090909090909</scale>
        <color>FFCC6633</color>
        <Icon>
          <href>http://maps.google.com/mapfiles/kml/shapes/placemark_circle.png</href>
        </Icon>
      </IconStyle>
    </Style>
    <Point>
      <coordinates>140.149994308502,37.0150604327437,353.410442209147</coordinates>
      <altitudeMode>absolute</altitudeMode>
    </Point>
  </Placemark>

  <Placemark>
    <Style>
      <IconStyle>
        <scale>0.601090909090909</scale>
        <color>FFCC6633</color>
        <Icon>
          <href>http://maps.google.com/mapfiles/kml/shapes/placemark_circle.png</href>
        </Icon>
      </IconStyle>
    </Style>
    <Point>
      <coordinates>140.149994308502,37.0150604327437,353.410442209147</coordinates>
      <altitudeMode>absolute</altitudeMode>
    </Point>
  </Placemark>

  <Placemark>
    <Style>
      <IconStyle>
        <scale>0.634181818181818</scale>
        <color>FFC96C36</color>
        <Icon>
          <href>http://maps.google.com/mapfiles/kml/shapes/placemark_circle.png</href>
        </Icon>
      </IconStyle>
    </Style>
    <Point>
      <coordinates>140.149994102517,37.0150612147158,352.410442177147</coordinates>
      <altitudeMode>absolute</altitudeMode>
    </Point>
  </Placemark>

  <Placemark>
    <Style>
      <IconStyle>
        <scale>0.634181818181818</scale>
        <color>FFC96C36</color>
        <Icon>
          <href>http://maps.google.com/mapfiles/kml/shapes/placemark_circle.png</href>
        </Icon>
      </IconStyle>
    </Style>
    <Point>
      <coordinates>140.149994102517,37.0150612147158,352.410442177147</coordinates>
      <altitudeMode>absolute</altitudeMode>
    </Point>
  </Placemark>

  <Placemark>
    <Style>
      <IconStyle>
        <scale>0.611272727272727</scale>
        <color>FFCB6834</color>
        <Icon>
          <href>http://maps.google.com/mapfiles/kml/shapes/placemark_circle.png</href>
        </Icon>
      </IconStyle>
    </Style>
    <Point>
      <coordinates>140.149993945071,37.01506143827,351.610442151547</coordinates>
      <altitudeMode>absolute</altitudeMode>
    </Point>
  </Placemark>

  <Placemark>
    <Style>
      <IconStyle>
        <scale>0.611272727272727</scale>
        <color>FFCB6834</color>
        <Icon>
          <href>http://maps.google.com/mapfiles/kml/shapes/placemark_circle.png</href>
        </Icon>
      </IconStyle>
    </Style>
    <Point>
      <coordinates>140.149993945071,37.01506143827,351.610442151547</coordinates>
      <altitudeMode>absolute</altitudeMode>
    </Point>
  </Placemark>

  <Placemark>
    <Style>
      <IconStyle>
        <scale>0.522363636363637</scale>
        <color>FFD3592C</color>
        <Icon>
          <href>http://maps.google.com/mapfiles/kml/shapes/placemark_circle.png</href>
        </Icon>
      </IconStyle>
    </Style>
    <Point>
      <coordinates>140.149993709732,37.0150615862782,350.710442122747</coordinates>
      <altitudeMode>absolute</altitudeMode>
    </Point>
  </Placemark>

  <Placemark>
    <Style>
      <IconStyle>
        <scale>0.522363636363637</scale>
        <color>FFD3592C</color>
        <Icon>
          <href>http://maps.google.com/mapfiles/kml/shapes/placemark_circle.png</href>
        </Icon>
      </IconStyle>
    </Style>
    <Point>
      <coordinates>140.149993709732,37.0150615862782,350.710442122747</coordinates>
      <altitudeMode>absolute</altitudeMode>
    </Point>
  </Placemark>

  <Placemark>
    <Style>
      <IconStyle>
        <scale>0.518545454545455</scale>
        <color>FFD3582C</color>
        <Icon>
          <href>http://maps.google.com/mapfiles/kml/shapes/placemark_circle.png</href>
        </Icon>
      </IconStyle>
    </Style>
    <Point>
      <coordinates>140.149993275723,37.0150616261533,349.710442090747</coordinates>
      <altitudeMode>absolute</altitudeMode>
    </Point>
  </Placemark>

  <Placemark>
    <Style>
      <IconStyle>
        <scale>0.518545454545455</scale>
        <color>FFD3582C</color>
        <Icon>
          <href>http://maps.google.com/mapfiles/kml/shapes/placemark_circle.png</href>
        </Icon>
      </IconStyle>
    </Style>
    <Point>
      <coordinates>140.149993275723,37.0150616261533,349.710442090747</coordinates>
      <altitudeMode>absolute</altitudeMode>
    </Point>
  </Placemark>

  <Placemark>
    <Style>
      <IconStyle>
        <scale>0.506545454545455</scale>
        <color>FFD4562B</color>
        <Icon>
          <href>http://maps.google.com/mapfiles/kml/shapes/placemark_circle.png</href>
        </Icon>
      </IconStyle>
    </Style>
    <Point>
      <coordinates>140.149993064389,37.0150610335615,348.910442065147</coordinates>
      <altitudeMode>absolute</altitudeMode>
    </Point>
  </Placemark>

  <Placemark>
    <Style>
      <IconStyle>
        <scale>0.506545454545455</scale>
        <color>FFD4562B</color>
        <Icon>
          <href>http://maps.google.com/mapfiles/kml/shapes/placemark_circle.png</href>
        </Icon>
      </IconStyle>
    </Style>
    <Point>
      <coordinates>140.149993064389,37.0150610335615,348.910442065147</coordinates>
      <altitudeMode>absolute</altitudeMode>
    </Point>
  </Placemark>

  <Placemark>
    <Style>
      <IconStyle>
        <scale>0.529090909090909</scale>
        <color>FFD25A2D</color>
        <Icon>
          <href>http://maps.google.com/mapfiles/kml/shapes/placemark_circle.png</href>
        </Icon>
      </IconStyle>
    </Style>
    <Point>
      <coordinates>140.149993603731,37.0150604970291,348.310442045947</coordinates>
      <altitudeMode>absolute</altitudeMode>
    </Point>
  </Placemark>

  <Placemark>
    <Style>
      <IconStyle>
        <scale>0.529090909090909</scale>
        <color>FFD25A2D</color>
        <Icon>
          <href>http://maps.google.com/mapfiles/kml/shapes/placemark_circle.png</href>
        </Icon>
      </IconStyle>
    </Style>
    <Point>
      <coordinates>140.149993603731,37.0150604970291,348.310442045947</coordinates>
      <altitudeMode>absolute</altitudeMode>
    </Point>
  </Placemark>

  <Placemark>
    <Style>
      <IconStyle>
        <scale>0.468545454545455</scale>
        <color>FFD75028</color>
        <Icon>
          <href>http://maps.google.com/mapfiles/kml/shapes/placemark_circle.png</href>
        </Icon>
      </IconStyle>
    </Style>
    <Point>
      <coordinates>140.149993759684,37.0150606900351,347.610442023547</coordinates>
      <altitudeMode>absolute</altitudeMode>
    </Point>
  </Placemark>

  <Placemark>
    <Style>
      <IconStyle>
        <scale>0.468545454545455</scale>
        <color>FFD75028</color>
        <Icon>
          <href>http://maps.google.com/mapfiles/kml/shapes/placemark_circle.png</href>
        </Icon>
      </IconStyle>
    </Style>
    <Point>
      <coordinates>140.149993759684,37.0150606900351,347.610442023547</coordinates>
      <altitudeMode>absolute</altitudeMode>
    </Point>
  </Placemark>

  <Placemark>
    <Style>
      <IconStyle>
        <scale>0.470363636363637</scale>
        <color>FFD75028</color>
        <Icon>
          <href>http://maps.google.com/mapfiles/kml/shapes/placemark_circle.png</href>
        </Icon>
      </IconStyle>
    </Style>
    <Point>
      <coordinates>140.149993733246,37.0150612905467,346.910442001147</coordinates>
      <altitudeMode>absolute</altitudeMode>
    </Point>
  </Placemark>

  <Placemark>
    <Style>
      <IconStyle>
        <scale>0.470363636363637</scale>
        <color>FFD75028</color>
        <Icon>
          <href>http://maps.google.com/mapfiles/kml/shapes/placemark_circle.png</href>
        </Icon>
      </IconStyle>
    </Style>
    <Point>
      <coordinates>140.149993733246,37.0150612905467,346.910442001147</coordinates>
      <altitudeMode>absolute</altitudeMode>
    </Point>
  </Placemark>

  <Placemark>
    <Style>
      <IconStyle>
        <scale>0.484545454545455</scale>
        <color>FFD65229</color>
        <Icon>
          <href>http://maps.google.com/mapfiles/kml/shapes/placemark_circle.png</href>
        </Icon>
      </IconStyle>
    </Style>
    <Point>
      <coordinates>140.149993330363,37.0150616081957,345.910441969147</coordinates>
      <altitudeMode>absolute</altitudeMode>
    </Point>
  </Placemark>

  <Placemark>
    <Style>
      <IconStyle>
        <scale>0.484545454545455</scale>
        <color>FFD65229</color>
        <Icon>
          <href>http://maps.google.com/mapfiles/kml/shapes/placemark_circle.png</href>
        </Icon>
      </IconStyle>
    </Style>
    <Point>
      <coordinates>140.149993330363,37.0150616081957,345.910441969147</coordinates>
      <altitudeMode>absolute</altitudeMode>
    </Point>
  </Placemark>

  <Placemark>
    <Style>
      <IconStyle>
        <scale>0.423454545454546</scale>
        <color>FFDB4824</color>
        <Icon>
          <href>http://maps.google.com/mapfiles/kml/shapes/placemark_circle.png</href>
        </Icon>
      </IconStyle>
    </Style>
    <Point>
      <coordinates>140.149992255267,37.0150612729339,344.710441930747</coordinates>
      <altitudeMode>absolute</altitudeMode>
    </Point>
  </Placemark>

  <Placemark>
    <Style>
      <IconStyle>
        <scale>0.423454545454546</scale>
        <color>FFDB4824</color>
        <Icon>
          <href>http://maps.google.com/mapfiles/kml/shapes/placemark_circle.png</href>
        </Icon>
      </IconStyle>
    </Style>
    <Point>
      <coordinates>140.149992255267,37.0150612729339,344.710441930747</coordinates>
      <altitudeMode>absolute</altitudeMode>
    </Point>
  </Placemark>

  <Placemark>
    <Style>
      <IconStyle>
        <scale>0.347636363636364</scale>
        <color>FFE13B1E</color>
        <Icon>
          <href>http://maps.google.com/mapfiles/kml/shapes/placemark_circle.png</href>
        </Icon>
      </IconStyle>
    </Style>
    <Point>
      <coordinates>140.149992423248,37.015061681114,343.410441889147</coordinates>
      <altitudeMode>absolute</altitudeMode>
    </Point>
  </Placemark>

  <Placemark>
    <Style>
      <IconStyle>
        <scale>0.347636363636364</scale>
        <color>FFE13B1E</color>
        <Icon>
          <href>http://maps.google.com/mapfiles/kml/shapes/placemark_circle.png</href>
        </Icon>
      </IconStyle>
    </Style>
    <Point>
      <coordinates>140.149992423248,37.015061681114,343.410441889147</coordinates>
      <altitudeMode>absolute</altitudeMode>
    </Point>
  </Placemark>

  <Placemark>
    <Style>
      <IconStyle>
        <scale>0.262727272727273</scale>
        <color>FFE92D16</color>
        <Icon>
          <href>http://maps.google.com/mapfiles/kml/shapes/placemark_circle.png</href>
        </Icon>
      </IconStyle>
    </Style>
    <Point>
      <coordinates>140.149992614576,37.0150617265937,342.210441850747</coordinates>
      <altitudeMode>absolute</altitudeMode>
    </Point>
  </Placemark>

  <Placemark>
    <Style>
      <IconStyle>
        <scale>0.262727272727273</scale>
        <color>FFE92D16</color>
        <Icon>
          <href>http://maps.google.com/mapfiles/kml/shapes/placemark_circle.png</href>
        </Icon>
      </IconStyle>
    </Style>
    <Point>
      <coordinates>140.149992614576,37.0150617265937,342.210441850747</coordinates>
      <altitudeMode>absolute</altitudeMode>
    </Point>
  </Placemark>

  <Placemark>
    <Style>
      <IconStyle>
        <scale>0.302909090909091</scale>
        <color>FFE5331A</color>
        <Icon>
          <href>http://maps.google.com/mapfiles/kml/shapes/placemark_circle.png</href>
        </Icon>
      </IconStyle>
    </Style>
    <Point>
      <coordinates>140.149993114319,37.0150616700696,341.010441812347</coordinates>
      <altitudeMode>absolute</altitudeMode>
    </Point>
  </Placemark>

  <Placemark>
    <Style>
      <IconStyle>
        <scale>0.302909090909091</scale>
        <color>FFE5331A</color>
        <Icon>
          <href>http://maps.google.com/mapfiles/kml/shapes/placemark_circle.png</href>
        </Icon>
      </IconStyle>
    </Style>
    <Point>
      <coordinates>140.149993114319,37.0150616700696,341.010441812347</coordinates>
      <altitudeMode>absolute</altitudeMode>
    </Point>
  </Placemark>

  <Placemark>
    <Style>
      <IconStyle>
        <scale>0.298181818181818</scale>
        <color>FFE63319</color>
        <Icon>
          <href>http://maps.google.com/mapfiles/kml/shapes/placemark_circle.png</href>
        </Icon>
      </IconStyle>
    </Style>
    <Point>
      <coordinates>140.14999338021,37.015061646184,339.910441777147</coordinates>
      <altitudeMode>absolute</altitudeMode>
    </Point>
  </Placemark>

  <Placemark>
    <Style>
      <IconStyle>
        <scale>0.298181818181818</scale>
        <color>FFE63319</color>
        <Icon>
          <href>http://maps.google.com/mapfiles/kml/shapes/placemark_circle.png</href>
        </Icon>
      </IconStyle>
    </Style>
    <Point>
      <coordinates>140.14999338021,37.015061646184,339.910441777147</coordinates>
      <altitudeMode>absolute</altitudeMode>
    </Point>
  </Placemark>

  <Placemark>
    <Style>
      <IconStyle>
        <scale>0.291272727272727</scale>
        <color>FFE63219</color>
        <Icon>
          <href>http://maps.google.com/mapfiles/kml/shapes/placemark_circle.png</href>
        </Icon>
      </IconStyle>
    </Style>
    <Point>
      <coordinates>140.149993524427,37.0150617864544,338.910441745147</coordinates>
      <altitudeMode>absolute</altitudeMode>
    </Point>
  </Placemark>

  <Placemark>
    <Style>
      <IconStyle>
        <scale>0.291272727272727</scale>
        <color>FFE63219</color>
        <Icon>
          <href>http://maps.google.com/mapfiles/kml/shapes/placemark_circle.png</href>
        </Icon>
      </IconStyle>
    </Style>
    <Point>
      <coordinates>140.149993524427,37.0150617864544,338.910441745147</coordinates>
      <altitudeMode>absolute</altitudeMode>
    </Point>
  </Placemark>

  <Placemark>
    <Style>
      <IconStyle>
        <scale>0.289272727272727</scale>
        <color>FFE63119</color>
        <Icon>
          <href>http://maps.google.com/mapfiles/kml/shapes/placemark_circle.png</href>
        </Icon>
      </IconStyle>
    </Style>
    <Point>
      <coordinates>140.149993500526,37.0150623507917,338.010441716347</coordinates>
      <altitudeMode>absolute</altitudeMode>
    </Point>
  </Placemark>

  <Placemark>
    <Style>
      <IconStyle>
        <scale>0.289272727272727</scale>
        <color>FFE63119</color>
        <Icon>
          <href>http://maps.google.com/mapfiles/kml/shapes/placemark_circle.png</href>
        </Icon>
      </IconStyle>
    </Style>
    <Point>
      <coordinates>140.149993500526,37.0150623507917,338.010441716347</coordinates>
      <altitudeMode>absolute</altitudeMode>
    </Point>
  </Placemark>

  <Placemark>
    <Style>
      <IconStyle>
        <scale>0.282</scale>
        <color>FFE73018</color>
        <Icon>
          <href>http://maps.google.com/mapfiles/kml/shapes/placemark_circle.png</href>
        </Icon>
      </IconStyle>
    </Style>
    <Point>
      <coordinates>140.14999334253,37.0150630221655,337.410441697147</coordinates>
      <altitudeMode>absolute</altitudeMode>
    </Point>
  </Placemark>

  <Placemark>
    <Style>
      <IconStyle>
        <scale>0.282</scale>
        <color>FFE73018</color>
        <Icon>
          <href>http://maps.google.com/mapfiles/kml/shapes/placemark_circle.png</href>
        </Icon>
      </IconStyle>
    </Style>
    <Point>
      <coordinates>140.14999334253,37.0150630221655,337.410441697147</coordinates>
      <altitudeMode>absolute</altitudeMode>
    </Point>
  </Placemark>

  <Placemark>
    <Style>
      <IconStyle>
        <scale>0.289272727272727</scale>
        <color>FFE63119</color>
        <Icon>
          <href>http://maps.google.com/mapfiles/kml/shapes/placemark_circle.png</href>
        </Icon>
      </IconStyle>
    </Style>
    <Point>
      <coordinates>140.149993526816,37.0150623668496,336.610441671547</coordinates>
      <altitudeMode>absolute</altitudeMode>
    </Point>
  </Placemark>

  <Placemark>
    <Style>
      <IconStyle>
        <scale>0.289272727272727</scale>
        <color>FFE63119</color>
        <Icon>
          <href>http://maps.google.com/mapfiles/kml/shapes/placemark_circle.png</href>
        </Icon>
      </IconStyle>
    </Style>
    <Point>
      <coordinates>140.149993526816,37.0150623668496,336.610441671547</coordinates>
      <altitudeMode>absolute</altitudeMode>
    </Point>
  </Placemark>

  <Placemark>
    <Style>
      <IconStyle>
        <scale>0.295090909090909</scale>
        <color>FFE63219</color>
        <Icon>
          <href>http://maps.google.com/mapfiles/kml/shapes/placemark_circle.png</href>
        </Icon>
      </IconStyle>
    </Style>
    <Point>
      <coordinates>140.149993012393,37.0150624063156,336.010441652347</coordinates>
      <altitudeMode>absolute</altitudeMode>
    </Point>
  </Placemark>

  <Placemark>
    <Style>
      <IconStyle>
        <scale>0.295090909090909</scale>
        <color>FFE63219</color>
        <Icon>
          <href>http://maps.google.com/mapfiles/kml/shapes/placemark_circle.png</href>
        </Icon>
      </IconStyle>
    </Style>
    <Point>
      <coordinates>140.149993012393,37.0150624063156,336.010441652347</coordinates>
      <altitudeMode>absolute</altitudeMode>
    </Point>
  </Placemark>

  <Placemark>
    <Style>
      <IconStyle>
        <scale>0.247818181818182</scale>
        <color>FFEA2A15</color>
        <Icon>
          <href>http://maps.google.com/mapfiles/kml/shapes/placemark_circle.png</href>
        </Icon>
      </IconStyle>
    </Style>
    <Point>
      <coordinates>140.14999276794,37.015062387949,335.310441629947</coordinates>
      <altitudeMode>absolute</altitudeMode>
    </Point>
  </Placemark>

  <Placemark>
    <Style>
      <IconStyle>
        <scale>0.247818181818182</scale>
        <color>FFEA2A15</color>
        <Icon>
          <href>http://maps.google.com/mapfiles/kml/shapes/placemark_circle.png</href>
        </Icon>
      </IconStyle>
    </Style>
    <Point>
      <coordinates>140.14999276794,37.015062387949,335.310441629947</coordinates>
      <altitudeMode>absolute</altitudeMode>
    </Point>
  </Placemark>

  <Placemark>
    <Style>
      <IconStyle>
        <scale>0.227090909090909</scale>
        <color>FFEC2713</color>
        <Icon>
          <href>http://maps.google.com/mapfiles/kml/shapes/placemark_circle.png</href>
        </Icon>
      </IconStyle>
    </Style>
    <Point>
      <coordinates>140.149992313251,37.0150614854095,334.310441597947</coordinates>
      <altitudeMode>absolute</altitudeMode>
    </Point>
  </Placemark>

  <Placemark>
    <Style>
      <IconStyle>
        <scale>0.227090909090909</scale>
        <color>FFEC2713</color>
        <Icon>
          <href>http://maps.google.com/mapfiles/kml/shapes/placemark_circle.png</href>
        </Icon>
      </IconStyle>
    </Style>
    <Point>
      <coordinates>140.149992313251,37.0150614854095,334.310441597947</coordinates>
      <altitudeMode>absolute</altitudeMode>
    </Point>
  </Placemark>

  <Placemark>
    <Style>
      <IconStyle>
        <scale>0.237818181818182</scale>
        <color>FFEB2814</color>
        <Icon>
          <href>http://maps.google.com/mapfiles/kml/shapes/placemark_circle.png</href>
        </Icon>
      </IconStyle>
    </Style>
    <Point>
      <coordinates>140.149992892988,37.0150612018981,333.310441565947</coordinates>
      <altitudeMode>absolute</altitudeMode>
    </Point>
  </Placemark>

  <Placemark>
    <Style>
      <IconStyle>
        <scale>0.237818181818182</scale>
        <color>FFEB2814</color>
        <Icon>
          <href>http://maps.google.com/mapfiles/kml/shapes/placemark_circle.png</href>
        </Icon>
      </IconStyle>
    </Style>
    <Point>
      <coordinates>140.149992892988,37.0150612018981,333.310441565947</coordinates>
      <altitudeMode>absolute</altitudeMode>
    </Point>
  </Placemark>

  <Placemark>
    <Style>
      <IconStyle>
        <scale>0.234909090909091</scale>
        <color>FFEB2814</color>
        <Icon>
          <href>http://maps.google.com/mapfiles/kml/shapes/placemark_circle.png</href>
        </Icon>
      </IconStyle>
    </Style>
    <Point>
      <coordinates>140.149993386769,37.0150617848761,332.010441524347</coordinates>
      <altitudeMode>absolute</altitudeMode>
    </Point>
  </Placemark>

  <Placemark>
    <Style>
      <IconStyle>
        <scale>0.234909090909091</scale>
        <color>FFEB2814</color>
        <Icon>
          <href>http://maps.google.com/mapfiles/kml/shapes/placemark_circle.png</href>
        </Icon>
      </IconStyle>
    </Style>
    <Point>
      <coordinates>140.149993386769,37.0150617848761,332.010441524347</coordinates>
      <altitudeMode>absolute</altitudeMode>
    </Point>
  </Placemark>

  <Placemark>
    <Style>
      <IconStyle>
        <scale>0.210909090909091</scale>
        <color>FFED2412</color>
        <Icon>
          <href>http://maps.google.com/mapfiles/kml/shapes/placemark_circle.png</href>
        </Icon>
      </IconStyle>
    </Style>
    <Point>
      <coordinates>140.149992413879,37.0150619120012,330.610441479547</coordinates>
      <altitudeMode>absolute</altitudeMode>
    </Point>
  </Placemark>

  <Placemark>
    <Style>
      <IconStyle>
        <scale>0.210909090909091</scale>
        <color>FFED2412</color>
        <Icon>
          <href>http://maps.google.com/mapfiles/kml/shapes/placemark_circle.png</href>
        </Icon>
      </IconStyle>
    </Style>
    <Point>
      <coordinates>140.149992413879,37.0150619120012,330.610441479547</coordinates>
      <altitudeMode>absolute</altitudeMode>
    </Point>
  </Placemark>

  <Placemark>
    <Style>
      <IconStyle>
        <scale>0.238181818181818</scale>
        <color>FFEB2814</color>
        <Icon>
          <href>http://maps.google.com/mapfiles/kml/shapes/placemark_circle.png</href>
        </Icon>
      </IconStyle>
    </Style>
    <Point>
      <coordinates>140.149992312777,37.0150616886697,329.310441437947</coordinates>
      <altitudeMode>absolute</altitudeMode>
    </Point>
  </Placemark>

  <Placemark>
    <Style>
      <IconStyle>
        <scale>0.238181818181818</scale>
        <color>FFEB2814</color>
        <Icon>
          <href>http://maps.google.com/mapfiles/kml/shapes/placemark_circle.png</href>
        </Icon>
      </IconStyle>
    </Style>
    <Point>
      <coordinates>140.149992312777,37.0150616886697,329.310441437947</coordinates>
      <altitudeMode>absolute</altitudeMode>
    </Point>
  </Placemark>

  <Placemark>
    <Style>
      <IconStyle>
        <scale>0.237090909090909</scale>
        <color>FFEB2814</color>
        <Icon>
          <href>http://maps.google.com/mapfiles/kml/shapes/placemark_circle.png</href>
        </Icon>
      </IconStyle>
    </Style>
    <Point>
      <coordinates>140.149992628818,37.015061290778,328.110441399547</coordinates>
      <altitudeMode>absolute</altitudeMode>
    </Point>
  </Placemark>

  <Placemark>
    <Style>
      <IconStyle>
        <scale>0.237090909090909</scale>
        <color>FFEB2814</color>
        <Icon>
          <href>http://maps.google.com/mapfiles/kml/shapes/placemark_circle.png</href>
        </Icon>
      </IconStyle>
    </Style>
    <Point>
      <coordinates>140.149992628818,37.015061290778,328.110441399547</coordinates>
      <altitudeMode>absolute</altitudeMode>
    </Point>
  </Placemark>

  <Placemark>
    <Style>
      <IconStyle>
        <scale>0.245818181818182</scale>
        <color>FFEA2A15</color>
        <Icon>
          <href>http://maps.google.com/mapfiles/kml/shapes/placemark_circle.png</href>
        </Icon>
      </IconStyle>
    </Style>
    <Point>
      <coordinates>140.149993213346,37.0150605131406,326.910441361147</coordinates>
      <altitudeMode>absolute</altitudeMode>
    </Point>
  </Placemark>

  <Placemark>
    <Style>
      <IconStyle>
        <scale>0.245818181818182</scale>
        <color>FFEA2A15</color>
        <Icon>
          <href>http://maps.google.com/mapfiles/kml/shapes/placemark_circle.png</href>
        </Icon>
      </IconStyle>
    </Style>
    <Point>
      <coordinates>140.149993213346,37.0150605131406,326.910441361147</coordinates>
      <altitudeMode>absolute</altitudeMode>
    </Point>
  </Placemark>

  <Placemark>
    <Style>
      <IconStyle>
        <scale>0.259090909090909</scale>
        <color>FFE92C16</color>
        <Icon>
          <href>http://maps.google.com/mapfiles/kml/shapes/placemark_circle.png</href>
        </Icon>
      </IconStyle>
    </Style>
    <Point>
      <coordinates>140.149993327115,37.0150613921821,325.910441329147</coordinates>
      <altitudeMode>absolute</altitudeMode>
    </Point>
  </Placemark>

  <Placemark>
    <Style>
      <IconStyle>
        <scale>0.259090909090909</scale>
        <color>FFE92C16</color>
        <Icon>
          <href>http://maps.google.com/mapfiles/kml/shapes/placemark_circle.png</href>
        </Icon>
      </IconStyle>
    </Style>
    <Point>
      <coordinates>140.149993327115,37.0150613921821,325.910441329147</coordinates>
      <altitudeMode>absolute</altitudeMode>
    </Point>
  </Placemark>

  <Placemark>
    <Style>
      <IconStyle>
        <scale>0.238181818181818</scale>
        <color>FFEB2814</color>
        <Icon>
          <href>http://maps.google.com/mapfiles/kml/shapes/placemark_circle.png</href>
        </Icon>
      </IconStyle>
    </Style>
    <Point>
      <coordinates>140.149993083237,37.0150610504483,324.710441290747</coordinates>
      <altitudeMode>absolute</altitudeMode>
    </Point>
  </Placemark>

  <Placemark>
    <Style>
      <IconStyle>
        <scale>0.238181818181818</scale>
        <color>FFEB2814</color>
        <Icon>
          <href>http://maps.google.com/mapfiles/kml/shapes/placemark_circle.png</href>
        </Icon>
      </IconStyle>
    </Style>
    <Point>
      <coordinates>140.149993083237,37.0150610504483,324.710441290747</coordinates>
      <altitudeMode>absolute</altitudeMode>
    </Point>
  </Placemark>

  <Placemark>
    <Style>
      <IconStyle>
        <scale>0.202</scale>
        <color>FFEE2211</color>
        <Icon>
          <href>http://maps.google.com/mapfiles/kml/shapes/placemark_circle.png</href>
        </Icon>
      </IconStyle>
    </Style>
    <Point>
      <coordinates>140.149992562222,37.0150610986757,323.710441258747</coordinates>
      <altitudeMode>absolute</altitudeMode>
    </Point>
  </Placemark>

  <Placemark>
    <Style>
      <IconStyle>
        <scale>0.202</scale>
        <color>FFEE2211</color>
        <Icon>
          <href>http://maps.google.com/mapfiles/kml/shapes/placemark_circle.png</href>
        </Icon>
      </IconStyle>
    </Style>
    <Point>
      <coordinates>140.149992562222,37.0150610986757,323.710441258747</coordinates>
      <altitudeMode>absolute</altitudeMode>
    </Point>
  </Placemark>

  <Placemark>
    <Style>
      <IconStyle>
        <scale>0.205454545454545</scale>
        <color>FFEE2311</color>
        <Icon>
          <href>http://maps.google.com/mapfiles/kml/shapes/placemark_circle.png</href>
        </Icon>
      </IconStyle>
    </Style>
    <Point>
      <coordinates>140.149993243979,37.0150623622365,322.910441233147</coordinates>
      <altitudeMode>absolute</altitudeMode>
    </Point>
  </Placemark>

  <Placemark>
    <Style>
      <IconStyle>
        <scale>0.205454545454545</scale>
        <color>FFEE2311</color>
        <Icon>
          <href>http://maps.google.com/mapfiles/kml/shapes/placemark_circle.png</href>
        </Icon>
      </IconStyle>
    </Style>
    <Point>
      <coordinates>140.149993243979,37.0150623622365,322.910441233147</coordinates>
      <altitudeMode>absolute</altitudeMode>
    </Point>
  </Placemark>

  <Placemark>
    <Style>
      <IconStyle>
        <scale>0.209818181818182</scale>
        <color>FFED2412</color>
        <Icon>
          <href>http://maps.google.com/mapfiles/kml/shapes/placemark_circle.png</href>
        </Icon>
      </IconStyle>
    </Style>
    <Point>
      <coordinates>140.149993025218,37.0150613844594,322.110441207547</coordinates>
      <altitudeMode>absolute</altitudeMode>
    </Point>
  </Placemark>

  <Placemark>
    <Style>
      <IconStyle>
        <scale>0.209818181818182</scale>
        <color>FFED2412</color>
        <Icon>
          <href>http://maps.google.com/mapfiles/kml/shapes/placemark_circle.png</href>
        </Icon>
      </IconStyle>
    </Style>
    <Point>
      <coordinates>140.149993025218,37.0150613844594,322.110441207547</coordinates>
      <altitudeMode>absolute</altitudeMode>
    </Point>
  </Placemark>

  <Placemark>
    <Style>
      <IconStyle>
        <scale>0.225454545454545</scale>
        <color>FFEC2613</color>
        <Icon>
          <href>http://maps.google.com/mapfiles/kml/shapes/placemark_circle.png</href>
        </Icon>
      </IconStyle>
    </Style>
    <Point>
      <coordinates>140.149992897911,37.0150606555591,321.210441178747</coordinates>
      <altitudeMode>absolute</altitudeMode>
    </Point>
  </Placemark>

  <Placemark>
    <Style>
      <IconStyle>
        <scale>0.225454545454545</scale>
        <color>FFEC2613</color>
        <Icon>
          <href>http://maps.google.com/mapfiles/kml/shapes/placemark_circle.png</href>
        </Icon>
      </IconStyle>
    </Style>
    <Point>
      <coordinates>140.149992897911,37.0150606555591,321.210441178747</coordinates>
      <altitudeMode>absolute</altitudeMode>
    </Point>
  </Placemark>

  <Placemark>
    <Style>
      <IconStyle>
        <scale>0.237454545454545</scale>
        <color>FFEB2814</color>
        <Icon>
          <href>http://maps.google.com/mapfiles/kml/shapes/placemark_circle.png</href>
        </Icon>
      </IconStyle>
    </Style>
    <Point>
      <coordinates>140.149992339687,37.0150602048655,320.210441146747</coordinates>
      <altitudeMode>absolute</altitudeMode>
    </Point>
  </Placemark>

  <Placemark>
    <Style>
      <IconStyle>
        <scale>0.237454545454545</scale>
        <color>FFEB2814</color>
        <Icon>
          <href>http://maps.google.com/mapfiles/kml/shapes/placemark_circle.png</href>
        </Icon>
      </IconStyle>
    </Style>
    <Point>
      <coordinates>140.149992339687,37.0150602048655,320.210441146747</coordinates>
      <altitudeMode>absolute</altitudeMode>
    </Point>
  </Placemark>

  <Placemark>
    <Style>
      <IconStyle>
        <scale>0.247454545454545</scale>
        <color>FFEA2A15</color>
        <Icon>
          <href>http://maps.google.com/mapfiles/kml/shapes/placemark_circle.png</href>
        </Icon>
      </IconStyle>
    </Style>
    <Point>
      <coordinates>140.149991990185,37.0150596784887,319.210441114747</coordinates>
      <altitudeMode>absolute</altitudeMode>
    </Point>
  </Placemark>

  <Placemark>
    <Style>
      <IconStyle>
        <scale>0.247454545454545</scale>
        <color>FFEA2A15</color>
        <Icon>
          <href>http://maps.google.com/mapfiles/kml/shapes/placemark_circle.png</href>
        </Icon>
      </IconStyle>
    </Style>
    <Point>
      <coordinates>140.149991990185,37.0150596784887,319.210441114747</coordinates>
      <altitudeMode>absolute</altitudeMode>
    </Point>
  </Placemark>

  <Placemark>
    <Style>
      <IconStyle>
        <scale>0.255818181818182</scale>
        <color>FFE92B16</color>
        <Icon>
          <href>http://maps.google.com/mapfiles/kml/shapes/placemark_circle.png</href>
        </Icon>
      </IconStyle>
    </Style>
    <Point>
      <coordinates>140.149991887082,37.0150594433204,318.110441079547</coordinates>
      <altitudeMode>absolute</altitudeMode>
    </Point>
  </Placemark>

  <Placemark>
    <Style>
      <IconStyle>
        <scale>0.255818181818182</scale>
        <color>FFE92B16</color>
        <Icon>
          <href>http://maps.google.com/mapfiles/kml/shapes/placemark_circle.png</href>
        </Icon>
      </IconStyle>
    </Style>
    <Point>
      <coordinates>140.149991887082,37.0150594433204,318.110441079547</coordinates>
      <altitudeMode>absolute</altitudeMode>
    </Point>
  </Placemark>

  <Placemark>
    <Style>
      <IconStyle>
        <scale>0.254</scale>
        <color>FFE92B16</color>
        <Icon>
          <href>http://maps.google.com/mapfiles/kml/shapes/placemark_circle.png</href>
        </Icon>
      </IconStyle>
    </Style>
    <Point>
      <coordinates>140.149991957925,37.0150597209144,317.010441044347</coordinates>
      <altitudeMode>absolute</altitudeMode>
    </Point>
  </Placemark>

  <Placemark>
    <Style>
      <IconStyle>
        <scale>0.254</scale>
        <color>FFE92B16</color>
        <Icon>
          <href>http://maps.google.com/mapfiles/kml/shapes/placemark_circle.png</href>
        </Icon>
      </IconStyle>
    </Style>
    <Point>
      <coordinates>140.149991957925,37.0150597209144,317.010441044347</coordinates>
      <altitudeMode>absolute</altitudeMode>
    </Point>
  </Placemark>

  <Placemark>
    <Style>
      <IconStyle>
        <scale>0.256545454545455</scale>
        <color>FFE92C16</color>
        <Icon>
          <href>http://maps.google.com/mapfiles/kml/shapes/placemark_circle.png</href>
        </Icon>
      </IconStyle>
    </Style>
    <Point>
      <coordinates>140.149991602764,37.0150595998415,316.010441012347</coordinates>
      <altitudeMode>absolute</altitudeMode>
    </Point>
  </Placemark>

  <Placemark>
    <Style>
      <IconStyle>
        <scale>0.256545454545455</scale>
        <color>FFE92C16</color>
        <Icon>
          <href>http://maps.google.com/mapfiles/kml/shapes/placemark_circle.png</href>
        </Icon>
      </IconStyle>
    </Style>
    <Point>
      <coordinates>140.149991602764,37.0150595998415,316.010441012347</coordinates>
      <altitudeMode>absolute</altitudeMode>
    </Point>
  </Placemark>

  <Placemark>
    <Style>
      <IconStyle>
        <scale>0.260363636363636</scale>
        <color>FFE92C16</color>
        <Icon>
          <href>http://maps.google.com/mapfiles/kml/shapes/placemark_circle.png</href>
        </Icon>
      </IconStyle>
    </Style>
    <Point>
      <coordinates>140.149990994639,37.0150586163869,315.010440980347</coordinates>
      <altitudeMode>absolute</altitudeMode>
    </Point>
  </Placemark>

  <Placemark>
    <Style>
      <IconStyle>
        <scale>0.260363636363636</scale>
        <color>FFE92C16</color>
        <Icon>
          <href>http://maps.google.com/mapfiles/kml/shapes/placemark_circle.png</href>
        </Icon>
      </IconStyle>
    </Style>
    <Point>
      <coordinates>140.149990994639,37.0150586163869,315.010440980347</coordinates>
      <altitudeMode>absolute</altitudeMode>
    </Point>
  </Placemark>

  <Placemark>
    <Style>
      <IconStyle>
        <scale>0.261636363636364</scale>
        <color>FFE92C16</color>
        <Icon>
          <href>http://maps.google.com/mapfiles/kml/shapes/placemark_circle.png</href>
        </Icon>
      </IconStyle>
    </Style>
    <Point>
      <coordinates>140.149991411475,37.0150587073656,314.010440948347</coordinates>
      <altitudeMode>absolute</altitudeMode>
    </Point>
  </Placemark>

  <Placemark>
    <Style>
      <IconStyle>
        <scale>0.261636363636364</scale>
        <color>FFE92C16</color>
        <Icon>
          <href>http://maps.google.com/mapfiles/kml/shapes/placemark_circle.png</href>
        </Icon>
      </IconStyle>
    </Style>
    <Point>
      <coordinates>140.149991411475,37.0150587073656,314.010440948347</coordinates>
      <altitudeMode>absolute</altitudeMode>
    </Point>
  </Placemark>

  <Placemark>
    <Style>
      <IconStyle>
        <scale>0.289272727272727</scale>
        <color>FFE63119</color>
        <Icon>
          <href>http://maps.google.com/mapfiles/kml/shapes/placemark_circle.png</href>
        </Icon>
      </IconStyle>
    </Style>
    <Point>
      <coordinates>140.149991935505,37.015058702639,313.110440919547</coordinates>
      <altitudeMode>absolute</altitudeMode>
    </Point>
  </Placemark>

  <Placemark>
    <Style>
      <IconStyle>
        <scale>0.289272727272727</scale>
        <color>FFE63119</color>
        <Icon>
          <href>http://maps.google.com/mapfiles/kml/shapes/placemark_circle.png</href>
        </Icon>
      </IconStyle>
    </Style>
    <Point>
      <coordinates>140.149991935505,37.015058702639,313.110440919547</coordinates>
      <altitudeMode>absolute</altitudeMode>
    </Point>
  </Placemark>

  <Placemark>
    <Style>
      <IconStyle>
        <scale>0.288545454545454</scale>
        <color>FFE63119</color>
        <Icon>
          <href>http://maps.google.com/mapfiles/kml/shapes/placemark_circle.png</href>
        </Icon>
      </IconStyle>
    </Style>
    <Point>
      <coordinates>140.149991953572,37.0150589327253,312.110440887547</coordinates>
      <altitudeMode>absolute</altitudeMode>
    </Point>
  </Placemark>

  <Placemark>
    <Style>
      <IconStyle>
        <scale>0.288545454545454</scale>
        <color>FFE63119</color>
        <Icon>
          <href>http://maps.google.com/mapfiles/kml/shapes/placemark_circle.png</href>
        </Icon>
      </IconStyle>
    </Style>
    <Point>
      <coordinates>140.149991953572,37.0150589327253,312.110440887547</coordinates>
      <altitudeMode>absolute</altitudeMode>
    </Point>
  </Placemark>

  <Placemark>
    <Style>
      <IconStyle>
        <scale>0.323636363636364</scale>
        <color>FFE3371C</color>
        <Icon>
          <href>http://maps.google.com/mapfiles/kml/shapes/placemark_circle.png</href>
        </Icon>
      </IconStyle>
    </Style>
    <Point>
      <coordinates>140.149992273421,37.0150586798413,311.210440858747</coordinates>
      <altitudeMode>absolute</altitudeMode>
    </Point>
  </Placemark>

  <Placemark>
    <Style>
      <IconStyle>
        <scale>0.323636363636364</scale>
        <color>FFE3371C</color>
        <Icon>
          <href>http://maps.google.com/mapfiles/kml/shapes/placemark_circle.png</href>
        </Icon>
      </IconStyle>
    </Style>
    <Point>
      <coordinates>140.149992273421,37.0150586798413,311.210440858747</coordinates>
      <altitudeMode>absolute</altitudeMode>
    </Point>
  </Placemark>

  <Placemark>
    <Style>
      <IconStyle>
        <scale>0.371090909090909</scale>
        <color>FFDF3F20</color>
        <Icon>
          <href>http://maps.google.com/mapfiles/kml/shapes/placemark_circle.png</href>
        </Icon>
      </IconStyle>
    </Style>
    <Point>
      <coordinates>140.14999259232,37.0150586022586,310.310440829947</coordinates>
      <altitudeMode>absolute</altitudeMode>
    </Point>
  </Placemark>

  <Placemark>
    <Style>
      <IconStyle>
        <scale>0.371090909090909</scale>
        <color>FFDF3F20</color>
        <Icon>
          <href>http://maps.google.com/mapfiles/kml/shapes/placemark_circle.png</href>
        </Icon>
      </IconStyle>
    </Style>
    <Point>
      <coordinates>140.14999259232,37.0150586022586,310.310440829947</coordinates>
      <altitudeMode>absolute</altitudeMode>
    </Point>
  </Placemark>

  <Placemark>
    <Style>
      <IconStyle>
        <scale>0.382909090909091</scale>
        <color>FFDE4121</color>
        <Icon>
          <href>http://maps.google.com/mapfiles/kml/shapes/placemark_circle.png</href>
        </Icon>
      </IconStyle>
    </Style>
    <Point>
      <coordinates>140.14999312746,37.0150587838454,309.510440804347</coordinates>
      <altitudeMode>absolute</altitudeMode>
    </Point>
  </Placemark>

  <Placemark>
    <Style>
      <IconStyle>
        <scale>0.382909090909091</scale>
        <color>FFDE4121</color>
        <Icon>
          <href>http://maps.google.com/mapfiles/kml/shapes/placemark_circle.png</href>
        </Icon>
      </IconStyle>
    </Style>
    <Point>
      <coordinates>140.14999312746,37.0150587838454,309.510440804347</coordinates>
      <altitudeMode>absolute</altitudeMode>
    </Point>
  </Placemark>

  <Placemark>
    <Style>
      <IconStyle>
        <scale>0.373636363636363</scale>
        <color>FFDF4020</color>
        <Icon>
          <href>http://maps.google.com/mapfiles/kml/shapes/placemark_circle.png</href>
        </Icon>
      </IconStyle>
    </Style>
    <Point>
      <coordinates>140.149993646935,37.0150588812212,308.710440778747</coordinates>
      <altitudeMode>absolute</altitudeMode>
    </Point>
  </Placemark>

  <Placemark>
    <Style>
      <IconStyle>
        <scale>0.373636363636363</scale>
        <color>FFDF4020</color>
        <Icon>
          <href>http://maps.google.com/mapfiles/kml/shapes/placemark_circle.png</href>
        </Icon>
      </IconStyle>
    </Style>
    <Point>
      <coordinates>140.149993646935,37.0150588812212,308.710440778747</coordinates>
      <altitudeMode>absolute</altitudeMode>
    </Point>
  </Placemark>

  <Placemark>
    <Style>
      <IconStyle>
        <scale>0.353636363636363</scale>
        <color>FFE13C1E</color>
        <Icon>
          <href>http://maps.google.com/mapfiles/kml/shapes/placemark_circle.png</href>
        </Icon>
      </IconStyle>
    </Style>
    <Point>
      <coordinates>140.149992934273,37.0150585840097,308.010440756347</coordinates>
      <altitudeMode>absolute</altitudeMode>
    </Point>
  </Placemark>

  <Placemark>
    <Style>
      <IconStyle>
        <scale>0.353636363636363</scale>
        <color>FFE13C1E</color>
        <Icon>
          <href>http://maps.google.com/mapfiles/kml/shapes/placemark_circle.png</href>
        </Icon>
      </IconStyle>
    </Style>
    <Point>
      <coordinates>140.149992934273,37.0150585840097,308.010440756347</coordinates>
      <altitudeMode>absolute</altitudeMode>
    </Point>
  </Placemark>

  <Placemark>
    <Style>
      <IconStyle>
        <scale>0.346363636363636</scale>
        <color>FFE23B1D</color>
        <Icon>
          <href>http://maps.google.com/mapfiles/kml/shapes/placemark_circle.png</href>
        </Icon>
      </IconStyle>
    </Style>
    <Point>
      <coordinates>140.149992630397,37.0150580578621,307.410440737147</coordinates>
      <altitudeMode>absolute</altitudeMode>
    </Point>
  </Placemark>

  <Placemark>
    <Style>
      <IconStyle>
        <scale>0.346363636363636</scale>
        <color>FFE23B1D</color>
        <Icon>
          <href>http://maps.google.com/mapfiles/kml/shapes/placemark_circle.png</href>
        </Icon>
      </IconStyle>
    </Style>
    <Point>
      <coordinates>140.149992630397,37.0150580578621,307.410440737147</coordinates>
      <altitudeMode>absolute</altitudeMode>
    </Point>
  </Placemark>

  <Placemark>
    <Style>
      <IconStyle>
        <scale>0.391090909090909</scale>
        <color>FFDE4221</color>
        <Icon>
          <href>http://maps.google.com/mapfiles/kml/shapes/placemark_circle.png</href>
        </Icon>
      </IconStyle>
    </Style>
    <Point>
      <coordinates>140.14999269178,37.0150582105605,307.410440737147</coordinates>
      <altitudeMode>absolute</altitudeMode>
    </Point>
  </Placemark>

  <Placemark>
    <Style>
      <IconStyle>
        <scale>0.391090909090909</scale>
        <color>FFDE4221</color>
        <Icon>
          <href>http://maps.google.com/mapfiles/kml/shapes/placemark_circle.png</href>
        </Icon>
      </IconStyle>
    </Style>
    <Point>
      <coordinates>140.14999269178,37.0150582105605,307.410440737147</coordinates>
      <altitudeMode>absolute</altitudeMode>
    </Point>
  </Placemark>

  <Placemark>
    <Style>
      <IconStyle>
        <scale>0.411272727272727</scale>
        <color>FFDC4623</color>
        <Icon>
          <href>http://maps.google.com/mapfiles/kml/shapes/placemark_circle.png</href>
        </Icon>
      </IconStyle>
    </Style>
    <Point>
      <coordinates>140.149992915733,37.0150586493595,307.410440737147</coordinates>
      <altitudeMode>absolute</altitudeMode>
    </Point>
  </Placemark>

  <Placemark>
    <Style>
      <IconStyle>
        <scale>0.411272727272727</scale>
        <color>FFDC4623</color>
        <Icon>
          <href>http://maps.google.com/mapfiles/kml/shapes/placemark_circle.png</href>
        </Icon>
      </IconStyle>
    </Style>
    <Point>
      <coordinates>140.149992915733,37.0150586493595,307.410440737147</coordinates>
      <altitudeMode>absolute</altitudeMode>
    </Point>
  </Placemark>

  <Placemark>
    <Style>
      <IconStyle>
        <scale>0.426727272727272</scale>
        <color>FFDB4924</color>
        <Icon>
          <href>http://maps.google.com/mapfiles/kml/shapes/placemark_circle.png</href>
        </Icon>
      </IconStyle>
    </Style>
    <Point>
      <coordinates>140.149992899027,37.0150584099828,307.410440737147</coordinates>
      <altitudeMode>absolute</altitudeMode>
    </Point>
  </Placemark>

  <Placemark>
    <Style>
      <IconStyle>
        <scale>0.426727272727272</scale>
        <color>FFDB4924</color>
        <Icon>
          <href>http://maps.google.com/mapfiles/kml/shapes/placemark_circle.png</href>
        </Icon>
      </IconStyle>
    </Style>
    <Point>
      <coordinates>140.149992899027,37.0150584099828,307.410440737147</coordinates>
      <altitudeMode>absolute</altitudeMode>
    </Point>
  </Placemark>

  <Placemark>
    <Style>
      <IconStyle>
        <scale>0.411636363636363</scale>
        <color>FFDC4623</color>
        <Icon>
          <href>http://maps.google.com/mapfiles/kml/shapes/placemark_circle.png</href>
        </Icon>
      </IconStyle>
    </Style>
    <Point>
      <coordinates>140.149993372865,37.0150585832709,307.510440740347</coordinates>
      <altitudeMode>absolute</altitudeMode>
    </Point>
  </Placemark>

  <Placemark>
    <Style>
      <IconStyle>
        <scale>0.411636363636363</scale>
        <color>FFDC4623</color>
        <Icon>
          <href>http://maps.google.com/mapfiles/kml/shapes/placemark_circle.png</href>
        </Icon>
      </IconStyle>
    </Style>
    <Point>
      <coordinates>140.149993372865,37.0150585832709,307.510440740347</coordinates>
      <altitudeMode>absolute</altitudeMode>
    </Point>
  </Placemark>

  <Placemark>
    <Style>
      <IconStyle>
        <scale>0.417636363636363</scale>
        <color>FFDC4723</color>
        <Icon>
          <href>http://maps.google.com/mapfiles/kml/shapes/placemark_circle.png</href>
        </Icon>
      </IconStyle>
    </Style>
    <Point>
      <coordinates>140.149993703706,37.0150586737848,307.910440753147</coordinates>
      <altitudeMode>absolute</altitudeMode>
    </Point>
  </Placemark>

  <Placemark>
    <Style>
      <IconStyle>
        <scale>0.417636363636363</scale>
        <color>FFDC4723</color>
        <Icon>
          <href>http://maps.google.com/mapfiles/kml/shapes/placemark_circle.png</href>
        </Icon>
      </IconStyle>
    </Style>
    <Point>
      <coordinates>140.149993703706,37.0150586737848,307.910440753147</coordinates>
      <altitudeMode>absolute</altitudeMode>
    </Point>
  </Placemark>

  <Placemark>
    <Style>
      <IconStyle>
        <scale>0.353454545454545</scale>
        <color>FFE13C1E</color>
        <Icon>
          <href>http://maps.google.com/mapfiles/kml/shapes/placemark_circle.png</href>
        </Icon>
      </IconStyle>
    </Style>
    <Point>
      <coordinates>140.14999352536,37.0150587835756,308.510440772347</coordinates>
      <altitudeMode>absolute</altitudeMode>
    </Point>
  </Placemark>

  <Placemark>
    <Style>
      <IconStyle>
        <scale>0.353454545454545</scale>
        <color>FFE13C1E</color>
        <Icon>
          <href>http://maps.google.com/mapfiles/kml/shapes/placemark_circle.png</href>
        </Icon>
      </IconStyle>
    </Style>
    <Point>
      <coordinates>140.14999352536,37.0150587835756,308.510440772347</coordinates>
      <altitudeMode>absolute</altitudeMode>
    </Point>
  </Placemark>

  <Placemark>
    <Style>
      <IconStyle>
        <scale>0.312909090909091</scale>
        <color>FFE4351B</color>
        <Icon>
          <href>http://maps.google.com/mapfiles/kml/shapes/placemark_circle.png</href>
        </Icon>
      </IconStyle>
    </Style>
    <Point>
      <coordinates>140.149992852697,37.0150583662914,309.210440794747</coordinates>
      <altitudeMode>absolute</altitudeMode>
    </Point>
  </Placemark>

  <Placemark>
    <Style>
      <IconStyle>
        <scale>0.312909090909091</scale>
        <color>FFE4351B</color>
        <Icon>
          <href>http://maps.google.com/mapfiles/kml/shapes/placemark_circle.png</href>
        </Icon>
      </IconStyle>
    </Style>
    <Point>
      <coordinates>140.149992852697,37.0150583662914,309.210440794747</coordinates>
      <altitudeMode>absolute</altitudeMode>
    </Point>
  </Placemark>

  <Placemark>
    <Style>
      <IconStyle>
        <scale>0.297454545454545</scale>
        <color>FFE63319</color>
        <Icon>
          <href>http://maps.google.com/mapfiles/kml/shapes/placemark_circle.png</href>
        </Icon>
      </IconStyle>
    </Style>
    <Point>
      <coordinates>140.149992342351,37.015057941141,309.810440813947</coordinates>
      <altitudeMode>absolute</altitudeMode>
    </Point>
  </Placemark>

  <Placemark>
    <Style>
      <IconStyle>
        <scale>0.297454545454545</scale>
        <color>FFE63319</color>
        <Icon>
          <href>http://maps.google.com/mapfiles/kml/shapes/placemark_circle.png</href>
        </Icon>
      </IconStyle>
    </Style>
    <Point>
      <coordinates>140.149992342351,37.015057941141,309.810440813947</coordinates>
      <altitudeMode>absolute</altitudeMode>
    </Point>
  </Placemark>

  <Placemark>
    <Style>
      <IconStyle>
        <scale>0.404545454545454</scale>
        <color>FFDD4522</color>
        <Icon>
          <href>http://maps.google.com/mapfiles/kml/shapes/placemark_circle.png</href>
        </Icon>
      </IconStyle>
    </Style>
    <Point>
      <coordinates>140.149991822629,37.0150577159077,310.410440833147</coordinates>
      <altitudeMode>absolute</altitudeMode>
    </Point>
  </Placemark>

  <Placemark>
    <Style>
      <IconStyle>
        <scale>0.404545454545454</scale>
        <color>FFDD4522</color>
        <Icon>
          <href>http://maps.google.com/mapfiles/kml/shapes/placemark_circle.png</href>
        </Icon>
      </IconStyle>
    </Style>
    <Point>
      <coordinates>140.149991822629,37.0150577159077,310.410440833147</coordinates>
      <altitudeMode>absolute</altitudeMode>
    </Point>
  </Placemark>

  <Placemark>
    <Style>
      <IconStyle>
        <scale>0.430909090909091</scale>
        <color>FFDA4925</color>
        <Icon>
          <href>http://maps.google.com/mapfiles/kml/shapes/placemark_circle.png</href>
        </Icon>
      </IconStyle>
    </Style>
    <Point>
      <coordinates>140.149990604345,37.0150585137106,310.910440849147</coordinates>
      <altitudeMode>absolute</altitudeMode>
    </Point>
  </Placemark>

  <Placemark>
    <Style>
      <IconStyle>
        <scale>0.430909090909091</scale>
        <color>FFDA4925</color>
        <Icon>
          <href>http://maps.google.com/mapfiles/kml/shapes/placemark_circle.png</href>
        </Icon>
      </IconStyle>
    </Style>
    <Point>
      <coordinates>140.149990604345,37.0150585137106,310.910440849147</coordinates>
      <altitudeMode>absolute</altitudeMode>
    </Point>
  </Placemark>

  <Placemark>
    <Style>
      <IconStyle>
        <scale>0.466363636363636</scale>
        <color>FFD74F28</color>
        <Icon>
          <href>http://maps.google.com/mapfiles/kml/shapes/placemark_circle.png</href>
        </Icon>
      </IconStyle>
    </Style>
    <Point>
      <coordinates>140.149987388682,37.015059854775,311.510440868347</coordinates>
      <altitudeMode>absolute</altitudeMode>
    </Point>
  </Placemark>

  <Placemark>
    <Style>
      <IconStyle>
        <scale>0.466363636363636</scale>
        <color>FFD74F28</color>
        <Icon>
          <href>http://maps.google.com/mapfiles/kml/shapes/placemark_circle.png</href>
        </Icon>
      </IconStyle>
    </Style>
    <Point>
      <coordinates>140.149987388682,37.015059854775,311.510440868347</coordinates>
      <altitudeMode>absolute</altitudeMode>
    </Point>
  </Placemark>

  <Placemark>
    <Style>
      <IconStyle>
        <scale>0.448727272727273</scale>
        <color>FFD94C26</color>
        <Icon>
          <href>http://maps.google.com/mapfiles/kml/shapes/placemark_circle.png</href>
        </Icon>
      </IconStyle>
    </Style>
    <Point>
      <coordinates>140.149981994426,37.0150620547367,312.010440884347</coordinates>
      <altitudeMode>absolute</altitudeMode>
    </Point>
  </Placemark>

  <Placemark>
    <Style>
      <IconStyle>
        <scale>0.448727272727273</scale>
        <color>FFD94C26</color>
        <Icon>
          <href>http://maps.google.com/mapfiles/kml/shapes/placemark_circle.png</href>
        </Icon>
      </IconStyle>
    </Style>
    <Point>
      <coordinates>140.149981994426,37.0150620547367,312.010440884347</coordinates>
      <altitudeMode>absolute</altitudeMode>
    </Point>
  </Placemark>

  <Placemark>
    <Style>
      <IconStyle>
        <scale>0.419454545454545</scale>
        <color>FFDB4724</color>
        <Icon>
          <href>http://maps.google.com/mapfiles/kml/shapes/placemark_circle.png</href>
        </Icon>
      </IconStyle>
    </Style>
    <Point>
      <coordinates>140.149975778607,37.0150648753798,312.610440903547</coordinates>
      <altitudeMode>absolute</altitudeMode>
    </Point>
  </Placemark>

  <Placemark>
    <Style>
      <IconStyle>
        <scale>0.419454545454545</scale>
        <color>FFDB4724</color>
        <Icon>
          <href>http://maps.google.com/mapfiles/kml/shapes/placemark_circle.png</href>
        </Icon>
      </IconStyle>
    </Style>
    <Point>
      <coordinates>140.149975778607,37.0150648753798,312.610440903547</coordinates>
      <altitudeMode>absolute</altitudeMode>
    </Point>
  </Placemark>

  <Placemark>
    <Style>
      <IconStyle>
        <scale>0.393636363636364</scale>
        <color>FFDE4321</color>
        <Icon>
          <href>http://maps.google.com/mapfiles/kml/shapes/placemark_circle.png</href>
        </Icon>
      </IconStyle>
    </Style>
    <Point>
      <coordinates>140.149968599542,37.0150684299903,313.210440922747</coordinates>
      <altitudeMode>absolute</altitudeMode>
    </Point>
  </Placemark>

  <Placemark>
    <Style>
      <IconStyle>
        <scale>0.393636363636364</scale>
        <color>FFDE4321</color>
        <Icon>
          <href>http://maps.google.com/mapfiles/kml/shapes/placemark_circle.png</href>
        </Icon>
      </IconStyle>
    </Style>
    <Point>
      <coordinates>140.149968599542,37.0150684299903,313.210440922747</coordinates>
      <altitudeMode>absolute</altitudeMode>
    </Point>
  </Placemark>

  <Placemark>
    <Style>
      <IconStyle>
        <scale>0.427454545454545</scale>
        <color>FFDB4924</color>
        <Icon>
          <href>http://maps.google.com/mapfiles/kml/shapes/placemark_circle.png</href>
        </Icon>
      </IconStyle>
    </Style>
    <Point>
      <coordinates>140.149961431661,37.0150714633853,313.810440941947</coordinates>
      <altitudeMode>absolute</altitudeMode>
    </Point>
  </Placemark>

  <Placemark>
    <Style>
      <IconStyle>
        <scale>0.427454545454545</scale>
        <color>FFDB4924</color>
        <Icon>
          <href>http://maps.google.com/mapfiles/kml/shapes/placemark_circle.png</href>
        </Icon>
      </IconStyle>
    </Style>
    <Point>
      <coordinates>140.149961431661,37.0150714633853,313.810440941947</coordinates>
      <altitudeMode>absolute</altitudeMode>
    </Point>
  </Placemark>

  <Placemark>
    <Style>
      <IconStyle>
        <scale>0.443272727272727</scale>
        <color>FFD94B26</color>
        <Icon>
          <href>http://maps.google.com/mapfiles/kml/shapes/placemark_circle.png</href>
        </Icon>
      </IconStyle>
    </Style>
    <Point>
      <coordinates>140.149954562721,37.015074499937,314.410440961147</coordinates>
      <altitudeMode>absolute</altitudeMode>
    </Point>
  </Placemark>

  <Placemark>
    <Style>
      <IconStyle>
        <scale>0.443272727272727</scale>
        <color>FFD94B26</color>
        <Icon>
          <href>http://maps.google.com/mapfiles/kml/shapes/placemark_circle.png</href>
        </Icon>
      </IconStyle>
    </Style>
    <Point>
      <coordinates>140.149954562721,37.015074499937,314.410440961147</coordinates>
      <altitudeMode>absolute</altitudeMode>
    </Point>
  </Placemark>

  <Placemark>
    <Style>
      <IconStyle>
        <scale>0.458545454545454</scale>
        <color>FFD84E27</color>
        <Icon>
          <href>http://maps.google.com/mapfiles/kml/shapes/placemark_circle.png</href>
        </Icon>
      </IconStyle>
    </Style>
    <Point>
      <coordinates>140.149947750901,37.0150776811389,315.110440983547</coordinates>
      <altitudeMode>absolute</altitudeMode>
    </Point>
  </Placemark>

  <Placemark>
    <Style>
      <IconStyle>
        <scale>0.458545454545454</scale>
        <color>FFD84E27</color>
        <Icon>
          <href>http://maps.google.com/mapfiles/kml/shapes/placemark_circle.png</href>
        </Icon>
      </IconStyle>
    </Style>
    <Point>
      <coordinates>140.149947750901,37.0150776811389,315.110440983547</coordinates>
      <altitudeMode>absolute</altitudeMode>
    </Point>
  </Placemark>

  <Placemark>
    <Style>
      <IconStyle>
        <scale>0.518909090909091</scale>
        <color>FFD3582C</color>
        <Icon>
          <href>http://maps.google.com/mapfiles/kml/shapes/placemark_circle.png</href>
        </Icon>
      </IconStyle>
    </Style>
    <Point>
      <coordinates>140.149941388446,37.0150805161202,315.710441002747</coordinates>
      <altitudeMode>absolute</altitudeMode>
    </Point>
  </Placemark>

  <Placemark>
    <Style>
      <IconStyle>
        <scale>0.518909090909091</scale>
        <color>FFD3582C</color>
        <Icon>
          <href>http://maps.google.com/mapfiles/kml/shapes/placemark_circle.png</href>
        </Icon>
      </IconStyle>
    </Style>
    <Point>
      <coordinates>140.149941388446,37.0150805161202,315.710441002747</coordinates>
      <altitudeMode>absolute</altitudeMode>
    </Point>
  </Placemark>

  <Placemark>
    <Style>
      <IconStyle>
        <scale>0.595636363636363</scale>
        <color>FFCC6533</color>
        <Icon>
          <href>http://maps.google.com/mapfiles/kml/shapes/placemark_circle.png</href>
        </Icon>
      </IconStyle>
    </Style>
    <Point>
      <coordinates>140.149935558918,37.015083227508,316.310441021947</coordinates>
      <altitudeMode>absolute</altitudeMode>
    </Point>
  </Placemark>

  <Placemark>
    <Style>
      <IconStyle>
        <scale>0.595636363636363</scale>
        <color>FFCC6533</color>
        <Icon>
          <href>http://maps.google.com/mapfiles/kml/shapes/placemark_circle.png</href>
        </Icon>
      </IconStyle>
    </Style>
    <Point>
      <coordinates>140.149935558918,37.015083227508,316.310441021947</coordinates>
      <altitudeMode>absolute</altitudeMode>
    </Point>
  </Placemark>

  <Placemark>
    <Style>
      <IconStyle>
        <scale>0.534909090909091</scale>
        <color>FFD25B2D</color>
        <Icon>
          <href>http://maps.google.com/mapfiles/kml/shapes/placemark_circle.png</href>
        </Icon>
      </IconStyle>
    </Style>
    <Point>
      <coordinates>140.149930374403,37.0150862554332,316.910441041147</coordinates>
      <altitudeMode>absolute</altitudeMode>
    </Point>
  </Placemark>

  <Placemark>
    <Style>
      <IconStyle>
        <scale>0.534909090909091</scale>
        <color>FFD25B2D</color>
        <Icon>
          <href>http://maps.google.com/mapfiles/kml/shapes/placemark_circle.png</href>
        </Icon>
      </IconStyle>
    </Style>
    <Point>
      <coordinates>140.149930374403,37.0150862554332,316.910441041147</coordinates>
      <altitudeMode>absolute</altitudeMode>
    </Point>
  </Placemark>

  <Placemark>
    <Style>
      <IconStyle>
        <scale>0.523090909090909</scale>
        <color>FFD3592C</color>
        <Icon>
          <href>http://maps.google.com/mapfiles/kml/shapes/placemark_circle.png</href>
        </Icon>
      </IconStyle>
    </Style>
    <Point>
      <coordinates>140.149924394042,37.0150893691565,317.510441060347</coordinates>
      <altitudeMode>absolute</altitudeMode>
    </Point>
  </Placemark>

  <Placemark>
    <Style>
      <IconStyle>
        <scale>0.523090909090909</scale>
        <color>FFD3592C</color>
        <Icon>
          <href>http://maps.google.com/mapfiles/kml/shapes/placemark_circle.png</href>
        </Icon>
      </IconStyle>
    </Style>
    <Point>
      <coordinates>140.149924394042,37.0150893691565,317.510441060347</coordinates>
      <altitudeMode>absolute</altitudeMode>
    </Point>
  </Placemark>

  <Placemark>
    <Style>
      <IconStyle>
        <scale>0.492909090909091</scale>
        <color>FFD5542A</color>
        <Icon>
          <href>http://maps.google.com/mapfiles/kml/shapes/placemark_circle.png</href>
        </Icon>
      </IconStyle>
    </Style>
    <Point>
      <coordinates>140.14991923528,37.0150928980524,318.010441076347</coordinates>
      <altitudeMode>absolute</altitudeMode>
    </Point>
  </Placemark>

  <Placemark>
    <Style>
      <IconStyle>
        <scale>0.492909090909091</scale>
        <color>FFD5542A</color>
        <Icon>
          <href>http://maps.google.com/mapfiles/kml/shapes/placemark_circle.png</href>
        </Icon>
      </IconStyle>
    </Style>
    <Point>
      <coordinates>140.14991923528,37.0150928980524,318.010441076347</coordinates>
      <altitudeMode>absolute</altitudeMode>
    </Point>
  </Placemark>

  <Placemark>
    <Style>
      <IconStyle>
        <scale>0.516181818181818</scale>
        <color>FFD3582C</color>
        <Icon>
          <href>http://maps.google.com/mapfiles/kml/shapes/placemark_circle.png</href>
        </Icon>
      </IconStyle>
    </Style>
    <Point>
      <coordinates>140.149913920091,37.0150959531678,318.510441092347</coordinates>
      <altitudeMode>absolute</altitudeMode>
    </Point>
  </Placemark>

  <Placemark>
    <Style>
      <IconStyle>
        <scale>0.516181818181818</scale>
        <color>FFD3582C</color>
        <Icon>
          <href>http://maps.google.com/mapfiles/kml/shapes/placemark_circle.png</href>
        </Icon>
      </IconStyle>
    </Style>
    <Point>
      <coordinates>140.149913920091,37.0150959531678,318.510441092347</coordinates>
      <altitudeMode>absolute</altitudeMode>
    </Point>
  </Placemark>

  <Placemark>
    <Style>
      <IconStyle>
        <scale>0.506545454545454</scale>
        <color>FFD4562B</color>
        <Icon>
          <href>http://maps.google.com/mapfiles/kml/shapes/placemark_circle.png</href>
        </Icon>
      </IconStyle>
    </Style>
    <Point>
      <coordinates>140.149908361003,37.0150986351553,319.010441108347</coordinates>
      <altitudeMode>absolute</altitudeMode>
    </Point>
  </Placemark>

  <Placemark>
    <Style>
      <IconStyle>
        <scale>0.506545454545454</scale>
        <color>FFD4562B</color>
        <Icon>
          <href>http://maps.google.com/mapfiles/kml/shapes/placemark_circle.png</href>
        </Icon>
      </IconStyle>
    </Style>
    <Point>
      <coordinates>140.149908361003,37.0150986351553,319.010441108347</coordinates>
      <altitudeMode>absolute</altitudeMode>
    </Point>
  </Placemark>

  <Placemark>
    <Style>
      <IconStyle>
        <scale>0.527818181818182</scale>
        <color>FFD25A2D</color>
        <Icon>
          <href>http://maps.google.com/mapfiles/kml/shapes/placemark_circle.png</href>
        </Icon>
      </IconStyle>
    </Style>
    <Point>
      <coordinates>140.149902686851,37.0151010812976,319.610441127547</coordinates>
      <altitudeMode>absolute</altitudeMode>
    </Point>
  </Placemark>

  <Placemark>
    <Style>
      <IconStyle>
        <scale>0.527818181818182</scale>
        <color>FFD25A2D</color>
        <Icon>
          <href>http://maps.google.com/mapfiles/kml/shapes/placemark_circle.png</href>
        </Icon>
      </IconStyle>
    </Style>
    <Point>
      <coordinates>140.149902686851,37.0151010812976,319.610441127547</coordinates>
      <altitudeMode>absolute</altitudeMode>
    </Point>
  </Placemark>

  <Placemark>
    <Style>
      <IconStyle>
        <scale>0.507272727272727</scale>
        <color>FFD4562B</color>
        <Icon>
          <href>http://maps.google.com/mapfiles/kml/shapes/placemark_circle.png</href>
        </Icon>
      </IconStyle>
    </Style>
    <Point>
      <coordinates>140.149896361733,37.0151035706195,320.310441149947</coordinates>
      <altitudeMode>absolute</altitudeMode>
    </Point>
  </Placemark>

  <Placemark>
    <Style>
      <IconStyle>
        <scale>0.507272727272727</scale>
        <color>FFD4562B</color>
        <Icon>
          <href>http://maps.google.com/mapfiles/kml/shapes/placemark_circle.png</href>
        </Icon>
      </IconStyle>
    </Style>
    <Point>
      <coordinates>140.149896361733,37.0151035706195,320.310441149947</coordinates>
      <altitudeMode>absolute</altitudeMode>
    </Point>
  </Placemark>

  <Placemark>
    <Style>
      <IconStyle>
        <scale>0.500727272727272</scale>
        <color>FFD4552B</color>
        <Icon>
          <href>http://maps.google.com/mapfiles/kml/shapes/placemark_circle.png</href>
        </Icon>
      </IconStyle>
    </Style>
    <Point>
      <coordinates>140.149890114621,37.015106193999,321.010441172347</coordinates>
      <altitudeMode>absolute</altitudeMode>
    </Point>
  </Placemark>

  <Placemark>
    <Style>
      <IconStyle>
        <scale>0.500727272727272</scale>
        <color>FFD4552B</color>
        <Icon>
          <href>http://maps.google.com/mapfiles/kml/shapes/placemark_circle.png</href>
        </Icon>
      </IconStyle>
    </Style>
    <Point>
      <coordinates>140.149890114621,37.015106193999,321.010441172347</coordinates>
      <altitudeMode>absolute</altitudeMode>
    </Point>
  </Placemark>

  <Placemark>
    <Style>
      <IconStyle>
        <scale>0.579090909090909</scale>
        <color>FFCE6231</color>
        <Icon>
          <href>http://maps.google.com/mapfiles/kml/shapes/placemark_circle.png</href>
        </Icon>
      </IconStyle>
    </Style>
    <Point>
      <coordinates>140.149883926056,37.0151093850909,321.710441194747</coordinates>
      <altitudeMode>absolute</altitudeMode>
    </Point>
  </Placemark>

  <Placemark>
    <Style>
      <IconStyle>
        <scale>0.579090909090909</scale>
        <color>FFCE6231</color>
        <Icon>
          <href>http://maps.google.com/mapfiles/kml/shapes/placemark_circle.png</href>
        </Icon>
      </IconStyle>
    </Style>
    <Point>
      <coordinates>140.149883926056,37.0151093850909,321.710441194747</coordinates>
      <altitudeMode>absolute</altitudeMode>
    </Point>
  </Placemark>

  <Placemark>
    <Style>
      <IconStyle>
        <scale>0.638909090909091</scale>
        <color>FFC96D36</color>
        <Icon>
          <href>http://maps.google.com/mapfiles/kml/shapes/placemark_circle.png</href>
        </Icon>
      </IconStyle>
    </Style>
    <Point>
      <coordinates>140.149878376699,37.0151131595635,322.310441213947</coordinates>
      <altitudeMode>absolute</altitudeMode>
    </Point>
  </Placemark>

  <Placemark>
    <Style>
      <IconStyle>
        <scale>0.638909090909091</scale>
        <color>FFC96D36</color>
        <Icon>
          <href>http://maps.google.com/mapfiles/kml/shapes/placemark_circle.png</href>
        </Icon>
      </IconStyle>
    </Style>
    <Point>
      <coordinates>140.149878376699,37.0151131595635,322.310441213947</coordinates>
      <altitudeMode>absolute</altitudeMode>
    </Point>
  </Placemark>

  <Placemark>
    <Style>
      <IconStyle>
        <scale>0.555090909090909</scale>
        <color>FFD05E2F</color>
        <Icon>
          <href>http://maps.google.com/mapfiles/kml/shapes/placemark_circle.png</href>
        </Icon>
      </IconStyle>
    </Style>
    <Point>
      <coordinates>140.149871961965,37.0151158507727,322.710441226747</coordinates>
      <altitudeMode>absolute</altitudeMode>
    </Point>
  </Placemark>

  <Placemark>
    <Style>
      <IconStyle>
        <scale>0.555090909090909</scale>
        <color>FFD05E2F</color>
        <Icon>
          <href>http://maps.google.com/mapfiles/kml/shapes/placemark_circle.png</href>
        </Icon>
      </IconStyle>
    </Style>
    <Point>
      <coordinates>140.149871961965,37.0151158507727,322.710441226747</coordinates>
      <altitudeMode>absolute</altitudeMode>
    </Point>
  </Placemark>

  <Placemark>
    <Style>
      <IconStyle>
        <scale>0.556363636363636</scale>
        <color>FFD05F2F</color>
        <Icon>
          <href>http://maps.google.com/mapfiles/kml/shapes/placemark_circle.png</href>
        </Icon>
      </IconStyle>
    </Style>
    <Point>
      <coordinates>140.149864633563,37.0151182208314,323.210441242747</coordinates>
      <altitudeMode>absolute</altitudeMode>
    </Point>
  </Placemark>

  <Placemark>
    <Style>
      <IconStyle>
        <scale>0.556363636363636</scale>
        <color>FFD05F2F</color>
        <Icon>
          <href>http://maps.google.com/mapfiles/kml/shapes/placemark_circle.png</href>
        </Icon>
      </IconStyle>
    </Style>
    <Point>
      <coordinates>140.149864633563,37.0151182208314,323.210441242747</coordinates>
      <altitudeMode>absolute</altitudeMode>
    </Point>
  </Placemark>

  <Placemark>
    <Style>
      <IconStyle>
        <scale>0.648363636363636</scale>
        <color>FFC86E37</color>
        <Icon>
          <href>http://maps.google.com/mapfiles/kml/shapes/placemark_circle.png</href>
        </Icon>
      </IconStyle>
    </Style>
    <Point>
      <coordinates>140.149858378899,37.0151208271207,323.810441261947</coordinates>
      <altitudeMode>absolute</altitudeMode>
    </Point>
  </Placemark>

  <Placemark>
    <Style>
      <IconStyle>
        <scale>0.648363636363636</scale>
        <color>FFC86E37</color>
        <Icon>
          <href>http://maps.google.com/mapfiles/kml/shapes/placemark_circle.png</href>
        </Icon>
      </IconStyle>
    </Style>
    <Point>
      <coordinates>140.149858378899,37.0151208271207,323.810441261947</coordinates>
      <altitudeMode>absolute</altitudeMode>
    </Point>
  </Placemark>

  <Placemark>
    <Style>
      <IconStyle>
        <scale>0.727454545454545</scale>
        <color>FFC17C3E</color>
        <Icon>
          <href>http://maps.google.com/mapfiles/kml/shapes/placemark_circle.png</href>
        </Icon>
      </IconStyle>
    </Style>
    <Point>
      <coordinates>140.149857823513,37.015121319679,324.410441281147</coordinates>
      <altitudeMode>absolute</altitudeMode>
    </Point>
  </Placemark>

  <Placemark>
    <Style>
      <IconStyle>
        <scale>0.727454545454545</scale>
        <color>FFC17C3E</color>
        <Icon>
          <href>http://maps.google.com/mapfiles/kml/shapes/placemark_circle.png</href>
        </Icon>
      </IconStyle>
    </Style>
    <Point>
      <coordinates>140.149857823513,37.015121319679,324.410441281147</coordinates>
      <altitudeMode>absolute</altitudeMode>
    </Point>
  </Placemark>

  <Placemark>
    <Style>
      <IconStyle>
        <scale>0.775272727272727</scale>
        <color>FFBD8442</color>
        <Icon>
          <href>http://maps.google.com/mapfiles/kml/shapes/placemark_circle.png</href>
        </Icon>
      </IconStyle>
    </Style>
    <Point>
      <coordinates>140.149856356744,37.0151215385024,324.910441297147</coordinates>
      <altitudeMode>absolute</altitudeMode>
    </Point>
  </Placemark>

  <Placemark>
    <Style>
      <IconStyle>
        <scale>0.775272727272727</scale>
        <color>FFBD8442</color>
        <Icon>
          <href>http://maps.google.com/mapfiles/kml/shapes/placemark_circle.png</href>
        </Icon>
      </IconStyle>
    </Style>
    <Point>
      <coordinates>140.149856356744,37.0151215385024,324.910441297147</coordinates>
      <altitudeMode>absolute</altitudeMode>
    </Point>
  </Placemark>

  <Placemark>
    <Style>
      <IconStyle>
        <scale>0.774</scale>
        <color>FFBD8442</color>
        <Icon>
          <href>http://maps.google.com/mapfiles/kml/shapes/placemark_circle.png</href>
        </Icon>
      </IconStyle>
    </Style>
    <Point>
      <coordinates>140.149854759581,37.0151220347871,325.310441309947</coordinates>
      <altitudeMode>absolute</altitudeMode>
    </Point>
  </Placemark>

  <Placemark>
    <Style>
      <IconStyle>
        <scale>0.774</scale>
        <color>FFBD8442</color>
        <Icon>
          <href>http://maps.google.com/mapfiles/kml/shapes/placemark_circle.png</href>
        </Icon>
      </IconStyle>
    </Style>
    <Point>
      <coordinates>140.149854759581,37.0151220347871,325.310441309947</coordinates>
      <altitudeMode>absolute</altitudeMode>
    </Point>
  </Placemark>

  <Placemark>
    <Style>
      <IconStyle>
        <scale>0.759818181818182</scale>
        <color>FFBE8141</color>
        <Icon>
          <href>http://maps.google.com/mapfiles/kml/shapes/placemark_circle.png</href>
        </Icon>
      </IconStyle>
    </Style>
    <Point>
      <coordinates>140.149854829177,37.0151220177311,325.810441325947</coordinates>
      <altitudeMode>absolute</altitudeMode>
    </Point>
  </Placemark>

  <Placemark>
    <Style>
      <IconStyle>
        <scale>0.759818181818182</scale>
        <color>FFBE8141</color>
        <Icon>
          <href>http://maps.google.com/mapfiles/kml/shapes/placemark_circle.png</href>
        </Icon>
      </IconStyle>
    </Style>
    <Point>
      <coordinates>140.149854829177,37.0151220177311,325.810441325947</coordinates>
      <altitudeMode>absolute</altitudeMode>
    </Point>
  </Placemark>

  <Placemark>
    <Style>
      <IconStyle>
        <scale>0.843818181818182</scale>
        <color>FFB78F48</color>
        <Icon>
          <href>http://maps.google.com/mapfiles/kml/shapes/placemark_circle.png</href>
        </Icon>
      </IconStyle>
    </Style>
    <Point>
      <coordinates>140.149853988035,37.0151217064149,326.310441341947</coordinates>
      <altitudeMode>absolute</altitudeMode>
    </Point>
  </Placemark>

  <Placemark>
    <Style>
      <IconStyle>
        <scale>0.843818181818182</scale>
        <color>FFB78F48</color>
        <Icon>
          <href>http://maps.google.com/mapfiles/kml/shapes/placemark_circle.png</href>
        </Icon>
      </IconStyle>
    </Style>
    <Point>
      <coordinates>140.149853988035,37.0151217064149,326.310441341947</coordinates>
      <altitudeMode>absolute</altitudeMode>
    </Point>
  </Placemark>

  <Placemark>
    <Style>
      <IconStyle>
        <scale>0.916909090909091</scale>
        <color>FFB19C4E</color>
        <Icon>
          <href>http://maps.google.com/mapfiles/kml/shapes/placemark_circle.png</href>
        </Icon>
      </IconStyle>
    </Style>
    <Point>
      <coordinates>140.149852010834,37.0151230782931,326.910441361147</coordinates>
      <altitudeMode>absolute</altitudeMode>
    </Point>
  </Placemark>

  <Placemark>
    <Style>
      <IconStyle>
        <scale>0.916909090909091</scale>
        <color>FFB19C4E</color>
        <Icon>
          <href>http://maps.google.com/mapfiles/kml/shapes/placemark_circle.png</href>
        </Icon>
      </IconStyle>
    </Style>
    <Point>
      <coordinates>140.149852010834,37.0151230782931,326.910441361147</coordinates>
      <altitudeMode>absolute</altitudeMode>
    </Point>
  </Placemark>

  <Placemark>
    <Style>
      <IconStyle>
        <scale>0.876</scale>
        <color>FFB5954A</color>
        <Icon>
          <href>http://maps.google.com/mapfiles/kml/shapes/placemark_circle.png</href>
        </Icon>
      </IconStyle>
    </Style>
    <Point>
      <coordinates>140.149850696336,37.0151240881669,327.710441386747</coordinates>
      <altitudeMode>absolute</altitudeMode>
    </Point>
  </Placemark>

  <Placemark>
    <Style>
      <IconStyle>
        <scale>0.876</scale>
        <color>FFB5954A</color>
        <Icon>
          <href>http://maps.google.com/mapfiles/kml/shapes/placemark_circle.png</href>
        </Icon>
      </IconStyle>
    </Style>
    <Point>
      <coordinates>140.149850696336,37.0151240881669,327.710441386747</coordinates>
      <altitudeMode>absolute</altitudeMode>
    </Point>
  </Placemark>

  <Placemark>
    <Style>
      <IconStyle>
        <scale>0.785818181818182</scale>
        <color>FFBC8643</color>
        <Icon>
          <href>http://maps.google.com/mapfiles/kml/shapes/placemark_circle.png</href>
        </Icon>
      </IconStyle>
    </Style>
    <Point>
      <coordinates>140.149849655632,37.0151253802822,328.410441409147</coordinates>
      <altitudeMode>absolute</altitudeMode>
    </Point>
  </Placemark>

  <Placemark>
    <Style>
      <IconStyle>
        <scale>0.785818181818182</scale>
        <color>FFBC8643</color>
        <Icon>
          <href>http://maps.google.com/mapfiles/kml/shapes/placemark_circle.png</href>
        </Icon>
      </IconStyle>
    </Style>
    <Point>
      <coordinates>140.149849655632,37.0151253802822,328.410441409147</coordinates>
      <altitudeMode>absolute</altitudeMode>
    </Point>
  </Placemark>

  <Placemark>
    <Style>
      <IconStyle>
        <scale>1.01872727272727</scale>
        <color>FFA8AD57</color>
        <Icon>
          <href>http://maps.google.com/mapfiles/kml/shapes/placemark_circle.png</href>
        </Icon>
      </IconStyle>
    </Style>
    <Point>
      <coordinates>140.149847284745,37.0151268299444,329.010441428347</coordinates>
      <altitudeMode>absolute</altitudeMode>
    </Point>
  </Placemark>

  <Placemark>
    <Style>
      <IconStyle>
        <scale>1.01872727272727</scale>
        <color>FFA8AD57</color>
        <Icon>
          <href>http://maps.google.com/mapfiles/kml/shapes/placemark_circle.png</href>
        </Icon>
      </IconStyle>
    </Style>
    <Point>
      <coordinates>140.149847284745,37.0151268299444,329.010441428347</coordinates>
      <altitudeMode>absolute</altitudeMode>
    </Point>
  </Placemark>

  <Placemark>
    <Style>
      <IconStyle>
        <scale>1.02090909090909</scale>
        <color>FFA8AE57</color>
        <Icon>
          <href>http://maps.google.com/mapfiles/kml/shapes/placemark_circle.png</href>
        </Icon>
      </IconStyle>
    </Style>
    <Point>
      <coordinates>140.149845535032,37.015126791258,329.410441441147</coordinates>
      <altitudeMode>absolute</altitudeMode>
    </Point>
  </Placemark>

  <Placemark>
    <Style>
      <IconStyle>
        <scale>1.02090909090909</scale>
        <color>FFA8AE57</color>
        <Icon>
          <href>http://maps.google.com/mapfiles/kml/shapes/placemark_circle.png</href>
        </Icon>
      </IconStyle>
    </Style>
    <Point>
      <coordinates>140.149845535032,37.015126791258,329.410441441147</coordinates>
      <altitudeMode>absolute</altitudeMode>
    </Point>
  </Placemark>

  <Placemark>
    <Style>
      <IconStyle>
        <scale>0.917272727272727</scale>
        <color>FFB19C4E</color>
        <Icon>
          <href>http://maps.google.com/mapfiles/kml/shapes/placemark_circle.png</href>
        </Icon>
      </IconStyle>
    </Style>
    <Point>
      <coordinates>140.149844528434,37.015126080099,329.710441450747</coordinates>
      <altitudeMode>absolute</altitudeMode>
    </Point>
  </Placemark>

  <Placemark>
    <Style>
      <IconStyle>
        <scale>0.917272727272727</scale>
        <color>FFB19C4E</color>
        <Icon>
          <href>http://maps.google.com/mapfiles/kml/shapes/placemark_circle.png</href>
        </Icon>
      </IconStyle>
    </Style>
    <Point>
      <coordinates>140.149844528434,37.015126080099,329.710441450747</coordinates>
      <altitudeMode>absolute</altitudeMode>
    </Point>
  </Placemark>

  <Placemark>
    <Style>
      <IconStyle>
        <scale>0.854727272727273</scale>
        <color>FFB69149</color>
        <Icon>
          <href>http://maps.google.com/mapfiles/kml/shapes/placemark_circle.png</href>
        </Icon>
      </IconStyle>
    </Style>
    <Point>
      <coordinates>140.149840528219,37.0151279917627,330.010441460347</coordinates>
      <altitudeMode>absolute</altitudeMode>
    </Point>
  </Placemark>

  <Placemark>
    <Style>
      <IconStyle>
        <scale>0.854727272727273</scale>
        <color>FFB69149</color>
        <Icon>
          <href>http://maps.google.com/mapfiles/kml/shapes/placemark_circle.png</href>
        </Icon>
      </IconStyle>
    </Style>
    <Point>
      <coordinates>140.149840528219,37.0151279917627,330.010441460347</coordinates>
      <altitudeMode>absolute</altitudeMode>
    </Point>
  </Placemark>

  <Placemark>
    <Style>
      <IconStyle>
        <scale>0.744</scale>
        <color>FFC07E3F</color>
        <Icon>
          <href>http://maps.google.com/mapfiles/kml/shapes/placemark_circle.png</href>
        </Icon>
      </IconStyle>
    </Style>
    <Point>
      <coordinates>140.149838448238,37.0151289311083,330.410441473147</coordinates>
      <altitudeMode>absolute</altitudeMode>
    </Point>
  </Placemark>

  <Placemark>
    <Style>
      <IconStyle>
        <scale>0.744</scale>
        <color>FFC07E3F</color>
        <Icon>
          <href>http://maps.google.com/mapfiles/kml/shapes/placemark_circle.png</href>
        </Icon>
      </IconStyle>
    </Style>
    <Point>
      <coordinates>140.149838448238,37.0151289311083,330.410441473147</coordinates>
      <altitudeMode>absolute</altitudeMode>
    </Point>
  </Placemark>

  <Placemark>
    <Style>
      <IconStyle>
        <scale>0.787454545454545</scale>
        <color>FFBC8643</color>
        <Icon>
          <href>http://maps.google.com/mapfiles/kml/shapes/placemark_circle.png</href>
        </Icon>
      </IconStyle>
    </Style>
    <Point>
      <coordinates>140.149837676274,37.0151291608027,330.910441489147</coordinates>
      <altitudeMode>absolute</altitudeMode>
    </Point>
  </Placemark>

  <Placemark>
    <Style>
      <IconStyle>
        <scale>0.787454545454545</scale>
        <color>FFBC8643</color>
        <Icon>
          <href>http://maps.google.com/mapfiles/kml/shapes/placemark_circle.png</href>
        </Icon>
      </IconStyle>
    </Style>
    <Point>
      <coordinates>140.149837676274,37.0151291608027,330.910441489147</coordinates>
      <altitudeMode>absolute</altitudeMode>
    </Point>
  </Placemark>

  <Placemark>
    <Style>
      <IconStyle>
        <scale>0.790363636363636</scale>
        <color>FFBC8643</color>
        <Icon>
          <href>http://maps.google.com/mapfiles/kml/shapes/placemark_circle.png</href>
        </Icon>
      </IconStyle>
    </Style>
    <Point>
      <coordinates>140.149836176569,37.0151290701859,331.310441501947</coordinates>
      <altitudeMode>absolute</altitudeMode>
    </Point>
  </Placemark>

  <Placemark>
    <Style>
      <IconStyle>
        <scale>0.790363636363636</scale>
        <color>FFBC8643</color>
        <Icon>
          <href>http://maps.google.com/mapfiles/kml/shapes/placemark_circle.png</href>
        </Icon>
      </IconStyle>
    </Style>
    <Point>
      <coordinates>140.149836176569,37.0151290701859,331.310441501947</coordinates>
      <altitudeMode>absolute</altitudeMode>
    </Point>
  </Placemark>

  <Placemark>
    <Style>
      <IconStyle>
        <scale>0.705636363636364</scale>
        <color>FFC3783C</color>
        <Icon>
          <href>http://maps.google.com/mapfiles/kml/shapes/placemark_circle.png</href>
        </Icon>
      </IconStyle>
    </Style>
    <Point>
      <coordinates>140.149831102982,37.0151319644305,331.710441514747</coordinates>
      <altitudeMode>absolute</altitudeMode>
    </Point>
  </Placemark>

  <Placemark>
    <Style>
      <IconStyle>
        <scale>0.705636363636364</scale>
        <color>FFC3783C</color>
        <Icon>
          <href>http://maps.google.com/mapfiles/kml/shapes/placemark_circle.png</href>
        </Icon>
      </IconStyle>
    </Style>
    <Point>
      <coordinates>140.149831102982,37.0151319644305,331.710441514747</coordinates>
      <altitudeMode>absolute</altitudeMode>
    </Point>
  </Placemark>

  <Placemark>
    <Style>
      <IconStyle>
        <scale>0.619090909090909</scale>
        <color>FFCA6935</color>
        <Icon>
          <href>http://maps.google.com/mapfiles/kml/shapes/placemark_circle.png</href>
        </Icon>
      </IconStyle>
    </Style>
    <Point>
      <coordinates>140.149829331318,37.0151317366979,332.210441530747</coordinates>
      <altitudeMode>absolute</altitudeMode>
    </Point>
  </Placemark>

  <Placemark>
    <Style>
      <IconStyle>
        <scale>0.619090909090909</scale>
        <color>FFCA6935</color>
        <Icon>
          <href>http://maps.google.com/mapfiles/kml/shapes/placemark_circle.png</href>
        </Icon>
      </IconStyle>
    </Style>
    <Point>
      <coordinates>140.149829331318,37.0151317366979,332.210441530747</coordinates>
      <altitudeMode>absolute</altitudeMode>
    </Point>
  </Placemark>

  <Placemark>
    <Style>
      <IconStyle>
        <scale>0.596727272727272</scale>
        <color>FFCC6533</color>
        <Icon>
          <href>http://maps.google.com/mapfiles/kml/shapes/placemark_circle.png</href>
        </Icon>
      </IconStyle>
    </Style>
    <Point>
      <coordinates>140.149826187995,37.0151342832356,332.210441530747</coordinates>
      <altitudeMode>absolute</altitudeMode>
    </Point>
  </Placemark>

  <Placemark>
    <Style>
      <IconStyle>
        <scale>0.596727272727272</scale>
        <color>FFCC6533</color>
        <Icon>
          <href>http://maps.google.com/mapfiles/kml/shapes/placemark_circle.png</href>
        </Icon>
      </IconStyle>
    </Style>
    <Point>
      <coordinates>140.149826187995,37.0151342832356,332.210441530747</coordinates>
      <altitudeMode>absolute</altitudeMode>
    </Point>
  </Placemark>

  <Placemark>
    <Style>
      <IconStyle>
        <scale>0.686909090909091</scale>
        <color>FFC5753A</color>
        <Icon>
          <href>http://maps.google.com/mapfiles/kml/shapes/placemark_circle.png</href>
        </Icon>
      </IconStyle>
    </Style>
    <Point>
      <coordinates>140.149825758873,37.0151354436919,332.210441530747</coordinates>
      <altitudeMode>absolute</altitudeMode>
    </Point>
  </Placemark>

  <Placemark>
    <Style>
      <IconStyle>
        <scale>0.686909090909091</scale>
        <color>FFC5753A</color>
        <Icon>
          <href>http://maps.google.com/mapfiles/kml/shapes/placemark_circle.png</href>
        </Icon>
      </IconStyle>
    </Style>
    <Point>
      <coordinates>140.149825758873,37.0151354436919,332.210441530747</coordinates>
      <altitudeMode>absolute</altitudeMode>
    </Point>
  </Placemark>

  <Placemark>
    <Style>
      <IconStyle>
        <scale>0.62</scale>
        <color>FFCA6935</color>
        <Icon>
          <href>http://maps.google.com/mapfiles/kml/shapes/placemark_circle.png</href>
        </Icon>
      </IconStyle>
    </Style>
    <Point>
      <coordinates>140.149819461155,37.0151395732728,332.210441530747</coordinates>
      <altitudeMode>absolute</altitudeMode>
    </Point>
  </Placemark>

  <Placemark>
    <Style>
      <IconStyle>
        <scale>0.62</scale>
        <color>FFCA6935</color>
        <Icon>
          <href>http://maps.google.com/mapfiles/kml/shapes/placemark_circle.png</href>
        </Icon>
      </IconStyle>
    </Style>
    <Point>
      <coordinates>140.149819461155,37.0151395732728,332.210441530747</coordinates>
      <altitudeMode>absolute</altitudeMode>
    </Point>
  </Placemark>

  <Placemark>
    <Style>
      <IconStyle>
        <scale>0.697090909090909</scale>
        <color>FFC4773B</color>
        <Icon>
          <href>http://maps.google.com/mapfiles/kml/shapes/placemark_circle.png</href>
        </Icon>
      </IconStyle>
    </Style>
    <Point>
      <coordinates>140.149817163287,37.0151410447797,332.710441546747</coordinates>
      <altitudeMode>absolute</altitudeMode>
    </Point>
  </Placemark>

  <Placemark>
    <Style>
      <IconStyle>
        <scale>0.697090909090909</scale>
        <color>FFC4773B</color>
        <Icon>
          <href>http://maps.google.com/mapfiles/kml/shapes/placemark_circle.png</href>
        </Icon>
      </IconStyle>
    </Style>
    <Point>
      <coordinates>140.149817163287,37.0151410447797,332.710441546747</coordinates>
      <altitudeMode>absolute</altitudeMode>
    </Point>
  </Placemark>

  <Placemark>
    <Style>
      <IconStyle>
        <scale>0.790363636363636</scale>
        <color>FFBC8643</color>
        <Icon>
          <href>http://maps.google.com/mapfiles/kml/shapes/placemark_circle.png</href>
        </Icon>
      </IconStyle>
    </Style>
    <Point>
      <coordinates>140.149804558281,37.0151478904385,333.010441556347</coordinates>
      <altitudeMode>absolute</altitudeMode>
    </Point>
  </Placemark>

  <Placemark>
    <Style>
      <IconStyle>
        <scale>0.790363636363636</scale>
        <color>FFBC8643</color>
        <Icon>
          <href>http://maps.google.com/mapfiles/kml/shapes/placemark_circle.png</href>
        </Icon>
      </IconStyle>
    </Style>
    <Point>
      <coordinates>140.149804558281,37.0151478904385,333.010441556347</coordinates>
      <altitudeMode>absolute</altitudeMode>
    </Point>
  </Placemark>

  <Placemark>
    <Style>
      <IconStyle>
        <scale>0.763272727272727</scale>
        <color>FFBE8241</color>
        <Icon>
          <href>http://maps.google.com/mapfiles/kml/shapes/placemark_circle.png</href>
        </Icon>
      </IconStyle>
    </Style>
    <Point>
      <coordinates>140.149779682164,37.0151602916967,333.310441565947</coordinates>
      <altitudeMode>absolute</altitudeMode>
    </Point>
  </Placemark>

  <Placemark>
    <Style>
      <IconStyle>
        <scale>0.763272727272727</scale>
        <color>FFBE8241</color>
        <Icon>
          <href>http://maps.google.com/mapfiles/kml/shapes/placemark_circle.png</href>
        </Icon>
      </IconStyle>
    </Style>
    <Point>
      <coordinates>140.149779682164,37.0151602916967,333.310441565947</coordinates>
      <altitudeMode>absolute</altitudeMode>
    </Point>
  </Placemark>

  <Placemark>
    <Style>
      <IconStyle>
        <scale>0.811636363636364</scale>
        <color>FFBA8A45</color>
        <Icon>
          <href>http://maps.google.com/mapfiles/kml/shapes/placemark_circle.png</href>
        </Icon>
      </IconStyle>
    </Style>
    <Point>
      <coordinates>140.149754368622,37.0151726883377,334.110441591547</coordinates>
      <altitudeMode>absolute</altitudeMode>
    </Point>
  </Placemark>

  <Placemark>
    <Style>
      <IconStyle>
        <scale>0.811636363636364</scale>
        <color>FFBA8A45</color>
        <Icon>
          <href>http://maps.google.com/mapfiles/kml/shapes/placemark_circle.png</href>
        </Icon>
      </IconStyle>
    </Style>
    <Point>
      <coordinates>140.149754368622,37.0151726883377,334.110441591547</coordinates>
      <altitudeMode>absolute</altitudeMode>
    </Point>
  </Placemark>

  <Placemark>
    <Style>
      <IconStyle>
        <scale>0.827818181818182</scale>
        <color>FFB98D46</color>
        <Icon>
          <href>http://maps.google.com/mapfiles/kml/shapes/placemark_circle.png</href>
        </Icon>
      </IconStyle>
    </Style>
    <Point>
      <coordinates>140.149734866278,37.0151836310331,334.710441610747</coordinates>
      <altitudeMode>absolute</altitudeMode>
    </Point>
  </Placemark>

  <Placemark>
    <Style>
      <IconStyle>
        <scale>0.827818181818182</scale>
        <color>FFB98D46</color>
        <Icon>
          <href>http://maps.google.com/mapfiles/kml/shapes/placemark_circle.png</href>
        </Icon>
      </IconStyle>
    </Style>
    <Point>
      <coordinates>140.149734866278,37.0151836310331,334.710441610747</coordinates>
      <altitudeMode>absolute</altitudeMode>
    </Point>
  </Placemark>

  <Placemark>
    <Style>
      <IconStyle>
        <scale>0.960363636363636</scale>
        <color>FFADA352</color>
        <Icon>
          <href>http://maps.google.com/mapfiles/kml/shapes/placemark_circle.png</href>
        </Icon>
      </IconStyle>
    </Style>
    <Point>
      <coordinates>140.149728894172,37.0151866883415,335.210441626747</coordinates>
      <altitudeMode>absolute</altitudeMode>
    </Point>
  </Placemark>

  <Placemark>
    <Style>
      <IconStyle>
        <scale>0.960363636363636</scale>
        <color>FFADA352</color>
        <Icon>
          <href>http://maps.google.com/mapfiles/kml/shapes/placemark_circle.png</href>
        </Icon>
      </IconStyle>
    </Style>
    <Point>
      <coordinates>140.149728894172,37.0151866883415,335.210441626747</coordinates>
      <altitudeMode>absolute</altitudeMode>
    </Point>
  </Placemark>

  <Placemark>
    <Style>
      <IconStyle>
        <scale>1.20418181818182</scale>
        <color>FF99CD66</color>
        <Icon>
          <href>http://maps.google.com/mapfiles/kml/shapes/placemark_circle.png</href>
        </Icon>
      </IconStyle>
    </Style>
    <Point>
      <coordinates>140.149727197276,37.0151875928128,335.710441642747</coordinates>
      <altitudeMode>absolute</altitudeMode>
    </Point>
  </Placemark>

  <Placemark>
    <Style>
      <IconStyle>
        <scale>1.20418181818182</scale>
        <color>FF99CD66</color>
        <Icon>
          <href>http://maps.google.com/mapfiles/kml/shapes/placemark_circle.png</href>
        </Icon>
      </IconStyle>
    </Style>
    <Point>
      <coordinates>140.149727197276,37.0151875928128,335.710441642747</coordinates>
      <altitudeMode>absolute</altitudeMode>
    </Point>
  </Placemark>

  <Placemark>
    <Style>
      <IconStyle>
        <scale>1.48763636363636</scale>
        <color>FF81FD7E</color>
        <Icon>
          <href>http://maps.google.com/mapfiles/kml/shapes/placemark_circle.png</href>
        </Icon>
      </IconStyle>
    </Style>
    <Point>
      <coordinates>140.149726593236,37.0151886158448,336.010441652347</coordinates>
      <altitudeMode>absolute</altitudeMode>
    </Point>
  </Placemark>

  <Placemark>
    <Style>
      <IconStyle>
        <scale>1.48763636363636</scale>
        <color>FF81FD7E</color>
        <Icon>
          <href>http://maps.google.com/mapfiles/kml/shapes/placemark_circle.png</href>
        </Icon>
      </IconStyle>
    </Style>
    <Point>
      <coordinates>140.149726593236,37.0151886158448,336.010441652347</coordinates>
      <altitudeMode>absolute</altitudeMode>
    </Point>
  </Placemark>

  <Placemark>
    <Style>
      <IconStyle>
        <scale>1.52581818181818</scale>
        <color>FF7DFB82</color>
        <Icon>
          <href>http://maps.google.com/mapfiles/kml/shapes/placemark_circle.png</href>
        </Icon>
      </IconStyle>
    </Style>
    <Point>
      <coordinates>140.149726945648,37.0151890056561,336.110441655547</coordinates>
      <altitudeMode>absolute</altitudeMode>
    </Point>
  </Placemark>

  <Placemark>
    <Style>
      <IconStyle>
        <scale>1.52581818181818</scale>
        <color>FF7DFB82</color>
        <Icon>
          <href>http://maps.google.com/mapfiles/kml/shapes/placemark_circle.png</href>
        </Icon>
      </IconStyle>
    </Style>
    <Point>
      <coordinates>140.149726945648,37.0151890056561,336.110441655547</coordinates>
      <altitudeMode>absolute</altitudeMode>
    </Point>
  </Placemark>

  <Placemark>
    <Style>
      <IconStyle>
        <scale>1.52909090909091</scale>
        <color>FF7DFA82</color>
        <Icon>
          <href>http://maps.google.com/mapfiles/kml/shapes/placemark_circle.png</href>
        </Icon>
      </IconStyle>
    </Style>
    <Point>
      <coordinates>140.149727218111,37.0151893753875,336.210441658747</coordinates>
      <altitudeMode>absolute</altitudeMode>
    </Point>
  </Placemark>

  <Placemark>
    <Style>
      <IconStyle>
        <scale>1.52909090909091</scale>
        <color>FF7DFA82</color>
        <Icon>
          <href>http://maps.google.com/mapfiles/kml/shapes/placemark_circle.png</href>
        </Icon>
      </IconStyle>
    </Style>
    <Point>
      <coordinates>140.149727218111,37.0151893753875,336.210441658747</coordinates>
      <altitudeMode>absolute</altitudeMode>
    </Point>
  </Placemark>

  <Placemark>
    <Style>
      <IconStyle>
        <scale>1.46363636363636</scale>
        <color>FF83F97C</color>
        <Icon>
          <href>http://maps.google.com/mapfiles/kml/shapes/placemark_circle.png</href>
        </Icon>
      </IconStyle>
    </Style>
    <Point>
      <coordinates>140.149727365372,37.015189805136,336.210441658747</coordinates>
      <altitudeMode>absolute</altitudeMode>
    </Point>
  </Placemark>

  <Placemark>
    <Style>
      <IconStyle>
        <scale>1.46363636363636</scale>
        <color>FF83F97C</color>
        <Icon>
          <href>http://maps.google.com/mapfiles/kml/shapes/placemark_circle.png</href>
        </Icon>
      </IconStyle>
    </Style>
    <Point>
      <coordinates>140.149727365372,37.015189805136,336.210441658747</coordinates>
      <altitudeMode>absolute</altitudeMode>
    </Point>
  </Placemark>

  <Placemark>
    <Style>
      <IconStyle>
        <scale>1.36745454545455</scale>
        <color>FF8BE874</color>
        <Icon>
          <href>http://maps.google.com/mapfiles/kml/shapes/placemark_circle.png</href>
        </Icon>
      </IconStyle>
    </Style>
    <Point>
      <coordinates>140.149726636236,37.0151907605267,336.410441665147</coordinates>
      <altitudeMode>absolute</altitudeMode>
    </Point>
  </Placemark>

  <Placemark>
    <Style>
      <IconStyle>
        <scale>1.36745454545455</scale>
        <color>FF8BE874</color>
        <Icon>
          <href>http://maps.google.com/mapfiles/kml/shapes/placemark_circle.png</href>
        </Icon>
      </IconStyle>
    </Style>
    <Point>
      <coordinates>140.149726636236,37.0151907605267,336.410441665147</coordinates>
      <altitudeMode>absolute</altitudeMode>
    </Point>
  </Placemark>

  <Placemark>
    <Style>
      <IconStyle>
        <scale>1.27163636363636</scale>
        <color>FF93D86C</color>
        <Icon>
          <href>http://maps.google.com/mapfiles/kml/shapes/placemark_circle.png</href>
        </Icon>
      </IconStyle>
    </Style>
    <Point>
      <coordinates>140.149712932238,37.0151984881867,336.710441674747</coordinates>
      <altitudeMode>absolute</altitudeMode>
    </Point>
  </Placemark>

  <Placemark>
    <Style>
      <IconStyle>
        <scale>1.27163636363636</scale>
        <color>FF93D86C</color>
        <Icon>
          <href>http://maps.google.com/mapfiles/kml/shapes/placemark_circle.png</href>
        </Icon>
      </IconStyle>
    </Style>
    <Point>
      <coordinates>140.149712932238,37.0151984881867,336.710441674747</coordinates>
      <altitudeMode>absolute</altitudeMode>
    </Point>
  </Placemark>

  <Placemark>
    <Style>
      <IconStyle>
        <scale>1.39090909090909</scale>
        <color>FF89EC76</color>
        <Icon>
          <href>http://maps.google.com/mapfiles/kml/shapes/placemark_circle.png</href>
        </Icon>
      </IconStyle>
    </Style>
    <Point>
      <coordinates>140.149694062644,37.0152093849997,337.110441687547</coordinates>
      <altitudeMode>absolute</altitudeMode>
    </Point>
  </Placemark>

  <Placemark>
    <Style>
      <IconStyle>
        <scale>1.39090909090909</scale>
        <color>FF89EC76</color>
        <Icon>
          <href>http://maps.google.com/mapfiles/kml/shapes/placemark_circle.png</href>
        </Icon>
      </IconStyle>
    </Style>
    <Point>
      <coordinates>140.149694062644,37.0152093849997,337.110441687547</coordinates>
      <altitudeMode>absolute</altitudeMode>
    </Point>
  </Placemark>

  <Placemark>
    <Style>
      <IconStyle>
        <scale>1.40836363636364</scale>
        <color>FF87EF78</color>
        <Icon>
          <href>http://maps.google.com/mapfiles/kml/shapes/placemark_circle.png</href>
        </Icon>
      </IconStyle>
    </Style>
    <Point>
      <coordinates>140.149690412073,37.0152114850671,337.710441706747</coordinates>
      <altitudeMode>absolute</altitudeMode>
    </Point>
  </Placemark>

  <Placemark>
    <Style>
      <IconStyle>
        <scale>1.40836363636364</scale>
        <color>FF87EF78</color>
        <Icon>
          <href>http://maps.google.com/mapfiles/kml/shapes/placemark_circle.png</href>
        </Icon>
      </IconStyle>
    </Style>
    <Point>
      <coordinates>140.149690412073,37.0152114850671,337.710441706747</coordinates>
      <altitudeMode>absolute</altitudeMode>
    </Point>
  </Placemark>

  <Placemark>
    <Style>
      <IconStyle>
        <scale>1.60945454545455</scale>
        <color>FF76EC89</color>
        <Icon>
          <href>http://maps.google.com/mapfiles/kml/shapes/placemark_circle.png</href>
        </Icon>
      </IconStyle>
    </Style>
    <Point>
      <coordinates>140.14968765101,37.0152120645757,338.310441725947</coordinates>
      <altitudeMode>absolute</altitudeMode>
    </Point>
  </Placemark>

  <Placemark>
    <Style>
      <IconStyle>
        <scale>1.60945454545455</scale>
        <color>FF76EC89</color>
        <Icon>
          <href>http://maps.google.com/mapfiles/kml/shapes/placemark_circle.png</href>
        </Icon>
      </IconStyle>
    </Style>
    <Point>
      <coordinates>140.14968765101,37.0152120645757,338.310441725947</coordinates>
      <altitudeMode>absolute</altitudeMode>
    </Point>
  </Placemark>

  <Placemark>
    <Style>
      <IconStyle>
        <scale>1.52981818181818</scale>
        <color>FF7DFA82</color>
        <Icon>
          <href>http://maps.google.com/mapfiles/kml/shapes/placemark_circle.png</href>
        </Icon>
      </IconStyle>
    </Style>
    <Point>
      <coordinates>140.149676325129,37.0152182333844,338.910441745147</coordinates>
      <altitudeMode>absolute</altitudeMode>
    </Point>
  </Placemark>

  <Placemark>
    <Style>
      <IconStyle>
        <scale>1.52981818181818</scale>
        <color>FF7DFA82</color>
        <Icon>
          <href>http://maps.google.com/mapfiles/kml/shapes/placemark_circle.png</href>
        </Icon>
      </IconStyle>
    </Style>
    <Point>
      <coordinates>140.149676325129,37.0152182333844,338.910441745147</coordinates>
      <altitudeMode>absolute</altitudeMode>
    </Point>
  </Placemark>

  <Placemark>
    <Style>
      <IconStyle>
        <scale>1.38872727272727</scale>
        <color>FF89EC76</color>
        <Icon>
          <href>http://maps.google.com/mapfiles/kml/shapes/placemark_circle.png</href>
        </Icon>
      </IconStyle>
    </Style>
    <Point>
      <coordinates>140.149649644766,37.0152316371408,339.410441761147</coordinates>
      <altitudeMode>absolute</altitudeMode>
    </Point>
  </Placemark>

  <Placemark>
    <Style>
      <IconStyle>
        <scale>1.38872727272727</scale>
        <color>FF89EC76</color>
        <Icon>
          <href>http://maps.google.com/mapfiles/kml/shapes/placemark_circle.png</href>
        </Icon>
      </IconStyle>
    </Style>
    <Point>
      <coordinates>140.149649644766,37.0152316371408,339.410441761147</coordinates>
      <altitudeMode>absolute</altitudeMode>
    </Point>
  </Placemark>

  <Placemark>
    <Style>
      <IconStyle>
        <scale>1.27763636363636</scale>
        <color>FF92D96D</color>
        <Icon>
          <href>http://maps.google.com/mapfiles/kml/shapes/placemark_circle.png</href>
        </Icon>
      </IconStyle>
    </Style>
    <Point>
      <coordinates>140.149634747321,37.0152385316887,339.810441773947</coordinates>
      <altitudeMode>absolute</altitudeMode>
    </Point>
  </Placemark>

  <Placemark>
    <Style>
      <IconStyle>
        <scale>1.27763636363636</scale>
        <color>FF92D96D</color>
        <Icon>
          <href>http://maps.google.com/mapfiles/kml/shapes/placemark_circle.png</href>
        </Icon>
      </IconStyle>
    </Style>
    <Point>
      <coordinates>140.149634747321,37.0152385316887,339.810441773947</coordinates>
      <altitudeMode>absolute</altitudeMode>
    </Point>
  </Placemark>

  <Placemark>
    <Style>
      <IconStyle>
        <scale>1.35781818181818</scale>
        <color>FF8CE773</color>
        <Icon>
          <href>http://maps.google.com/mapfiles/kml/shapes/placemark_circle.png</href>
        </Icon>
      </IconStyle>
    </Style>
    <Point>
      <coordinates>140.149631119388,37.015240320911,340.310441789947</coordinates>
      <altitudeMode>absolute</altitudeMode>
    </Point>
  </Placemark>

  <Placemark>
    <Style>
      <IconStyle>
        <scale>1.35781818181818</scale>
        <color>FF8CE773</color>
        <Icon>
          <href>http://maps.google.com/mapfiles/kml/shapes/placemark_circle.png</href>
        </Icon>
      </IconStyle>
    </Style>
    <Point>
      <coordinates>140.149631119388,37.015240320911,340.310441789947</coordinates>
      <altitudeMode>absolute</altitudeMode>
    </Point>
  </Placemark>

  <Placemark>
    <Style>
      <IconStyle>
        <scale>1.26890909090909</scale>
        <color>FF93D86C</color>
        <Icon>
          <href>http://maps.google.com/mapfiles/kml/shapes/placemark_circle.png</href>
        </Icon>
      </IconStyle>
    </Style>
    <Point>
      <coordinates>140.149631146123,37.0152408056909,340.610441799547</coordinates>
      <altitudeMode>absolute</altitudeMode>
    </Point>
  </Placemark>

  <Placemark>
    <Style>
      <IconStyle>
        <scale>1.26890909090909</scale>
        <color>FF93D86C</color>
        <Icon>
          <href>http://maps.google.com/mapfiles/kml/shapes/placemark_circle.png</href>
        </Icon>
      </IconStyle>
    </Style>
    <Point>
      <coordinates>140.149631146123,37.0152408056909,340.610441799547</coordinates>
      <altitudeMode>absolute</altitudeMode>
    </Point>
  </Placemark>

  <Placemark>
    <Style>
      <IconStyle>
        <scale>1.30727272727273</scale>
        <color>FF90DE6F</color>
        <Icon>
          <href>http://maps.google.com/mapfiles/kml/shapes/placemark_circle.png</href>
        </Icon>
      </IconStyle>
    </Style>
    <Point>
      <coordinates>140.149630389501,37.0152417278435,341.010441812347</coordinates>
      <altitudeMode>absolute</altitudeMode>
    </Point>
  </Placemark>

  <Placemark>
    <Style>
      <IconStyle>
        <scale>1.30727272727273</scale>
        <color>FF90DE6F</color>
        <Icon>
          <href>http://maps.google.com/mapfiles/kml/shapes/placemark_circle.png</href>
        </Icon>
      </IconStyle>
    </Style>
    <Point>
      <coordinates>140.149630389501,37.0152417278435,341.010441812347</coordinates>
      <altitudeMode>absolute</altitudeMode>
    </Point>
  </Placemark>

  <Placemark>
    <Style>
      <IconStyle>
        <scale>1.49854545454545</scale>
        <color>FF80FF7F</color>
        <Icon>
          <href>http://maps.google.com/mapfiles/kml/shapes/placemark_circle.png</href>
        </Icon>
      </IconStyle>
    </Style>
    <Point>
      <coordinates>140.14963082285,37.0152423951075,341.510441828347</coordinates>
      <altitudeMode>absolute</altitudeMode>
    </Point>
  </Placemark>

  <Placemark>
    <Style>
      <IconStyle>
        <scale>1.49854545454545</scale>
        <color>FF80FF7F</color>
        <Icon>
          <href>http://maps.google.com/mapfiles/kml/shapes/placemark_circle.png</href>
        </Icon>
      </IconStyle>
    </Style>
    <Point>
      <coordinates>140.14963082285,37.0152423951075,341.510441828347</coordinates>
      <altitudeMode>absolute</altitudeMode>
    </Point>
  </Placemark>

  <Placemark>
    <Style>
      <IconStyle>
        <scale>1.69854545454545</scale>
        <color>FF6FDD90</color>
        <Icon>
          <href>http://maps.google.com/mapfiles/kml/shapes/placemark_circle.png</href>
        </Icon>
      </IconStyle>
    </Style>
    <Point>
      <coordinates>140.149630445032,37.0152438171684,341.910441841147</coordinates>
      <altitudeMode>absolute</altitudeMode>
    </Point>
  </Placemark>

  <Placemark>
    <Style>
      <IconStyle>
        <scale>1.69854545454545</scale>
        <color>FF6FDD90</color>
        <Icon>
          <href>http://maps.google.com/mapfiles/kml/shapes/placemark_circle.png</href>
        </Icon>
      </IconStyle>
    </Style>
    <Point>
      <coordinates>140.149630445032,37.0152438171684,341.910441841147</coordinates>
      <altitudeMode>absolute</altitudeMode>
    </Point>
  </Placemark>

  <Placemark>
    <Style>
      <IconStyle>
        <scale>1.65345454545455</scale>
        <color>FF72E58D</color>
        <Icon>
          <href>http://maps.google.com/mapfiles/kml/shapes/placemark_circle.png</href>
        </Icon>
      </IconStyle>
    </Style>
    <Point>
      <coordinates>140.149629874401,37.0152445745181,342.310441853947</coordinates>
      <altitudeMode>absolute</altitudeMode>
    </Point>
  </Placemark>

  <Placemark>
    <Style>
      <IconStyle>
        <scale>1.65345454545455</scale>
        <color>FF72E58D</color>
        <Icon>
          <href>http://maps.google.com/mapfiles/kml/shapes/placemark_circle.png</href>
        </Icon>
      </IconStyle>
    </Style>
    <Point>
      <coordinates>140.149629874401,37.0152445745181,342.310441853947</coordinates>
      <altitudeMode>absolute</altitudeMode>
    </Point>
  </Placemark>

  <Placemark>
    <Style>
      <IconStyle>
        <scale>1.60781818181818</scale>
        <color>FF76ED89</color>
        <Icon>
          <href>http://maps.google.com/mapfiles/kml/shapes/placemark_circle.png</href>
        </Icon>
      </IconStyle>
    </Style>
    <Point>
      <coordinates>140.149630472412,37.0152439339988,342.310441853947</coordinates>
      <altitudeMode>absolute</altitudeMode>
    </Point>
  </Placemark>

  <Placemark>
    <Style>
      <IconStyle>
        <scale>1.60781818181818</scale>
        <color>FF76ED89</color>
        <Icon>
          <href>http://maps.google.com/mapfiles/kml/shapes/placemark_circle.png</href>
        </Icon>
      </IconStyle>
    </Style>
    <Point>
      <coordinates>140.149630472412,37.0152439339988,342.310441853947</coordinates>
      <altitudeMode>absolute</altitudeMode>
    </Point>
  </Placemark>

  <Placemark>
    <Style>
      <IconStyle>
        <scale>1.69527272727273</scale>
        <color>FF6FDE90</color>
        <Icon>
          <href>http://maps.google.com/mapfiles/kml/shapes/placemark_circle.png</href>
        </Icon>
      </IconStyle>
    </Style>
    <Point>
      <coordinates>140.149623545441,37.0152481925915,342.110441847547</coordinates>
      <altitudeMode>absolute</altitudeMode>
    </Point>
  </Placemark>

  <Placemark>
    <Style>
      <IconStyle>
        <scale>1.69527272727273</scale>
        <color>FF6FDE90</color>
        <Icon>
          <href>http://maps.google.com/mapfiles/kml/shapes/placemark_circle.png</href>
        </Icon>
      </IconStyle>
    </Style>
    <Point>
      <coordinates>140.149623545441,37.0152481925915,342.110441847547</coordinates>
      <altitudeMode>absolute</altitudeMode>
    </Point>
  </Placemark>

  <Placemark>
    <Style>
      <IconStyle>
        <scale>2.07909090909091</scale>
        <color>FF4E9DB1</color>
        <Icon>
          <href>http://maps.google.com/mapfiles/kml/shapes/placemark_circle.png</href>
        </Icon>
      </IconStyle>
    </Style>
    <Point>
      <coordinates>140.149601494781,37.0152604849778,342.010441844347</coordinates>
      <altitudeMode>absolute</altitudeMode>
    </Point>
  </Placemark>

  <Placemark>
    <Style>
      <IconStyle>
        <scale>2.07909090909091</scale>
        <color>FF4E9DB1</color>
        <Icon>
          <href>http://maps.google.com/mapfiles/kml/shapes/placemark_circle.png</href>
        </Icon>
      </IconStyle>
    </Style>
    <Point>
      <coordinates>140.149601494781,37.0152604849778,342.010441844347</coordinates>
      <altitudeMode>absolute</altitudeMode>
    </Point>
  </Placemark>

  <Placemark>
    <Style>
      <IconStyle>
        <scale>2.25290909090909</scale>
        <color>FF407FBF</color>
        <Icon>
          <href>http://maps.google.com/mapfiles/kml/shapes/placemark_circle.png</href>
        </Icon>
      </IconStyle>
    </Style>
    <Point>
      <coordinates>140.149570445762,37.0152770171105,342.510441860347</coordinates>
      <altitudeMode>absolute</altitudeMode>
    </Point>
  </Placemark>

  <Placemark>
    <Style>
      <IconStyle>
        <scale>2.25290909090909</scale>
        <color>FF407FBF</color>
        <Icon>
          <href>http://maps.google.com/mapfiles/kml/shapes/placemark_circle.png</href>
        </Icon>
      </IconStyle>
    </Style>
    <Point>
      <coordinates>140.149570445762,37.0152770171105,342.510441860347</coordinates>
      <altitudeMode>absolute</altitudeMode>
    </Point>
  </Placemark>

  <Placemark>
    <Style>
      <IconStyle>
        <scale>2.16254545454545</scale>
        <color>FF478EB8</color>
        <Icon>
          <href>http://maps.google.com/mapfiles/kml/shapes/placemark_circle.png</href>
        </Icon>
      </IconStyle>
    </Style>
    <Point>
      <coordinates>140.149556098993,37.0152852084253,343.710441898747</coordinates>
      <altitudeMode>absolute</altitudeMode>
    </Point>
  </Placemark>

  <Placemark>
    <Style>
      <IconStyle>
        <scale>2.16254545454545</scale>
        <color>FF478EB8</color>
        <Icon>
          <href>http://maps.google.com/mapfiles/kml/shapes/placemark_circle.png</href>
        </Icon>
      </IconStyle>
    </Style>
    <Point>
      <coordinates>140.149556098993,37.0152852084253,343.710441898747</coordinates>
      <altitudeMode>absolute</altitudeMode>
    </Point>
  </Placemark>

  <Placemark>
    <Style>
      <IconStyle>
        <scale>2.02236363636364</scale>
        <color>FF53A6AC</color>
        <Icon>
          <href>http://maps.google.com/mapfiles/kml/shapes/placemark_circle.png</href>
        </Icon>
      </IconStyle>
    </Style>
    <Point>
      <coordinates>140.149536249194,37.0152960058324,344.710441930747</coordinates>
      <altitudeMode>absolute</altitudeMode>
    </Point>
  </Placemark>

  <Placemark>
    <Style>
      <IconStyle>
        <scale>2.02236363636364</scale>
        <color>FF53A6AC</color>
        <Icon>
          <href>http://maps.google.com/mapfiles/kml/shapes/placemark_circle.png</href>
        </Icon>
      </IconStyle>
    </Style>
    <Point>
      <coordinates>140.149536249194,37.0152960058324,344.710441930747</coordinates>
      <altitudeMode>absolute</altitudeMode>
    </Point>
  </Placemark>

  <Placemark>
    <Style>
      <IconStyle>
        <scale>2.00254545454545</scale>
        <color>FF55AAAA</color>
        <Icon>
          <href>http://maps.google.com/mapfiles/kml/shapes/placemark_circle.png</href>
        </Icon>
      </IconStyle>
    </Style>
    <Point>
      <coordinates>140.149501448048,37.0153135549663,345.310441949947</coordinates>
      <altitudeMode>absolute</altitudeMode>
    </Point>
  </Placemark>

  <Placemark>
    <Style>
      <IconStyle>
        <scale>2.00254545454545</scale>
        <color>FF55AAAA</color>
        <Icon>
          <href>http://maps.google.com/mapfiles/kml/shapes/placemark_circle.png</href>
        </Icon>
      </IconStyle>
    </Style>
    <Point>
      <coordinates>140.149501448048,37.0153135549663,345.310441949947</coordinates>
      <altitudeMode>absolute</altitudeMode>
    </Point>
  </Placemark>

  <Placemark>
    <Style>
      <IconStyle>
        <scale>1.97436363636364</scale>
        <color>FF57AEA8</color>
        <Icon>
          <href>http://maps.google.com/mapfiles/kml/shapes/placemark_circle.png</href>
        </Icon>
      </IconStyle>
    </Style>
    <Point>
      <coordinates>140.149457099413,37.0153341897809,345.610441959547</coordinates>
      <altitudeMode>absolute</altitudeMode>
    </Point>
  </Placemark>

  <Placemark>
    <Style>
      <IconStyle>
        <scale>1.97436363636364</scale>
        <color>FF57AEA8</color>
        <Icon>
          <href>http://maps.google.com/mapfiles/kml/shapes/placemark_circle.png</href>
        </Icon>
      </IconStyle>
    </Style>
    <Point>
      <coordinates>140.149457099413,37.0153341897809,345.610441959547</coordinates>
      <altitudeMode>absolute</altitudeMode>
    </Point>
  </Placemark>

  <Placemark>
    <Style>
      <IconStyle>
        <scale>1.84690909090909</scale>
        <color>FF62C49D</color>
        <Icon>
          <href>http://maps.google.com/mapfiles/kml/shapes/placemark_circle.png</href>
        </Icon>
      </IconStyle>
    </Style>
    <Point>
      <coordinates>140.149412641432,37.0153585074148,345.910441969147</coordinates>
      <altitudeMode>absolute</altitudeMode>
    </Point>
  </Placemark>

  <Placemark>
    <Style>
      <IconStyle>
        <scale>1.84690909090909</scale>
        <color>FF62C49D</color>
        <Icon>
          <href>http://maps.google.com/mapfiles/kml/shapes/placemark_circle.png</href>
        </Icon>
      </IconStyle>
    </Style>
    <Point>
      <coordinates>140.149412641432,37.0153585074148,345.910441969147</coordinates>
      <altitudeMode>absolute</altitudeMode>
    </Point>
  </Placemark>

  <Placemark>
    <Style>
      <IconStyle>
        <scale>1.654</scale>
        <color>FF72E58D</color>
        <Icon>
          <href>http://maps.google.com/mapfiles/kml/shapes/placemark_circle.png</href>
        </Icon>
      </IconStyle>
    </Style>
    <Point>
      <coordinates>140.149395475321,37.015368493109,346.410441985147</coordinates>
      <altitudeMode>absolute</altitudeMode>
    </Point>
  </Placemark>

  <Placemark>
    <Style>
      <IconStyle>
        <scale>1.654</scale>
        <color>FF72E58D</color>
        <Icon>
          <href>http://maps.google.com/mapfiles/kml/shapes/placemark_circle.png</href>
        </Icon>
      </IconStyle>
    </Style>
    <Point>
      <coordinates>140.149395475321,37.015368493109,346.410441985147</coordinates>
      <altitudeMode>absolute</altitudeMode>
    </Point>
  </Placemark>

  <Placemark>
    <Style>
      <IconStyle>
        <scale>2.23181818181818</scale>
        <color>FF4183BE</color>
        <Icon>
          <href>http://maps.google.com/mapfiles/kml/shapes/placemark_circle.png</href>
        </Icon>
      </IconStyle>
    </Style>
    <Point>
      <coordinates>140.149374629137,37.0153793310015,347.510442020347</coordinates>
      <altitudeMode>absolute</altitudeMode>
    </Point>
  </Placemark>

  <Placemark>
    <Style>
      <IconStyle>
        <scale>2.23181818181818</scale>
        <color>FF4183BE</color>
        <Icon>
          <href>http://maps.google.com/mapfiles/kml/shapes/placemark_circle.png</href>
        </Icon>
      </IconStyle>
    </Style>
    <Point>
      <coordinates>140.149374629137,37.0153793310015,347.510442020347</coordinates>
      <altitudeMode>absolute</altitudeMode>
    </Point>
  </Placemark>

  <Placemark>
    <Style>
      <IconStyle>
        <scale>2.58309090909091</scale>
        <color>FF2347DC</color>
        <Icon>
          <href>http://maps.google.com/mapfiles/kml/shapes/placemark_circle.png</href>
        </Icon>
      </IconStyle>
    </Style>
    <Point>
      <coordinates>140.149344372617,37.0153952641283,348.910442065147</coordinates>
      <altitudeMode>absolute</altitudeMode>
    </Point>
  </Placemark>

  <Placemark>
    <Style>
      <IconStyle>
        <scale>2.58309090909091</scale>
        <color>FF2347DC</color>
        <Icon>
          <href>http://maps.google.com/mapfiles/kml/shapes/placemark_circle.png</href>
        </Icon>
      </IconStyle>
    </Style>
    <Point>
      <coordinates>140.149344372617,37.0153952641283,348.910442065147</coordinates>
      <altitudeMode>absolute</altitudeMode>
    </Point>
  </Placemark>

  <Placemark>
    <Style>
      <IconStyle>
        <scale>2.48745454545455</scale>
        <color>FF2C57D3</color>
        <Icon>
          <href>http://maps.google.com/mapfiles/kml/shapes/placemark_circle.png</href>
        </Icon>
      </IconStyle>
    </Style>
    <Point>
      <coordinates>140.149307843098,37.0154138726505,350.910442129147</coordinates>
      <altitudeMode>absolute</altitudeMode>
    </Point>
  </Placemark>

  <Placemark>
    <Style>
      <IconStyle>
        <scale>2.48745454545455</scale>
        <color>FF2C57D3</color>
        <Icon>
          <href>http://maps.google.com/mapfiles/kml/shapes/placemark_circle.png</href>
        </Icon>
      </IconStyle>
    </Style>
    <Point>
      <coordinates>140.149307843098,37.0154138726505,350.910442129147</coordinates>
      <altitudeMode>absolute</altitudeMode>
    </Point>
  </Placemark>

  <Placemark>
    <Style>
      <IconStyle>
        <scale>2.04690909090909</scale>
        <color>FF51A2AE</color>
        <Icon>
          <href>http://maps.google.com/mapfiles/kml/shapes/placemark_circle.png</href>
        </Icon>
      </IconStyle>
    </Style>
    <Point>
      <coordinates>140.149266500438,37.0154363368302,352.810442189947</coordinates>
      <altitudeMode>absolute</altitudeMode>
    </Point>
  </Placemark>

  <Placemark>
    <Style>
      <IconStyle>
        <scale>2.04690909090909</scale>
        <color>FF51A2AE</color>
        <Icon>
          <href>http://maps.google.com/mapfiles/kml/shapes/placemark_circle.png</href>
        </Icon>
      </IconStyle>
    </Style>
    <Point>
      <coordinates>140.149266500438,37.0154363368302,352.810442189947</coordinates>
      <altitudeMode>absolute</altitudeMode>
    </Point>
  </Placemark>

  <Placemark>
    <Style>
      <IconStyle>
        <scale>1.91454545454545</scale>
        <color>FF5CB9A3</color>
        <Icon>
          <href>http://maps.google.com/mapfiles/kml/shapes/placemark_circle.png</href>
        </Icon>
      </IconStyle>
    </Style>
    <Point>
      <coordinates>140.149223838121,37.0154606732762,354.510442244347</coordinates>
      <altitudeMode>absolute</altitudeMode>
    </Point>
  </Placemark>

  <Placemark>
    <Style>
      <IconStyle>
        <scale>1.91454545454545</scale>
        <color>FF5CB9A3</color>
        <Icon>
          <href>http://maps.google.com/mapfiles/kml/shapes/placemark_circle.png</href>
        </Icon>
      </IconStyle>
    </Style>
    <Point>
      <coordinates>140.149223838121,37.0154606732762,354.510442244347</coordinates>
      <altitudeMode>absolute</altitudeMode>
    </Point>
  </Placemark>

  <Placemark>
    <Style>
      <IconStyle>
        <scale>1.90854545454545</scale>
        <color>FF5DBAA2</color>
        <Icon>
          <href>http://maps.google.com/mapfiles/kml/shapes/placemark_circle.png</href>
        </Icon>
      </IconStyle>
    </Style>
    <Point>
      <coordinates>140.149179602221,37.015484222047,355.610442279547</coordinates>
      <altitudeMode>absolute</altitudeMode>
    </Point>
  </Placemark>

  <Placemark>
    <Style>
      <IconStyle>
        <scale>1.90854545454545</scale>
        <color>FF5DBAA2</color>
        <Icon>
          <href>http://maps.google.com/mapfiles/kml/shapes/placemark_circle.png</href>
        </Icon>
      </IconStyle>
    </Style>
    <Point>
      <coordinates>140.149179602221,37.015484222047,355.610442279547</coordinates>
      <altitudeMode>absolute</altitudeMode>
    </Point>
  </Placemark>

  <Placemark>
    <Style>
      <IconStyle>
        <scale>2.05618181818182</scale>
        <color>FF50A0AF</color>
        <Icon>
          <href>http://maps.google.com/mapfiles/kml/shapes/placemark_circle.png</href>
        </Icon>
      </IconStyle>
    </Style>
    <Point>
      <coordinates>140.149136003256,37.0155067236111,357.610442343547</coordinates>
      <altitudeMode>absolute</altitudeMode>
    </Point>
  </Placemark>

  <Placemark>
    <Style>
      <IconStyle>
        <scale>2.05618181818182</scale>
        <color>FF50A0AF</color>
        <Icon>
          <href>http://maps.google.com/mapfiles/kml/shapes/placemark_circle.png</href>
        </Icon>
      </IconStyle>
    </Style>
    <Point>
      <coordinates>140.149136003256,37.0155067236111,357.610442343547</coordinates>
      <altitudeMode>absolute</altitudeMode>
    </Point>
  </Placemark>

  <Placemark>
    <Style>
      <IconStyle>
        <scale>2.09963636363636</scale>
        <color>FF4D99B2</color>
        <Icon>
          <href>http://maps.google.com/mapfiles/kml/shapes/placemark_circle.png</href>
        </Icon>
      </IconStyle>
    </Style>
    <Point>
      <coordinates>140.14909194588,37.0155303164824,359.410442401147</coordinates>
      <altitudeMode>absolute</altitudeMode>
    </Point>
  </Placemark>

  <Placemark>
    <Style>
      <IconStyle>
        <scale>2.09963636363636</scale>
        <color>FF4D99B2</color>
        <Icon>
          <href>http://maps.google.com/mapfiles/kml/shapes/placemark_circle.png</href>
        </Icon>
      </IconStyle>
    </Style>
    <Point>
      <coordinates>140.14909194588,37.0155303164824,359.410442401147</coordinates>
      <altitudeMode>absolute</altitudeMode>
    </Point>
  </Placemark>

  <Placemark>
    <Style>
      <IconStyle>
        <scale>2.07690909090909</scale>
        <color>FF4E9DB1</color>
        <Icon>
          <href>http://maps.google.com/mapfiles/kml/shapes/placemark_circle.png</href>
        </Icon>
      </IconStyle>
    </Style>
    <Point>
      <coordinates>140.149047513862,37.0155532329064,361.710442474747</coordinates>
      <altitudeMode>absolute</altitudeMode>
    </Point>
  </Placemark>

  <Placemark>
    <Style>
      <IconStyle>
        <scale>2.07690909090909</scale>
        <color>FF4E9DB1</color>
        <Icon>
          <href>http://maps.google.com/mapfiles/kml/shapes/placemark_circle.png</href>
        </Icon>
      </IconStyle>
    </Style>
    <Point>
      <coordinates>140.149047513862,37.0155532329064,361.710442474747</coordinates>
      <altitudeMode>absolute</altitudeMode>
    </Point>
  </Placemark>

  <Placemark>
    <Style>
      <IconStyle>
        <scale>1.98745454545455</scale>
        <color>FF56ACA9</color>
        <Icon>
          <href>http://maps.google.com/mapfiles/kml/shapes/placemark_circle.png</href>
        </Icon>
      </IconStyle>
    </Style>
    <Point>
      <coordinates>140.149000755116,37.0155774080618,362.910442513147</coordinates>
      <altitudeMode>absolute</altitudeMode>
    </Point>
  </Placemark>

  <Placemark>
    <Style>
      <IconStyle>
        <scale>1.98745454545455</scale>
        <color>FF56ACA9</color>
        <Icon>
          <href>http://maps.google.com/mapfiles/kml/shapes/placemark_circle.png</href>
        </Icon>
      </IconStyle>
    </Style>
    <Point>
      <coordinates>140.149000755116,37.0155774080618,362.910442513147</coordinates>
      <altitudeMode>absolute</altitudeMode>
    </Point>
  </Placemark>

  <Placemark>
    <Style>
      <IconStyle>
        <scale>2.07345454545455</scale>
        <color>FF4F9EB0</color>
        <Icon>
          <href>http://maps.google.com/mapfiles/kml/shapes/placemark_circle.png</href>
        </Icon>
      </IconStyle>
    </Style>
    <Point>
      <coordinates>140.148952912012,37.0156032602694,363.810442541947</coordinates>
      <altitudeMode>absolute</altitudeMode>
    </Point>
  </Placemark>

  <Placemark>
    <Style>
      <IconStyle>
        <scale>2.07345454545455</scale>
        <color>FF4F9EB0</color>
        <Icon>
          <href>http://maps.google.com/mapfiles/kml/shapes/placemark_circle.png</href>
        </Icon>
      </IconStyle>
    </Style>
    <Point>
      <coordinates>140.148952912012,37.0156032602694,363.810442541947</coordinates>
      <altitudeMode>absolute</altitudeMode>
    </Point>
  </Placemark>

  <Placemark>
    <Style>
      <IconStyle>
        <scale>1.49490909090909</scale>
        <color>FF80FE7F</color>
        <Icon>
          <href>http://maps.google.com/mapfiles/kml/shapes/placemark_circle.png</href>
        </Icon>
      </IconStyle>
    </Style>
    <Point>
      <coordinates>140.148905376688,37.0156289270288,366.810442637947</coordinates>
      <altitudeMode>absolute</altitudeMode>
    </Point>
  </Placemark>

  <Placemark>
    <Style>
      <IconStyle>
        <scale>1.49490909090909</scale>
        <color>FF80FE7F</color>
        <Icon>
          <href>http://maps.google.com/mapfiles/kml/shapes/placemark_circle.png</href>
        </Icon>
      </IconStyle>
    </Style>
    <Point>
      <coordinates>140.148905376688,37.0156289270288,366.810442637947</coordinates>
      <altitudeMode>absolute</altitudeMode>
    </Point>
  </Placemark>

  <Placemark>
    <Style>
      <IconStyle>
        <scale>1.26145454545455</scale>
        <color>FF94D66B</color>
        <Icon>
          <href>http://maps.google.com/mapfiles/kml/shapes/placemark_circle.png</href>
        </Icon>
      </IconStyle>
    </Style>
    <Point>
      <coordinates>140.148857086588,37.0156542618181,370.110442743547</coordinates>
      <altitudeMode>absolute</altitudeMode>
    </Point>
  </Placemark>

  <Placemark>
    <Style>
      <IconStyle>
        <scale>1.26145454545455</scale>
        <color>FF94D66B</color>
        <Icon>
          <href>http://maps.google.com/mapfiles/kml/shapes/placemark_circle.png</href>
        </Icon>
      </IconStyle>
    </Style>
    <Point>
      <coordinates>140.148857086588,37.0156542618181,370.110442743547</coordinates>
      <altitudeMode>absolute</altitudeMode>
    </Point>
  </Placemark>

  <Placemark>
    <Style>
      <IconStyle>
        <scale>1.06490909090909</scale>
        <color>FFA4B55B</color>
        <Icon>
          <href>http://maps.google.com/mapfiles/kml/shapes/placemark_circle.png</href>
        </Icon>
      </IconStyle>
    </Style>
    <Point>
      <coordinates>140.148807143686,37.0156802432089,372.410442817147</coordinates>
      <altitudeMode>absolute</altitudeMode>
    </Point>
  </Placemark>

  <Placemark>
    <Style>
      <IconStyle>
        <scale>1.06490909090909</scale>
        <color>FFA4B55B</color>
        <Icon>
          <href>http://maps.google.com/mapfiles/kml/shapes/placemark_circle.png</href>
        </Icon>
      </IconStyle>
    </Style>
    <Point>
      <coordinates>140.148807143686,37.0156802432089,372.410442817147</coordinates>
      <altitudeMode>absolute</altitudeMode>
    </Point>
  </Placemark>

  <Placemark>
    <Style>
      <IconStyle>
        <scale>1.16909090909091</scale>
        <color>FF9CC763</color>
        <Icon>
          <href>http://maps.google.com/mapfiles/kml/shapes/placemark_circle.png</href>
        </Icon>
      </IconStyle>
    </Style>
    <Point>
      <coordinates>140.148754030876,37.015707606141,374.110442871547</coordinates>
      <altitudeMode>absolute</altitudeMode>
    </Point>
  </Placemark>

  <Placemark>
    <Style>
      <IconStyle>
        <scale>1.16909090909091</scale>
        <color>FF9CC763</color>
        <Icon>
          <href>http://maps.google.com/mapfiles/kml/shapes/placemark_circle.png</href>
        </Icon>
      </IconStyle>
    </Style>
    <Point>
      <coordinates>140.148754030876,37.015707606141,374.110442871547</coordinates>
      <altitudeMode>absolute</altitudeMode>
    </Point>
  </Placemark>

  <Placemark>
    <Style>
      <IconStyle>
        <scale>1.08690909090909</scale>
        <color>FFA3B95C</color>
        <Icon>
          <href>http://maps.google.com/mapfiles/kml/shapes/placemark_circle.png</href>
        </Icon>
      </IconStyle>
    </Style>
    <Point>
      <coordinates>140.14869964042,37.0157359616254,376.710442954747</coordinates>
      <altitudeMode>absolute</altitudeMode>
    </Point>
  </Placemark>

  <Placemark>
    <Style>
      <IconStyle>
        <scale>1.08690909090909</scale>
        <color>FFA3B95C</color>
        <Icon>
          <href>http://maps.google.com/mapfiles/kml/shapes/placemark_circle.png</href>
        </Icon>
      </IconStyle>
    </Style>
    <Point>
      <coordinates>140.14869964042,37.0157359616254,376.710442954747</coordinates>
      <altitudeMode>absolute</altitudeMode>
    </Point>
  </Placemark>

  <Placemark>
    <Style>
      <IconStyle>
        <scale>1.05363636363636</scale>
        <color>FFA5B35A</color>
        <Icon>
          <href>http://maps.google.com/mapfiles/kml/shapes/placemark_circle.png</href>
        </Icon>
      </IconStyle>
    </Style>
    <Point>
      <coordinates>140.148646420152,37.0157644330663,379.710443050747</coordinates>
      <altitudeMode>absolute</altitudeMode>
    </Point>
  </Placemark>

  <Placemark>
    <Style>
      <IconStyle>
        <scale>1.05363636363636</scale>
        <color>FFA5B35A</color>
        <Icon>
          <href>http://maps.google.com/mapfiles/kml/shapes/placemark_circle.png</href>
        </Icon>
      </IconStyle>
    </Style>
    <Point>
      <coordinates>140.148646420152,37.0157644330663,379.710443050747</coordinates>
      <altitudeMode>absolute</altitudeMode>
    </Point>
  </Placemark>

  <Placemark>
    <Style>
      <IconStyle>
        <scale>0.950909090909091</scale>
        <color>FFAEA251</color>
        <Icon>
          <href>http://maps.google.com/mapfiles/kml/shapes/placemark_circle.png</href>
        </Icon>
      </IconStyle>
    </Style>
    <Point>
      <coordinates>140.148590570439,37.0157934322054,382.610443143547</coordinates>
      <altitudeMode>absolute</altitudeMode>
    </Point>
  </Placemark>

  <Placemark>
    <Style>
      <IconStyle>
        <scale>0.950909090909091</scale>
        <color>FFAEA251</color>
        <Icon>
          <href>http://maps.google.com/mapfiles/kml/shapes/placemark_circle.png</href>
        </Icon>
      </IconStyle>
    </Style>
    <Point>
      <coordinates>140.148590570439,37.0157934322054,382.610443143547</coordinates>
      <altitudeMode>absolute</altitudeMode>
    </Point>
  </Placemark>

  <Placemark>
    <Style>
      <IconStyle>
        <scale>0.869090909090909</scale>
        <color>FFB5944A</color>
        <Icon>
          <href>http://maps.google.com/mapfiles/kml/shapes/placemark_circle.png</href>
        </Icon>
      </IconStyle>
    </Style>
    <Point>
      <coordinates>140.148533079596,37.0158227711958,385.110443223547</coordinates>
      <altitudeMode>absolute</altitudeMode>
    </Point>
  </Placemark>

  <Placemark>
    <Style>
      <IconStyle>
        <scale>0.869090909090909</scale>
        <color>FFB5944A</color>
        <Icon>
          <href>http://maps.google.com/mapfiles/kml/shapes/placemark_circle.png</href>
        </Icon>
      </IconStyle>
    </Style>
    <Point>
      <coordinates>140.148533079596,37.0158227711958,385.110443223547</coordinates>
      <altitudeMode>absolute</altitudeMode>
    </Point>
  </Placemark>

  <Placemark>
    <Style>
      <IconStyle>
        <scale>0.800909090909091</scale>
        <color>FFBB8844</color>
        <Icon>
          <href>http://maps.google.com/mapfiles/kml/shapes/placemark_circle.png</href>
        </Icon>
      </IconStyle>
    </Style>
    <Point>
      <coordinates>140.14847570694,37.0158526707114,388.210443322747</coordinates>
      <altitudeMode>absolute</altitudeMode>
    </Point>
  </Placemark>

  <Placemark>
    <Style>
      <IconStyle>
        <scale>0.800909090909091</scale>
        <color>FFBB8844</color>
        <Icon>
          <href>http://maps.google.com/mapfiles/kml/shapes/placemark_circle.png</href>
        </Icon>
      </IconStyle>
    </Style>
    <Point>
      <coordinates>140.14847570694,37.0158526707114,388.210443322747</coordinates>
      <altitudeMode>absolute</altitudeMode>
    </Point>
  </Placemark>

  <Placemark>
    <Style>
      <IconStyle>
        <scale>0.814727272727273</scale>
        <color>FFBA8B45</color>
        <Icon>
          <href>http://maps.google.com/mapfiles/kml/shapes/placemark_circle.png</href>
        </Icon>
      </IconStyle>
    </Style>
    <Point>
      <coordinates>140.148419345344,37.0158827355952,391.010443412347</coordinates>
      <altitudeMode>absolute</altitudeMode>
    </Point>
  </Placemark>

  <Placemark>
    <Style>
      <IconStyle>
        <scale>0.814727272727273</scale>
        <color>FFBA8B45</color>
        <Icon>
          <href>http://maps.google.com/mapfiles/kml/shapes/placemark_circle.png</href>
        </Icon>
      </IconStyle>
    </Style>
    <Point>
      <coordinates>140.148419345344,37.0158827355952,391.010443412347</coordinates>
      <altitudeMode>absolute</altitudeMode>
    </Point>
  </Placemark>

  <Placemark>
    <Style>
      <IconStyle>
        <scale>0.755818181818182</scale>
        <color>FFBF8040</color>
        <Icon>
          <href>http://maps.google.com/mapfiles/kml/shapes/placemark_circle.png</href>
        </Icon>
      </IconStyle>
    </Style>
    <Point>
      <coordinates>140.148362563532,37.0159120404565,396.210443578747</coordinates>
      <altitudeMode>absolute</altitudeMode>
    </Point>
  </Placemark>

  <Placemark>
    <Style>
      <IconStyle>
        <scale>0.755818181818182</scale>
        <color>FFBF8040</color>
        <Icon>
          <href>http://maps.google.com/mapfiles/kml/shapes/placemark_circle.png</href>
        </Icon>
      </IconStyle>
    </Style>
    <Point>
      <coordinates>140.148362563532,37.0159120404565,396.210443578747</coordinates>
      <altitudeMode>absolute</altitudeMode>
    </Point>
  </Placemark>

  <Placemark>
    <Style>
      <IconStyle>
        <scale>0.735272727272727</scale>
        <color>FFC17D3E</color>
        <Icon>
          <href>http://maps.google.com/mapfiles/kml/shapes/placemark_circle.png</href>
        </Icon>
      </IconStyle>
    </Style>
    <Point>
      <coordinates>140.148304723968,37.0159418325135,399.910443697147</coordinates>
      <altitudeMode>absolute</altitudeMode>
    </Point>
  </Placemark>

  <Placemark>
    <Style>
      <IconStyle>
        <scale>0.735272727272727</scale>
        <color>FFC17D3E</color>
        <Icon>
          <href>http://maps.google.com/mapfiles/kml/shapes/placemark_circle.png</href>
        </Icon>
      </IconStyle>
    </Style>
    <Point>
      <coordinates>140.148304723968,37.0159418325135,399.910443697147</coordinates>
      <altitudeMode>absolute</altitudeMode>
    </Point>
  </Placemark>

  <Placemark>
    <Style>
      <IconStyle>
        <scale>0.596181818181818</scale>
        <color>FFCC6533</color>
        <Icon>
          <href>http://maps.google.com/mapfiles/kml/shapes/placemark_circle.png</href>
        </Icon>
      </IconStyle>
    </Style>
    <Point>
      <coordinates>140.148248626553,37.0159722558209,401.410443745147</coordinates>
      <altitudeMode>absolute</altitudeMode>
    </Point>
  </Placemark>

  <Placemark>
    <Style>
      <IconStyle>
        <scale>0.596181818181818</scale>
        <color>FFCC6533</color>
        <Icon>
          <href>http://maps.google.com/mapfiles/kml/shapes/placemark_circle.png</href>
        </Icon>
      </IconStyle>
    </Style>
    <Point>
      <coordinates>140.148248626553,37.0159722558209,401.410443745147</coordinates>
      <altitudeMode>absolute</altitudeMode>
    </Point>
  </Placemark>

  <Placemark>
    <Style>
      <IconStyle>
        <scale>0.535636363636364</scale>
        <color>FFD15B2E</color>
        <Icon>
          <href>http://maps.google.com/mapfiles/kml/shapes/placemark_circle.png</href>
        </Icon>
      </IconStyle>
    </Style>
    <Point>
      <coordinates>140.148193065052,37.016001989557,403.210443802747</coordinates>
      <altitudeMode>absolute</altitudeMode>
    </Point>
  </Placemark>

  <Placemark>
    <Style>
      <IconStyle>
        <scale>0.535636363636364</scale>
        <color>FFD15B2E</color>
        <Icon>
          <href>http://maps.google.com/mapfiles/kml/shapes/placemark_circle.png</href>
        </Icon>
      </IconStyle>
    </Style>
    <Point>
      <coordinates>140.148193065052,37.016001989557,403.210443802747</coordinates>
      <altitudeMode>absolute</altitudeMode>
    </Point>
  </Placemark>

  <Placemark>
    <Style>
      <IconStyle>
        <scale>0.456</scale>
        <color>FFD84E27</color>
        <Icon>
          <href>http://maps.google.com/mapfiles/kml/shapes/placemark_circle.png</href>
        </Icon>
      </IconStyle>
    </Style>
    <Point>
      <coordinates>140.148136296114,37.0160312592613,406.710443914747</coordinates>
      <altitudeMode>absolute</altitudeMode>
    </Point>
  </Placemark>

  <Placemark>
    <Style>
      <IconStyle>
        <scale>0.456</scale>
        <color>FFD84E27</color>
        <Icon>
          <href>http://maps.google.com/mapfiles/kml/shapes/placemark_circle.png</href>
        </Icon>
      </IconStyle>
    </Style>
    <Point>
      <coordinates>140.148136296114,37.0160312592613,406.710443914747</coordinates>
      <altitudeMode>absolute</altitudeMode>
    </Point>
  </Placemark>

  <Placemark>
    <Style>
      <IconStyle>
        <scale>0.398727272727273</scale>
        <color>FFDD4422</color>
        <Icon>
          <href>http://maps.google.com/mapfiles/kml/shapes/placemark_circle.png</href>
        </Icon>
      </IconStyle>
    </Style>
    <Point>
      <coordinates>140.148078764331,37.0160611853674,410.110444023547</coordinates>
      <altitudeMode>absolute</altitudeMode>
    </Point>
  </Placemark>

  <Placemark>
    <Style>
      <IconStyle>
        <scale>0.398727272727273</scale>
        <color>FFDD4422</color>
        <Icon>
          <href>http://maps.google.com/mapfiles/kml/shapes/placemark_circle.png</href>
        </Icon>
      </IconStyle>
    </Style>
    <Point>
      <coordinates>140.148078764331,37.0160611853674,410.110444023547</coordinates>
      <altitudeMode>absolute</altitudeMode>
    </Point>
  </Placemark>

  <Placemark>
    <Style>
      <IconStyle>
        <scale>0.332909090909091</scale>
        <color>FFE3391C</color>
        <Icon>
          <href>http://maps.google.com/mapfiles/kml/shapes/placemark_circle.png</href>
        </Icon>
      </IconStyle>
    </Style>
    <Point>
      <coordinates>140.148020023395,37.0160916553452,412.810444109947</coordinates>
      <altitudeMode>absolute</altitudeMode>
    </Point>
  </Placemark>

  <Placemark>
    <Style>
      <IconStyle>
        <scale>0.332909090909091</scale>
        <color>FFE3391C</color>
        <Icon>
          <href>http://maps.google.com/mapfiles/kml/shapes/placemark_circle.png</href>
        </Icon>
      </IconStyle>
    </Style>
    <Point>
      <coordinates>140.148020023395,37.0160916553452,412.810444109947</coordinates>
      <altitudeMode>absolute</altitudeMode>
    </Point>
  </Placemark>

  <Placemark>
    <Style>
      <IconStyle>
        <scale>0.287818181818182</scale>
        <color>FFE73118</color>
        <Icon>
          <href>http://maps.google.com/mapfiles/kml/shapes/placemark_circle.png</href>
        </Icon>
      </IconStyle>
    </Style>
    <Point>
      <coordinates>140.147961822664,37.0161228832209,415.710444202747</coordinates>
      <altitudeMode>absolute</altitudeMode>
    </Point>
  </Placemark>

  <Placemark>
    <Style>
      <IconStyle>
        <scale>0.287818181818182</scale>
        <color>FFE73118</color>
        <Icon>
          <href>http://maps.google.com/mapfiles/kml/shapes/placemark_circle.png</href>
        </Icon>
      </IconStyle>
    </Style>
    <Point>
      <coordinates>140.147961822664,37.0161228832209,415.710444202747</coordinates>
      <altitudeMode>absolute</altitudeMode>
    </Point>
  </Placemark>

  <Placemark>
    <Style>
      <IconStyle>
        <scale>0.300727272727273</scale>
        <color>FFE5331A</color>
        <Icon>
          <href>http://maps.google.com/mapfiles/kml/shapes/placemark_circle.png</href>
        </Icon>
      </IconStyle>
    </Style>
    <Point>
      <coordinates>140.14791651322,37.0161463401586,415.010444180347</coordinates>
      <altitudeMode>absolute</altitudeMode>
    </Point>
  </Placemark>

  <Placemark>
    <Style>
      <IconStyle>
        <scale>0.300727272727273</scale>
        <color>FFE5331A</color>
        <Icon>
          <href>http://maps.google.com/mapfiles/kml/shapes/placemark_circle.png</href>
        </Icon>
      </IconStyle>
    </Style>
    <Point>
      <coordinates>140.14791651322,37.0161463401586,415.010444180347</coordinates>
      <altitudeMode>absolute</altitudeMode>
    </Point>
  </Placemark>

  <Placemark>
    <Style>
      <IconStyle>
        <scale>0.283454545454545</scale>
        <color>FFE73018</color>
        <Icon>
          <href>http://maps.google.com/mapfiles/kml/shapes/placemark_circle.png</href>
        </Icon>
      </IconStyle>
    </Style>
    <Point>
      <coordinates>140.147912153298,37.0161489065535,414.610444167547</coordinates>
      <altitudeMode>absolute</altitudeMode>
    </Point>
  </Placemark>

  <Placemark>
    <Style>
      <IconStyle>
        <scale>0.283454545454545</scale>
        <color>FFE73018</color>
        <Icon>
          <href>http://maps.google.com/mapfiles/kml/shapes/placemark_circle.png</href>
        </Icon>
      </IconStyle>
    </Style>
    <Point>
      <coordinates>140.147912153298,37.0161489065535,414.610444167547</coordinates>
      <altitudeMode>absolute</altitudeMode>
    </Point>
  </Placemark>

  <Placemark>
    <Style>
      <IconStyle>
        <scale>0.272545454545454</scale>
        <color>FFE82E17</color>
        <Icon>
          <href>http://maps.google.com/mapfiles/kml/shapes/placemark_circle.png</href>
        </Icon>
      </IconStyle>
    </Style>
    <Point>
      <coordinates>140.147911909888,37.0161485571762,415.110444183547</coordinates>
      <altitudeMode>absolute</altitudeMode>
    </Point>
  </Placemark>

  <Placemark>
    <Style>
      <IconStyle>
        <scale>0.272545454545454</scale>
        <color>FFE82E17</color>
        <Icon>
          <href>http://maps.google.com/mapfiles/kml/shapes/placemark_circle.png</href>
        </Icon>
      </IconStyle>
    </Style>
    <Point>
      <coordinates>140.147911909888,37.0161485571762,415.110444183547</coordinates>
      <altitudeMode>absolute</altitudeMode>
    </Point>
  </Placemark>

  <Placemark>
    <Style>
      <IconStyle>
        <scale>0.220909090909091</scale>
        <color>FFEC2613</color>
        <Icon>
          <href>http://maps.google.com/mapfiles/kml/shapes/placemark_circle.png</href>
        </Icon>
      </IconStyle>
    </Style>
    <Point>
      <coordinates>140.147912404947,37.0161485186611,415.610444199547</coordinates>
      <altitudeMode>absolute</altitudeMode>
    </Point>
  </Placemark>

  <Placemark>
    <Style>
      <IconStyle>
        <scale>0.220909090909091</scale>
        <color>FFEC2613</color>
        <Icon>
          <href>http://maps.google.com/mapfiles/kml/shapes/placemark_circle.png</href>
        </Icon>
      </IconStyle>
    </Style>
    <Point>
      <coordinates>140.147912404947,37.0161485186611,415.610444199547</coordinates>
      <altitudeMode>absolute</altitudeMode>
    </Point>
  </Placemark>

  <Placemark>
    <Style>
      <IconStyle>
        <scale>0.162727272727273</scale>
        <color>FFF11C0E</color>
        <Icon>
          <href>http://maps.google.com/mapfiles/kml/shapes/placemark_circle.png</href>
        </Icon>
      </IconStyle>
    </Style>
    <Point>
      <coordinates>140.147912036056,37.0161479612199,416.210444218747</coordinates>
      <altitudeMode>absolute</altitudeMode>
    </Point>
  </Placemark>

  <Placemark>
    <Style>
      <IconStyle>
        <scale>0.162727272727273</scale>
        <color>FFF11C0E</color>
        <Icon>
          <href>http://maps.google.com/mapfiles/kml/shapes/placemark_circle.png</href>
        </Icon>
      </IconStyle>
    </Style>
    <Point>
      <coordinates>140.147912036056,37.0161479612199,416.210444218747</coordinates>
      <altitudeMode>absolute</altitudeMode>
    </Point>
  </Placemark>

  <Placemark>
    <Style>
      <IconStyle>
        <scale>0.171818181818182</scale>
        <color>FFF01D0F</color>
        <Icon>
          <href>http://maps.google.com/mapfiles/kml/shapes/placemark_circle.png</href>
        </Icon>
      </IconStyle>
    </Style>
    <Point>
      <coordinates>140.147911381527,37.0161483527446,416.310444221947</coordinates>
      <altitudeMode>absolute</altitudeMode>
    </Point>
  </Placemark>

  <Placemark>
    <Style>
      <IconStyle>
        <scale>0.171818181818182</scale>
        <color>FFF01D0F</color>
        <Icon>
          <href>http://maps.google.com/mapfiles/kml/shapes/placemark_circle.png</href>
        </Icon>
      </IconStyle>
    </Style>
    <Point>
      <coordinates>140.147911381527,37.0161483527446,416.310444221947</coordinates>
      <altitudeMode>absolute</altitudeMode>
    </Point>
  </Placemark>

  <Placemark>
    <Style>
      <IconStyle>
        <scale>0.231212121212121</scale>
        <color>FFEB2714</color>
        <Icon>
          <href>http://maps.google.com/mapfiles/kml/shapes/placemark_circle.png</href>
        </Icon>
      </IconStyle>
    </Style>
    <Point>
      <coordinates>140.147910950839,37.0161483271135,416.510444228347</coordinates>
      <altitudeMode>absolute</altitudeMode>
    </Point>
  </Placemark>

  <Placemark>
    <Style>
      <IconStyle>
        <scale>0.231212121212121</scale>
        <color>FFEB2714</color>
        <Icon>
          <href>http://maps.google.com/mapfiles/kml/shapes/placemark_circle.png</href>
        </Icon>
      </IconStyle>
    </Style>
    <Point>
      <coordinates>140.147910950839,37.0161483271135,416.510444228347</coordinates>
      <altitudeMode>absolute</altitudeMode>
    </Point>
  </Placemark>

  <Placemark>
    <Style>
      <IconStyle>
        <scale>0.188887176853098</scale>
        <color>FFEF2010</color>
        <Icon>
          <href>http://maps.google.com/mapfiles/kml/shapes/placemark_circle.png</href>
        </Icon>
      </IconStyle>
    </Style>
    <Point>
      <coordinates>140.147909718683,37.0161472301866,417.010444244347</coordinates>
      <altitudeMode>absolute</altitudeMode>
    </Point>
  </Placemark>

  <Placemark>
    <Style>
      <IconStyle>
        <scale>0.188887176853098</scale>
        <color>FFEF2010</color>
        <Icon>
          <href>http://maps.google.com/mapfiles/kml/shapes/placemark_circle.png</href>
        </Icon>
      </IconStyle>
    </Style>
    <Point>
      <coordinates>140.147909718683,37.0161472301866,417.010444244347</coordinates>
      <altitudeMode>absolute</altitudeMode>
    </Point>
  </Placemark>

  <Placemark>
    <Style>
      <IconStyle>
        <scale>0.197068995034916</scale>
        <color>FFEE2211</color>
        <Icon>
          <href>http://maps.google.com/mapfiles/kml/shapes/placemark_circle.png</href>
        </Icon>
      </IconStyle>
    </Style>
    <Point>
      <coordinates>140.147908956181,37.0161474592213,417.310444253947</coordinates>
      <altitudeMode>absolute</altitudeMode>
    </Point>
  </Placemark>

  <Placemark>
    <Style>
      <IconStyle>
        <scale>0.197068995034916</scale>
        <color>FFEE2211</color>
        <Icon>
          <href>http://maps.google.com/mapfiles/kml/shapes/placemark_circle.png</href>
        </Icon>
      </IconStyle>
    </Style>
    <Point>
      <coordinates>140.147908956181,37.0161474592213,417.310444253947</coordinates>
      <altitudeMode>absolute</altitudeMode>
    </Point>
  </Placemark>

  <Placemark>
    <Style>
      <IconStyle>
        <scale>0.279614449580371</scale>
        <color>FFE73018</color>
        <Icon>
          <href>http://maps.google.com/mapfiles/kml/shapes/placemark_circle.png</href>
        </Icon>
      </IconStyle>
    </Style>
    <Point>
      <coordinates>140.147908816109,37.016148087936,416.810444237947</coordinates>
      <altitudeMode>absolute</altitudeMode>
    </Point>
  </Placemark>

  <Placemark>
    <Style>
      <IconStyle>
        <scale>0.279614449580371</scale>
        <color>FFE73018</color>
        <Icon>
          <href>http://maps.google.com/mapfiles/kml/shapes/placemark_circle.png</href>
        </Icon>
      </IconStyle>
    </Style>
    <Point>
      <coordinates>140.147908816109,37.016148087936,416.810444237947</coordinates>
      <altitudeMode>absolute</altitudeMode>
    </Point>
  </Placemark>

  <Placemark>
    <Style>
      <IconStyle>
        <scale>0.292523540489461</scale>
        <color>FFE63219</color>
        <Icon>
          <href>http://maps.google.com/mapfiles/kml/shapes/placemark_circle.png</href>
        </Icon>
      </IconStyle>
    </Style>
    <Point>
      <coordinates>140.147908745043,37.0161487507798,416.210444218747</coordinates>
      <altitudeMode>absolute</altitudeMode>
    </Point>
  </Placemark>

  <Placemark>
    <Style>
      <IconStyle>
        <scale>0.292523540489461</scale>
        <color>FFE63219</color>
        <Icon>
          <href>http://maps.google.com/mapfiles/kml/shapes/placemark_circle.png</href>
        </Icon>
      </IconStyle>
    </Style>
    <Point>
      <coordinates>140.147908745043,37.0161487507798,416.210444218747</coordinates>
      <altitudeMode>absolute</altitudeMode>
    </Point>
  </Placemark>

  <Placemark>
    <Style>
      <IconStyle>
        <scale>0.293796267762188</scale>
        <color>FFE63219</color>
        <Icon>
          <href>http://maps.google.com/mapfiles/kml/shapes/placemark_circle.png</href>
        </Icon>
      </IconStyle>
    </Style>
    <Point>
      <coordinates>140.147909747521,37.0161485757484,415.910444209147</coordinates>
      <altitudeMode>absolute</altitudeMode>
    </Point>
  </Placemark>

  <Placemark>
    <Style>
      <IconStyle>
        <scale>0.293796267762188</scale>
        <color>FFE63219</color>
        <Icon>
          <href>http://maps.google.com/mapfiles/kml/shapes/placemark_circle.png</href>
        </Icon>
      </IconStyle>
    </Style>
    <Point>
      <coordinates>140.147909747521,37.0161485757484,415.910444209147</coordinates>
      <altitudeMode>absolute</altitudeMode>
    </Point>
  </Placemark>

  <Placemark>
    <Style>
      <IconStyle>
        <scale>NA</scale>
        <color>FFNANANA</color>
        <Icon>
          <href>http://maps.google.com/mapfiles/kml/shapes/placemark_circle.png</href>
        </Icon>
      </IconStyle>
    </Style>
    <Point>
      <coordinates>140.147913385968,37.0161464992904,416.010444212347</coordinates>
      <altitudeMode>absolute</altitudeMode>
    </Point>
  </Placemark>

  <Placemark>
    <Style>
      <IconStyle>
        <scale>NA</scale>
        <color>FFNANANA</color>
        <Icon>
          <href>http://maps.google.com/mapfiles/kml/shapes/placemark_circle.png</href>
        </Icon>
      </IconStyle>
    </Style>
    <Point>
      <coordinates>140.147913385968,37.0161464992904,416.010444212347</coordinates>
      <altitudeMode>absolute</altitudeMode>
    </Point>
  </Placemark>

  <Placemark>
    <Style>
      <IconStyle>
        <scale>NA</scale>
        <color>FFNANANA</color>
        <Icon>
          <href>http://maps.google.com/mapfiles/kml/shapes/placemark_circle.png</href>
        </Icon>
      </IconStyle>
    </Style>
    <Point>
      <coordinates>140.147920878463,37.0161420433248,416.410444225147</coordinates>
      <altitudeMode>absolute</altitudeMode>
    </Point>
  </Placemark>

  <Placemark>
    <Style>
      <IconStyle>
        <scale>NA</scale>
        <color>FFNANANA</color>
        <Icon>
          <href>http://maps.google.com/mapfiles/kml/shapes/placemark_circle.png</href>
        </Icon>
      </IconStyle>
    </Style>
    <Point>
      <coordinates>140.147920878463,37.0161420433248,416.410444225147</coordinates>
      <altitudeMode>absolute</altitudeMode>
    </Point>
  </Placemark>

  <Placemark>
    <Style>
      <IconStyle>
        <scale>NA</scale>
        <color>FFNANANA</color>
        <Icon>
          <href>http://maps.google.com/mapfiles/kml/shapes/placemark_circle.png</href>
        </Icon>
      </IconStyle>
    </Style>
    <Point>
      <coordinates>140.147929341509,37.0161359935051,416.910444241147</coordinates>
      <altitudeMode>absolute</altitudeMode>
    </Point>
  </Placemark>

  <Placemark>
    <Style>
      <IconStyle>
        <scale>NA</scale>
        <color>FFNANANA</color>
        <Icon>
          <href>http://maps.google.com/mapfiles/kml/shapes/placemark_circle.png</href>
        </Icon>
      </IconStyle>
    </Style>
    <Point>
      <coordinates>140.147929341509,37.0161359935051,416.910444241147</coordinates>
      <altitudeMode>absolute</altitudeMode>
    </Point>
  </Placemark>

  <Placemark>
    <Style>
      <IconStyle>
        <scale>NA</scale>
        <color>FFNANANA</color>
        <Icon>
          <href>http://maps.google.com/mapfiles/kml/shapes/placemark_circle.png</href>
        </Icon>
      </IconStyle>
    </Style>
    <Point>
      <coordinates>140.14794122431,37.0161291470668,417.210444250747</coordinates>
      <altitudeMode>absolute</altitudeMode>
    </Point>
  </Placemark>

  <Placemark>
    <Style>
      <IconStyle>
        <scale>NA</scale>
        <color>FFNANANA</color>
        <Icon>
          <href>http://maps.google.com/mapfiles/kml/shapes/placemark_circle.png</href>
        </Icon>
      </IconStyle>
    </Style>
    <Point>
      <coordinates>140.14794122431,37.0161291470668,417.210444250747</coordinates>
      <altitudeMode>absolute</altitudeMode>
    </Point>
  </Placemark>

  <Placemark>
    <Style>
      <IconStyle>
        <scale>NA</scale>
        <color>FFNANANA</color>
        <Icon>
          <href>http://maps.google.com/mapfiles/kml/shapes/placemark_circle.png</href>
        </Icon>
      </IconStyle>
    </Style>
    <Point>
      <coordinates>140.147956717921,37.0161209112745,417.110444247547</coordinates>
      <altitudeMode>absolute</altitudeMode>
    </Point>
  </Placemark>

  <Placemark>
    <Style>
      <IconStyle>
        <scale>NA</scale>
        <color>FFNANANA</color>
        <Icon>
          <href>http://maps.google.com/mapfiles/kml/shapes/placemark_circle.png</href>
        </Icon>
      </IconStyle>
    </Style>
    <Point>
      <coordinates>140.147956717921,37.0161209112745,417.110444247547</coordinates>
      <altitudeMode>absolute</altitudeMode>
    </Point>
  </Placemark>

  <Placemark>
    <Style>
      <IconStyle>
        <scale>NA</scale>
        <color>FFNANANA</color>
        <Icon>
          <href>http://maps.google.com/mapfiles/kml/shapes/placemark_circle.png</href>
        </Icon>
      </IconStyle>
    </Style>
    <Point>
      <coordinates>140.14797485883,37.0161109626563,417.010444244347</coordinates>
      <altitudeMode>absolute</altitudeMode>
    </Point>
  </Placemark>

  <Placemark>
    <Style>
      <IconStyle>
        <scale>NA</scale>
        <color>FFNANANA</color>
        <Icon>
          <href>http://maps.google.com/mapfiles/kml/shapes/placemark_circle.png</href>
        </Icon>
      </IconStyle>
    </Style>
    <Point>
      <coordinates>140.14797485883,37.0161109626563,417.010444244347</coordinates>
      <altitudeMode>absolute</altitudeMode>
    </Point>
  </Placemark>

  <Placemark>
    <Style>
      <IconStyle>
        <scale>NA</scale>
        <color>FFNANANA</color>
        <Icon>
          <href>http://maps.google.com/mapfiles/kml/shapes/placemark_circle.png</href>
        </Icon>
      </IconStyle>
    </Style>
    <Point>
      <coordinates>140.147995066492,37.016100953524,416.610444231547</coordinates>
      <altitudeMode>absolute</altitudeMode>
    </Point>
  </Placemark>

  <Placemark>
    <Style>
      <IconStyle>
        <scale>NA</scale>
        <color>FFNANANA</color>
        <Icon>
          <href>http://maps.google.com/mapfiles/kml/shapes/placemark_circle.png</href>
        </Icon>
      </IconStyle>
    </Style>
    <Point>
      <coordinates>140.147995066492,37.016100953524,416.610444231547</coordinates>
      <altitudeMode>absolute</altitudeMode>
    </Point>
  </Placemark>

  <Placemark>
    <Style>
      <IconStyle>
        <scale>NA</scale>
        <color>FFNANANA</color>
        <Icon>
          <href>http://maps.google.com/mapfiles/kml/shapes/placemark_circle.png</href>
        </Icon>
      </IconStyle>
    </Style>
    <Point>
      <coordinates>140.148017970203,37.0160899642439,415.510444196347</coordinates>
      <altitudeMode>absolute</altitudeMode>
    </Point>
  </Placemark>

  <Placemark>
    <Style>
      <IconStyle>
        <scale>NA</scale>
        <color>FFNANANA</color>
        <Icon>
          <href>http://maps.google.com/mapfiles/kml/shapes/placemark_circle.png</href>
        </Icon>
      </IconStyle>
    </Style>
    <Point>
      <coordinates>140.148017970203,37.0160899642439,415.510444196347</coordinates>
      <altitudeMode>absolute</altitudeMode>
    </Point>
  </Placemark>

  <Placemark>
    <Style>
      <IconStyle>
        <scale>NA</scale>
        <color>FFNANANA</color>
        <Icon>
          <href>http://maps.google.com/mapfiles/kml/shapes/placemark_circle.png</href>
        </Icon>
      </IconStyle>
    </Style>
    <Point>
      <coordinates>140.148041416865,37.0160780682823,414.410444161147</coordinates>
      <altitudeMode>absolute</altitudeMode>
    </Point>
  </Placemark>

  <Placemark>
    <Style>
      <IconStyle>
        <scale>NA</scale>
        <color>FFNANANA</color>
        <Icon>
          <href>http://maps.google.com/mapfiles/kml/shapes/placemark_circle.png</href>
        </Icon>
      </IconStyle>
    </Style>
    <Point>
      <coordinates>140.148041416865,37.0160780682823,414.410444161147</coordinates>
      <altitudeMode>absolute</altitudeMode>
    </Point>
  </Placemark>

  <Placemark>
    <Style>
      <IconStyle>
        <scale>NA</scale>
        <color>FFNANANA</color>
        <Icon>
          <href>http://maps.google.com/mapfiles/kml/shapes/placemark_circle.png</href>
        </Icon>
      </IconStyle>
    </Style>
    <Point>
      <coordinates>140.148065657614,37.0160658945596,413.610444135547</coordinates>
      <altitudeMode>absolute</altitudeMode>
    </Point>
  </Placemark>

  <Placemark>
    <Style>
      <IconStyle>
        <scale>NA</scale>
        <color>FFNANANA</color>
        <Icon>
          <href>http://maps.google.com/mapfiles/kml/shapes/placemark_circle.png</href>
        </Icon>
      </IconStyle>
    </Style>
    <Point>
      <coordinates>140.148065657614,37.0160658945596,413.610444135547</coordinates>
      <altitudeMode>absolute</altitudeMode>
    </Point>
  </Placemark>

  <Placemark>
    <Style>
      <IconStyle>
        <scale>NA</scale>
        <color>FFNANANA</color>
        <Icon>
          <href>http://maps.google.com/mapfiles/kml/shapes/placemark_circle.png</href>
        </Icon>
      </IconStyle>
    </Style>
    <Point>
      <coordinates>140.148091448085,37.0160519453724,413.010444116347</coordinates>
      <altitudeMode>absolute</altitudeMode>
    </Point>
  </Placemark>

  <Placemark>
    <Style>
      <IconStyle>
        <scale>NA</scale>
        <color>FFNANANA</color>
        <Icon>
          <href>http://maps.google.com/mapfiles/kml/shapes/placemark_circle.png</href>
        </Icon>
      </IconStyle>
    </Style>
    <Point>
      <coordinates>140.148091448085,37.0160519453724,413.010444116347</coordinates>
      <altitudeMode>absolute</altitudeMode>
    </Point>
  </Placemark>

  <Placemark>
    <Style>
      <IconStyle>
        <scale>NA</scale>
        <color>FFNANANA</color>
        <Icon>
          <href>http://maps.google.com/mapfiles/kml/shapes/placemark_circle.png</href>
        </Icon>
      </IconStyle>
    </Style>
    <Point>
      <coordinates>140.148121066855,37.0160358239876,412.410444097147</coordinates>
      <altitudeMode>absolute</altitudeMode>
    </Point>
  </Placemark>

  <Placemark>
    <Style>
      <IconStyle>
        <scale>NA</scale>
        <color>FFNANANA</color>
        <Icon>
          <href>http://maps.google.com/mapfiles/kml/shapes/placemark_circle.png</href>
        </Icon>
      </IconStyle>
    </Style>
    <Point>
      <coordinates>140.148121066855,37.0160358239876,412.410444097147</coordinates>
      <altitudeMode>absolute</altitudeMode>
    </Point>
  </Placemark>

  <Placemark>
    <Style>
      <IconStyle>
        <scale>NA</scale>
        <color>FFNANANA</color>
        <Icon>
          <href>http://maps.google.com/mapfiles/kml/shapes/placemark_circle.png</href>
        </Icon>
      </IconStyle>
    </Style>
    <Point>
      <coordinates>140.148156376921,37.0160169297202,411.910444081147</coordinates>
      <altitudeMode>absolute</altitudeMode>
    </Point>
  </Placemark>

  <Placemark>
    <Style>
      <IconStyle>
        <scale>NA</scale>
        <color>FFNANANA</color>
        <Icon>
          <href>http://maps.google.com/mapfiles/kml/shapes/placemark_circle.png</href>
        </Icon>
      </IconStyle>
    </Style>
    <Point>
      <coordinates>140.148156376921,37.0160169297202,411.910444081147</coordinates>
      <altitudeMode>absolute</altitudeMode>
    </Point>
  </Placemark>

  <Placemark>
    <Style>
      <IconStyle>
        <scale>NA</scale>
        <color>FFNANANA</color>
        <Icon>
          <href>http://maps.google.com/mapfiles/kml/shapes/placemark_circle.png</href>
        </Icon>
      </IconStyle>
    </Style>
    <Point>
      <coordinates>140.148198283947,37.0159946287843,411.210444058747</coordinates>
      <altitudeMode>absolute</altitudeMode>
    </Point>
  </Placemark>

  <Placemark>
    <Style>
      <IconStyle>
        <scale>NA</scale>
        <color>FFNANANA</color>
        <Icon>
          <href>http://maps.google.com/mapfiles/kml/shapes/placemark_circle.png</href>
        </Icon>
      </IconStyle>
    </Style>
    <Point>
      <coordinates>140.148198283947,37.0159946287843,411.210444058747</coordinates>
      <altitudeMode>absolute</altitudeMode>
    </Point>
  </Placemark>

  <Placemark>
    <Style>
      <IconStyle>
        <scale>NA</scale>
        <color>FFNANANA</color>
        <Icon>
          <href>http://maps.google.com/mapfiles/kml/shapes/placemark_circle.png</href>
        </Icon>
      </IconStyle>
    </Style>
    <Point>
      <coordinates>140.148243951296,37.0159704939258,410.410444033147</coordinates>
      <altitudeMode>absolute</altitudeMode>
    </Point>
  </Placemark>

  <Placemark>
    <Style>
      <IconStyle>
        <scale>NA</scale>
        <color>FFNANANA</color>
        <Icon>
          <href>http://maps.google.com/mapfiles/kml/shapes/placemark_circle.png</href>
        </Icon>
      </IconStyle>
    </Style>
    <Point>
      <coordinates>140.148243951296,37.0159704939258,410.410444033147</coordinates>
      <altitudeMode>absolute</altitudeMode>
    </Point>
  </Placemark>

  <Placemark>
    <Style>
      <IconStyle>
        <scale>NA</scale>
        <color>FFNANANA</color>
        <Icon>
          <href>http://maps.google.com/mapfiles/kml/shapes/placemark_circle.png</href>
        </Icon>
      </IconStyle>
    </Style>
    <Point>
      <coordinates>140.148283926663,37.0159495185402,409.510444004347</coordinates>
      <altitudeMode>absolute</altitudeMode>
    </Point>
  </Placemark>

  <Placemark>
    <Style>
      <IconStyle>
        <scale>NA</scale>
        <color>FFNANANA</color>
        <Icon>
          <href>http://maps.google.com/mapfiles/kml/shapes/placemark_circle.png</href>
        </Icon>
      </IconStyle>
    </Style>
    <Point>
      <coordinates>140.148283926663,37.0159495185402,409.510444004347</coordinates>
      <altitudeMode>absolute</altitudeMode>
    </Point>
  </Placemark>

  <Placemark>
    <Style>
      <IconStyle>
        <scale>NA</scale>
        <color>FFNANANA</color>
        <Icon>
          <href>http://maps.google.com/mapfiles/kml/shapes/placemark_circle.png</href>
        </Icon>
      </IconStyle>
    </Style>
    <Point>
      <coordinates>140.148317314512,37.0159321129985,408.610443975547</coordinates>
      <altitudeMode>absolute</altitudeMode>
    </Point>
  </Placemark>

  <Placemark>
    <Style>
      <IconStyle>
        <scale>NA</scale>
        <color>FFNANANA</color>
        <Icon>
          <href>http://maps.google.com/mapfiles/kml/shapes/placemark_circle.png</href>
        </Icon>
      </IconStyle>
    </Style>
    <Point>
      <coordinates>140.148317314512,37.0159321129985,408.610443975547</coordinates>
      <altitudeMode>absolute</altitudeMode>
    </Point>
  </Placemark>

  <Placemark>
    <Style>
      <IconStyle>
        <scale>NA</scale>
        <color>FFNANANA</color>
        <Icon>
          <href>http://maps.google.com/mapfiles/kml/shapes/placemark_circle.png</href>
        </Icon>
      </IconStyle>
    </Style>
    <Point>
      <coordinates>140.148345800344,37.0159171687919,407.610443943547</coordinates>
      <altitudeMode>absolute</altitudeMode>
    </Point>
  </Placemark>

  <Placemark>
    <Style>
      <IconStyle>
        <scale>NA</scale>
        <color>FFNANANA</color>
        <Icon>
          <href>http://maps.google.com/mapfiles/kml/shapes/placemark_circle.png</href>
        </Icon>
      </IconStyle>
    </Style>
    <Point>
      <coordinates>140.148345800344,37.0159171687919,407.610443943547</coordinates>
      <altitudeMode>absolute</altitudeMode>
    </Point>
  </Placemark>

  <Placemark>
    <Style>
      <IconStyle>
        <scale>NA</scale>
        <color>FFNANANA</color>
        <Icon>
          <href>http://maps.google.com/mapfiles/kml/shapes/placemark_circle.png</href>
        </Icon>
      </IconStyle>
    </Style>
    <Point>
      <coordinates>140.148370509374,37.0159042623225,406.810443917947</coordinates>
      <altitudeMode>absolute</altitudeMode>
    </Point>
  </Placemark>

  <Placemark>
    <Style>
      <IconStyle>
        <scale>NA</scale>
        <color>FFNANANA</color>
        <Icon>
          <href>http://maps.google.com/mapfiles/kml/shapes/placemark_circle.png</href>
        </Icon>
      </IconStyle>
    </Style>
    <Point>
      <coordinates>140.148370509374,37.0159042623225,406.810443917947</coordinates>
      <altitudeMode>absolute</altitudeMode>
    </Point>
  </Placemark>

  <Placemark>
    <Style>
      <IconStyle>
        <scale>NA</scale>
        <color>FFNANANA</color>
        <Icon>
          <href>http://maps.google.com/mapfiles/kml/shapes/placemark_circle.png</href>
        </Icon>
      </IconStyle>
    </Style>
    <Point>
      <coordinates>140.148393199028,37.015892710804,406.110443895547</coordinates>
      <altitudeMode>absolute</altitudeMode>
    </Point>
  </Placemark>

  <Placemark>
    <Style>
      <IconStyle>
        <scale>NA</scale>
        <color>FFNANANA</color>
        <Icon>
          <href>http://maps.google.com/mapfiles/kml/shapes/placemark_circle.png</href>
        </Icon>
      </IconStyle>
    </Style>
    <Point>
      <coordinates>140.148393199028,37.015892710804,406.110443895547</coordinates>
      <altitudeMode>absolute</altitudeMode>
    </Point>
  </Placemark>

  <Placemark>
    <Style>
      <IconStyle>
        <scale>0.317250813216734</scale>
        <color>FFE4361B</color>
        <Icon>
          <href>http://maps.google.com/mapfiles/kml/shapes/placemark_circle.png</href>
        </Icon>
      </IconStyle>
    </Style>
    <Point>
      <coordinates>140.148413916341,37.0158818396733,405.310443869947</coordinates>
      <altitudeMode>absolute</altitudeMode>
    </Point>
  </Placemark>

  <Placemark>
    <Style>
      <IconStyle>
        <scale>0.317250813216734</scale>
        <color>FFE4361B</color>
        <Icon>
          <href>http://maps.google.com/mapfiles/kml/shapes/placemark_circle.png</href>
        </Icon>
      </IconStyle>
    </Style>
    <Point>
      <coordinates>140.148413916341,37.0158818396733,405.310443869947</coordinates>
      <altitudeMode>absolute</altitudeMode>
    </Point>
  </Placemark>

  <Placemark>
    <Style>
      <IconStyle>
        <scale>0.345796267762189</scale>
        <color>FFE23B1D</color>
        <Icon>
          <href>http://maps.google.com/mapfiles/kml/shapes/placemark_circle.png</href>
        </Icon>
      </IconStyle>
    </Style>
    <Point>
      <coordinates>140.148433192076,37.0158716200101,404.510443844347</coordinates>
      <altitudeMode>absolute</altitudeMode>
    </Point>
  </Placemark>

  <Placemark>
    <Style>
      <IconStyle>
        <scale>0.345796267762189</scale>
        <color>FFE23B1D</color>
        <Icon>
          <href>http://maps.google.com/mapfiles/kml/shapes/placemark_circle.png</href>
        </Icon>
      </IconStyle>
    </Style>
    <Point>
      <coordinates>140.148433192076,37.0158716200101,404.510443844347</coordinates>
      <altitudeMode>absolute</altitudeMode>
    </Point>
  </Placemark>

  <Placemark>
    <Style>
      <IconStyle>
        <scale>0.365796267762189</scale>
        <color>FFE03E1F</color>
        <Icon>
          <href>http://maps.google.com/mapfiles/kml/shapes/placemark_circle.png</href>
        </Icon>
      </IconStyle>
    </Style>
    <Point>
      <coordinates>140.148451656387,37.0158614629853,403.710443818747</coordinates>
      <altitudeMode>absolute</altitudeMode>
    </Point>
  </Placemark>

  <Placemark>
    <Style>
      <IconStyle>
        <scale>0.365796267762189</scale>
        <color>FFE03E1F</color>
        <Icon>
          <href>http://maps.google.com/mapfiles/kml/shapes/placemark_circle.png</href>
        </Icon>
      </IconStyle>
    </Style>
    <Point>
      <coordinates>140.148451656387,37.0158614629853,403.710443818747</coordinates>
      <altitudeMode>absolute</altitudeMode>
    </Point>
  </Placemark>

  <Placemark>
    <Style>
      <IconStyle>
        <scale>0.378523540489461</scale>
        <color>FFDF4020</color>
        <Icon>
          <href>http://maps.google.com/mapfiles/kml/shapes/placemark_circle.png</href>
        </Icon>
      </IconStyle>
    </Style>
    <Point>
      <coordinates>140.148469073417,37.015851535612,402.810443789947</coordinates>
      <altitudeMode>absolute</altitudeMode>
    </Point>
  </Placemark>

  <Placemark>
    <Style>
      <IconStyle>
        <scale>0.378523540489461</scale>
        <color>FFDF4020</color>
        <Icon>
          <href>http://maps.google.com/mapfiles/kml/shapes/placemark_circle.png</href>
        </Icon>
      </IconStyle>
    </Style>
    <Point>
      <coordinates>140.148469073417,37.015851535612,402.810443789947</coordinates>
      <altitudeMode>absolute</altitudeMode>
    </Point>
  </Placemark>

  <Placemark>
    <Style>
      <IconStyle>
        <scale>0.397978085944007</scale>
        <color>FFDD4422</color>
        <Icon>
          <href>http://maps.google.com/mapfiles/kml/shapes/placemark_circle.png</href>
        </Icon>
      </IconStyle>
    </Style>
    <Point>
      <coordinates>140.148486615929,37.0158420017508,402.010443764347</coordinates>
      <altitudeMode>absolute</altitudeMode>
    </Point>
  </Placemark>

  <Placemark>
    <Style>
      <IconStyle>
        <scale>0.397978085944007</scale>
        <color>FFDD4422</color>
        <Icon>
          <href>http://maps.google.com/mapfiles/kml/shapes/placemark_circle.png</href>
        </Icon>
      </IconStyle>
    </Style>
    <Point>
      <coordinates>140.148486615929,37.0158420017508,402.010443764347</coordinates>
      <altitudeMode>absolute</altitudeMode>
    </Point>
  </Placemark>

  <Placemark>
    <Style>
      <IconStyle>
        <scale>0.396947782913704</scale>
        <color>FFDD4322</color>
        <Icon>
          <href>http://maps.google.com/mapfiles/kml/shapes/placemark_circle.png</href>
        </Icon>
      </IconStyle>
    </Style>
    <Point>
      <coordinates>140.148504101107,37.0158324947543,401.210443738747</coordinates>
      <altitudeMode>absolute</altitudeMode>
    </Point>
  </Placemark>

  <Placemark>
    <Style>
      <IconStyle>
        <scale>0.396947782913704</scale>
        <color>FFDD4322</color>
        <Icon>
          <href>http://maps.google.com/mapfiles/kml/shapes/placemark_circle.png</href>
        </Icon>
      </IconStyle>
    </Style>
    <Point>
      <coordinates>140.148504101107,37.0158324947543,401.210443738747</coordinates>
      <altitudeMode>absolute</altitudeMode>
    </Point>
  </Placemark>

  <Placemark>
    <Style>
      <IconStyle>
        <scale>0.411636363636363</scale>
        <color>FFDC4623</color>
        <Icon>
          <href>http://maps.google.com/mapfiles/kml/shapes/placemark_circle.png</href>
        </Icon>
      </IconStyle>
    </Style>
    <Point>
      <coordinates>140.148521942131,37.0158232883401,400.510443716347</coordinates>
      <altitudeMode>absolute</altitudeMode>
    </Point>
  </Placemark>

  <Placemark>
    <Style>
      <IconStyle>
        <scale>0.411636363636363</scale>
        <color>FFDC4623</color>
        <Icon>
          <href>http://maps.google.com/mapfiles/kml/shapes/placemark_circle.png</href>
        </Icon>
      </IconStyle>
    </Style>
    <Point>
      <coordinates>140.148521942131,37.0158232883401,400.510443716347</coordinates>
      <altitudeMode>absolute</altitudeMode>
    </Point>
  </Placemark>

  <Placemark>
    <Style>
      <IconStyle>
        <scale>0.441090909090909</scale>
        <color>FFDA4B25</color>
        <Icon>
          <href>http://maps.google.com/mapfiles/kml/shapes/placemark_circle.png</href>
        </Icon>
      </IconStyle>
    </Style>
    <Point>
      <coordinates>140.148540368506,37.0158142814917,399.710443690747</coordinates>
      <altitudeMode>absolute</altitudeMode>
    </Point>
  </Placemark>

  <Placemark>
    <Style>
      <IconStyle>
        <scale>0.441090909090909</scale>
        <color>FFDA4B25</color>
        <Icon>
          <href>http://maps.google.com/mapfiles/kml/shapes/placemark_circle.png</href>
        </Icon>
      </IconStyle>
    </Style>
    <Point>
      <coordinates>140.148540368506,37.0158142814917,399.710443690747</coordinates>
      <altitudeMode>absolute</altitudeMode>
    </Point>
  </Placemark>

  <Placemark>
    <Style>
      <IconStyle>
        <scale>0.366363636363636</scale>
        <color>FFE03E1F</color>
        <Icon>
          <href>http://maps.google.com/mapfiles/kml/shapes/placemark_circle.png</href>
        </Icon>
      </IconStyle>
    </Style>
    <Point>
      <coordinates>140.148557880635,37.0158048755116,398.910443665147</coordinates>
      <altitudeMode>absolute</altitudeMode>
    </Point>
  </Placemark>

  <Placemark>
    <Style>
      <IconStyle>
        <scale>0.366363636363636</scale>
        <color>FFE03E1F</color>
        <Icon>
          <href>http://maps.google.com/mapfiles/kml/shapes/placemark_circle.png</href>
        </Icon>
      </IconStyle>
    </Style>
    <Point>
      <coordinates>140.148557880635,37.0158048755116,398.910443665147</coordinates>
      <altitudeMode>absolute</altitudeMode>
    </Point>
  </Placemark>

  <Placemark>
    <Style>
      <IconStyle>
        <scale>0.363818181818182</scale>
        <color>FFE03E1F</color>
        <Icon>
          <href>http://maps.google.com/mapfiles/kml/shapes/placemark_circle.png</href>
        </Icon>
      </IconStyle>
    </Style>
    <Point>
      <coordinates>140.148575676942,37.0157951088464,398.010443636347</coordinates>
      <altitudeMode>absolute</altitudeMode>
    </Point>
  </Placemark>

  <Placemark>
    <Style>
      <IconStyle>
        <scale>0.363818181818182</scale>
        <color>FFE03E1F</color>
        <Icon>
          <href>http://maps.google.com/mapfiles/kml/shapes/placemark_circle.png</href>
        </Icon>
      </IconStyle>
    </Style>
    <Point>
      <coordinates>140.148575676942,37.0157951088464,398.010443636347</coordinates>
      <altitudeMode>absolute</altitudeMode>
    </Point>
  </Placemark>

  <Placemark>
    <Style>
      <IconStyle>
        <scale>0.445272727272727</scale>
        <color>FFD94C26</color>
        <Icon>
          <href>http://maps.google.com/mapfiles/kml/shapes/placemark_circle.png</href>
        </Icon>
      </IconStyle>
    </Style>
    <Point>
      <coordinates>140.148593030201,37.0157856720954,397.210443610747</coordinates>
      <altitudeMode>absolute</altitudeMode>
    </Point>
  </Placemark>

  <Placemark>
    <Style>
      <IconStyle>
        <scale>0.445272727272727</scale>
        <color>FFD94C26</color>
        <Icon>
          <href>http://maps.google.com/mapfiles/kml/shapes/placemark_circle.png</href>
        </Icon>
      </IconStyle>
    </Style>
    <Point>
      <coordinates>140.148593030201,37.0157856720954,397.210443610747</coordinates>
      <altitudeMode>absolute</altitudeMode>
    </Point>
  </Placemark>

  <Placemark>
    <Style>
      <IconStyle>
        <scale>0.437272727272727</scale>
        <color>FFDA4A25</color>
        <Icon>
          <href>http://maps.google.com/mapfiles/kml/shapes/placemark_circle.png</href>
        </Icon>
      </IconStyle>
    </Style>
    <Point>
      <coordinates>140.148610529026,37.0157765026201,396.310443581947</coordinates>
      <altitudeMode>absolute</altitudeMode>
    </Point>
  </Placemark>

  <Placemark>
    <Style>
      <IconStyle>
        <scale>0.437272727272727</scale>
        <color>FFDA4A25</color>
        <Icon>
          <href>http://maps.google.com/mapfiles/kml/shapes/placemark_circle.png</href>
        </Icon>
      </IconStyle>
    </Style>
    <Point>
      <coordinates>140.148610529026,37.0157765026201,396.310443581947</coordinates>
      <altitudeMode>absolute</altitudeMode>
    </Point>
  </Placemark>

  <Placemark>
    <Style>
      <IconStyle>
        <scale>0.389090909090909</scale>
        <color>FFDE4221</color>
        <Icon>
          <href>http://maps.google.com/mapfiles/kml/shapes/placemark_circle.png</href>
        </Icon>
      </IconStyle>
    </Style>
    <Point>
      <coordinates>140.148627558369,37.0157671208319,395.510443556347</coordinates>
      <altitudeMode>absolute</altitudeMode>
    </Point>
  </Placemark>

  <Placemark>
    <Style>
      <IconStyle>
        <scale>0.389090909090909</scale>
        <color>FFDE4221</color>
        <Icon>
          <href>http://maps.google.com/mapfiles/kml/shapes/placemark_circle.png</href>
        </Icon>
      </IconStyle>
    </Style>
    <Point>
      <coordinates>140.148627558369,37.0157671208319,395.510443556347</coordinates>
      <altitudeMode>absolute</altitudeMode>
    </Point>
  </Placemark>

  <Placemark>
    <Style>
      <IconStyle>
        <scale>0.382181818181818</scale>
        <color>FFDF4120</color>
        <Icon>
          <href>http://maps.google.com/mapfiles/kml/shapes/placemark_circle.png</href>
        </Icon>
      </IconStyle>
    </Style>
    <Point>
      <coordinates>140.148645404886,37.0157581264564,394.710443530747</coordinates>
      <altitudeMode>absolute</altitudeMode>
    </Point>
  </Placemark>

  <Placemark>
    <Style>
      <IconStyle>
        <scale>0.382181818181818</scale>
        <color>FFDF4120</color>
        <Icon>
          <href>http://maps.google.com/mapfiles/kml/shapes/placemark_circle.png</href>
        </Icon>
      </IconStyle>
    </Style>
    <Point>
      <coordinates>140.148645404886,37.0157581264564,394.710443530747</coordinates>
      <altitudeMode>absolute</altitudeMode>
    </Point>
  </Placemark>

  <Placemark>
    <Style>
      <IconStyle>
        <scale>0.447818181818181</scale>
        <color>FFD94C26</color>
        <Icon>
          <href>http://maps.google.com/mapfiles/kml/shapes/placemark_circle.png</href>
        </Icon>
      </IconStyle>
    </Style>
    <Point>
      <coordinates>140.148663399886,37.0157489173694,393.810443501947</coordinates>
      <altitudeMode>absolute</altitudeMode>
    </Point>
  </Placemark>

  <Placemark>
    <Style>
      <IconStyle>
        <scale>0.447818181818181</scale>
        <color>FFD94C26</color>
        <Icon>
          <href>http://maps.google.com/mapfiles/kml/shapes/placemark_circle.png</href>
        </Icon>
      </IconStyle>
    </Style>
    <Point>
      <coordinates>140.148663399886,37.0157489173694,393.810443501947</coordinates>
      <altitudeMode>absolute</altitudeMode>
    </Point>
  </Placemark>

  <Placemark>
    <Style>
      <IconStyle>
        <scale>0.493272727272727</scale>
        <color>FFD5542A</color>
        <Icon>
          <href>http://maps.google.com/mapfiles/kml/shapes/placemark_circle.png</href>
        </Icon>
      </IconStyle>
    </Style>
    <Point>
      <coordinates>140.14868068783,37.0157396338564,392.910443473147</coordinates>
      <altitudeMode>absolute</altitudeMode>
    </Point>
  </Placemark>

  <Placemark>
    <Style>
      <IconStyle>
        <scale>0.493272727272727</scale>
        <color>FFD5542A</color>
        <Icon>
          <href>http://maps.google.com/mapfiles/kml/shapes/placemark_circle.png</href>
        </Icon>
      </IconStyle>
    </Style>
    <Point>
      <coordinates>140.14868068783,37.0157396338564,392.910443473147</coordinates>
      <altitudeMode>absolute</altitudeMode>
    </Point>
  </Placemark>

  <Placemark>
    <Style>
      <IconStyle>
        <scale>0.550545454545454</scale>
        <color>FFD05E2F</color>
        <Icon>
          <href>http://maps.google.com/mapfiles/kml/shapes/placemark_circle.png</href>
        </Icon>
      </IconStyle>
    </Style>
    <Point>
      <coordinates>140.14869807482,37.0157304829533,392.110443447547</coordinates>
      <altitudeMode>absolute</altitudeMode>
    </Point>
  </Placemark>

  <Placemark>
    <Style>
      <IconStyle>
        <scale>0.550545454545454</scale>
        <color>FFD05E2F</color>
        <Icon>
          <href>http://maps.google.com/mapfiles/kml/shapes/placemark_circle.png</href>
        </Icon>
      </IconStyle>
    </Style>
    <Point>
      <coordinates>140.14869807482,37.0157304829533,392.110443447547</coordinates>
      <altitudeMode>absolute</altitudeMode>
    </Point>
  </Placemark>

  <Placemark>
    <Style>
      <IconStyle>
        <scale>0.59490909090909</scale>
        <color>FFCC6533</color>
        <Icon>
          <href>http://maps.google.com/mapfiles/kml/shapes/placemark_circle.png</href>
        </Icon>
      </IconStyle>
    </Style>
    <Point>
      <coordinates>140.14871602991,37.0157215862363,391.310443421947</coordinates>
      <altitudeMode>absolute</altitudeMode>
    </Point>
  </Placemark>

  <Placemark>
    <Style>
      <IconStyle>
        <scale>0.59490909090909</scale>
        <color>FFCC6533</color>
        <Icon>
          <href>http://maps.google.com/mapfiles/kml/shapes/placemark_circle.png</href>
        </Icon>
      </IconStyle>
    </Style>
    <Point>
      <coordinates>140.14871602991,37.0157215862363,391.310443421947</coordinates>
      <altitudeMode>absolute</altitudeMode>
    </Point>
  </Placemark>

  <Placemark>
    <Style>
      <IconStyle>
        <scale>0.583272727272727</scale>
        <color>FFCD6332</color>
        <Icon>
          <href>http://maps.google.com/mapfiles/kml/shapes/placemark_circle.png</href>
        </Icon>
      </IconStyle>
    </Style>
    <Point>
      <coordinates>140.14873712238,37.0157104196632,390.210443386747</coordinates>
      <altitudeMode>absolute</altitudeMode>
    </Point>
  </Placemark>

  <Placemark>
    <Style>
      <IconStyle>
        <scale>0.583272727272727</scale>
        <color>FFCD6332</color>
        <Icon>
          <href>http://maps.google.com/mapfiles/kml/shapes/placemark_circle.png</href>
        </Icon>
      </IconStyle>
    </Style>
    <Point>
      <coordinates>140.14873712238,37.0157104196632,390.210443386747</coordinates>
      <altitudeMode>absolute</altitudeMode>
    </Point>
  </Placemark>

  <Placemark>
    <Style>
      <IconStyle>
        <scale>0.577090909090909</scale>
        <color>FFCE6231</color>
        <Icon>
          <href>http://maps.google.com/mapfiles/kml/shapes/placemark_circle.png</href>
        </Icon>
      </IconStyle>
    </Style>
    <Point>
      <coordinates>140.148751273288,37.0157029885079,389.410443361147</coordinates>
      <altitudeMode>absolute</altitudeMode>
    </Point>
  </Placemark>

  <Placemark>
    <Style>
      <IconStyle>
        <scale>0.577090909090909</scale>
        <color>FFCE6231</color>
        <Icon>
          <href>http://maps.google.com/mapfiles/kml/shapes/placemark_circle.png</href>
        </Icon>
      </IconStyle>
    </Style>
    <Point>
      <coordinates>140.148751273288,37.0157029885079,389.410443361147</coordinates>
      <altitudeMode>absolute</altitudeMode>
    </Point>
  </Placemark>

  <Placemark>
    <Style>
      <IconStyle>
        <scale>0.565818181818181</scale>
        <color>FFCF6030</color>
        <Icon>
          <href>http://maps.google.com/mapfiles/kml/shapes/placemark_circle.png</href>
        </Icon>
      </IconStyle>
    </Style>
    <Point>
      <coordinates>140.14876839996,37.0156933612372,388.410443329147</coordinates>
      <altitudeMode>absolute</altitudeMode>
    </Point>
  </Placemark>

  <Placemark>
    <Style>
      <IconStyle>
        <scale>0.565818181818181</scale>
        <color>FFCF6030</color>
        <Icon>
          <href>http://maps.google.com/mapfiles/kml/shapes/placemark_circle.png</href>
        </Icon>
      </IconStyle>
    </Style>
    <Point>
      <coordinates>140.14876839996,37.0156933612372,388.410443329147</coordinates>
      <altitudeMode>absolute</altitudeMode>
    </Point>
  </Placemark>

  <Placemark>
    <Style>
      <IconStyle>
        <scale>0.486545454545454</scale>
        <color>FFD65329</color>
        <Icon>
          <href>http://maps.google.com/mapfiles/kml/shapes/placemark_circle.png</href>
        </Icon>
      </IconStyle>
    </Style>
    <Point>
      <coordinates>140.148786091899,37.0156840160453,387.410443297147</coordinates>
      <altitudeMode>absolute</altitudeMode>
    </Point>
  </Placemark>

  <Placemark>
    <Style>
      <IconStyle>
        <scale>0.486545454545454</scale>
        <color>FFD65329</color>
        <Icon>
          <href>http://maps.google.com/mapfiles/kml/shapes/placemark_circle.png</href>
        </Icon>
      </IconStyle>
    </Style>
    <Point>
      <coordinates>140.148786091899,37.0156840160453,387.410443297147</coordinates>
      <altitudeMode>absolute</altitudeMode>
    </Point>
  </Placemark>

  <Placemark>
    <Style>
      <IconStyle>
        <scale>0.525090909090909</scale>
        <color>FFD2592D</color>
        <Icon>
          <href>http://maps.google.com/mapfiles/kml/shapes/placemark_circle.png</href>
        </Icon>
      </IconStyle>
    </Style>
    <Point>
      <coordinates>140.148802657939,37.0156745494142,386.510443268347</coordinates>
      <altitudeMode>absolute</altitudeMode>
    </Point>
  </Placemark>

  <Placemark>
    <Style>
      <IconStyle>
        <scale>0.525090909090909</scale>
        <color>FFD2592D</color>
        <Icon>
          <href>http://maps.google.com/mapfiles/kml/shapes/placemark_circle.png</href>
        </Icon>
      </IconStyle>
    </Style>
    <Point>
      <coordinates>140.148802657939,37.0156745494142,386.510443268347</coordinates>
      <altitudeMode>absolute</altitudeMode>
    </Point>
  </Placemark>

  <Placemark>
    <Style>
      <IconStyle>
        <scale>0.535636363636363</scale>
        <color>FFD15B2E</color>
        <Icon>
          <href>http://maps.google.com/mapfiles/kml/shapes/placemark_circle.png</href>
        </Icon>
      </IconStyle>
    </Style>
    <Point>
      <coordinates>140.148820453216,37.0156655231027,385.510443236347</coordinates>
      <altitudeMode>absolute</altitudeMode>
    </Point>
  </Placemark>

  <Placemark>
    <Style>
      <IconStyle>
        <scale>0.535636363636363</scale>
        <color>FFD15B2E</color>
        <Icon>
          <href>http://maps.google.com/mapfiles/kml/shapes/placemark_circle.png</href>
        </Icon>
      </IconStyle>
    </Style>
    <Point>
      <coordinates>140.148820453216,37.0156655231027,385.510443236347</coordinates>
      <altitudeMode>absolute</altitudeMode>
    </Point>
  </Placemark>

  <Placemark>
    <Style>
      <IconStyle>
        <scale>0.519636363636364</scale>
        <color>FFD3582C</color>
        <Icon>
          <href>http://maps.google.com/mapfiles/kml/shapes/placemark_circle.png</href>
        </Icon>
      </IconStyle>
    </Style>
    <Point>
      <coordinates>140.148837922602,37.015656427368,384.510443204347</coordinates>
      <altitudeMode>absolute</altitudeMode>
    </Point>
  </Placemark>

  <Placemark>
    <Style>
      <IconStyle>
        <scale>0.519636363636364</scale>
        <color>FFD3582C</color>
        <Icon>
          <href>http://maps.google.com/mapfiles/kml/shapes/placemark_circle.png</href>
        </Icon>
      </IconStyle>
    </Style>
    <Point>
      <coordinates>140.148837922602,37.015656427368,384.510443204347</coordinates>
      <altitudeMode>absolute</altitudeMode>
    </Point>
  </Placemark>

  <Placemark>
    <Style>
      <IconStyle>
        <scale>0.444</scale>
        <color>FFD94B26</color>
        <Icon>
          <href>http://maps.google.com/mapfiles/kml/shapes/placemark_circle.png</href>
        </Icon>
      </IconStyle>
    </Style>
    <Point>
      <coordinates>140.14885510017,37.0156473779611,383.710443178747</coordinates>
      <altitudeMode>absolute</altitudeMode>
    </Point>
  </Placemark>

  <Placemark>
    <Style>
      <IconStyle>
        <scale>0.444</scale>
        <color>FFD94B26</color>
        <Icon>
          <href>http://maps.google.com/mapfiles/kml/shapes/placemark_circle.png</href>
        </Icon>
      </IconStyle>
    </Style>
    <Point>
      <coordinates>140.14885510017,37.0156473779611,383.710443178747</coordinates>
      <altitudeMode>absolute</altitudeMode>
    </Point>
  </Placemark>

  <Placemark>
    <Style>
      <IconStyle>
        <scale>0.401818181818182</scale>
        <color>FFDD4422</color>
        <Icon>
          <href>http://maps.google.com/mapfiles/kml/shapes/placemark_circle.png</href>
        </Icon>
      </IconStyle>
    </Style>
    <Point>
      <coordinates>140.1488720981,37.0156386122092,382.810443149947</coordinates>
      <altitudeMode>absolute</altitudeMode>
    </Point>
  </Placemark>

  <Placemark>
    <Style>
      <IconStyle>
        <scale>0.401818181818182</scale>
        <color>FFDD4422</color>
        <Icon>
          <href>http://maps.google.com/mapfiles/kml/shapes/placemark_circle.png</href>
        </Icon>
      </IconStyle>
    </Style>
    <Point>
      <coordinates>140.1488720981,37.0156386122092,382.810443149947</coordinates>
      <altitudeMode>absolute</altitudeMode>
    </Point>
  </Placemark>

  <Placemark>
    <Style>
      <IconStyle>
        <scale>0.277454545454546</scale>
        <color>FFE72F18</color>
        <Icon>
          <href>http://maps.google.com/mapfiles/kml/shapes/placemark_circle.png</href>
        </Icon>
      </IconStyle>
    </Style>
    <Point>
      <coordinates>140.14888919044,37.0156293826996,382.010443124347</coordinates>
      <altitudeMode>absolute</altitudeMode>
    </Point>
  </Placemark>

  <Placemark>
    <Style>
      <IconStyle>
        <scale>0.277454545454546</scale>
        <color>FFE72F18</color>
        <Icon>
          <href>http://maps.google.com/mapfiles/kml/shapes/placemark_circle.png</href>
        </Icon>
      </IconStyle>
    </Style>
    <Point>
      <coordinates>140.14888919044,37.0156293826996,382.010443124347</coordinates>
      <altitudeMode>absolute</altitudeMode>
    </Point>
  </Placemark>

  <Placemark>
    <Style>
      <IconStyle>
        <scale>0.258909090909091</scale>
        <color>FFE92C16</color>
        <Icon>
          <href>http://maps.google.com/mapfiles/kml/shapes/placemark_circle.png</href>
        </Icon>
      </IconStyle>
    </Style>
    <Point>
      <coordinates>140.148907647885,37.0156213579866,381.010443092347</coordinates>
      <altitudeMode>absolute</altitudeMode>
    </Point>
  </Placemark>

  <Placemark>
    <Style>
      <IconStyle>
        <scale>0.258909090909091</scale>
        <color>FFE92C16</color>
        <Icon>
          <href>http://maps.google.com/mapfiles/kml/shapes/placemark_circle.png</href>
        </Icon>
      </IconStyle>
    </Style>
    <Point>
      <coordinates>140.148907647885,37.0156213579866,381.010443092347</coordinates>
      <altitudeMode>absolute</altitudeMode>
    </Point>
  </Placemark>

  <Placemark>
    <Style>
      <IconStyle>
        <scale>0.202909090909091</scale>
        <color>FFEE2211</color>
        <Icon>
          <href>http://maps.google.com/mapfiles/kml/shapes/placemark_circle.png</href>
        </Icon>
      </IconStyle>
    </Style>
    <Point>
      <coordinates>140.148925110662,37.015612530213,380.010443060347</coordinates>
      <altitudeMode>absolute</altitudeMode>
    </Point>
  </Placemark>

  <Placemark>
    <Style>
      <IconStyle>
        <scale>0.202909090909091</scale>
        <color>FFEE2211</color>
        <Icon>
          <href>http://maps.google.com/mapfiles/kml/shapes/placemark_circle.png</href>
        </Icon>
      </IconStyle>
    </Style>
    <Point>
      <coordinates>140.148925110662,37.015612530213,380.010443060347</coordinates>
      <altitudeMode>absolute</altitudeMode>
    </Point>
  </Placemark>

  <Placemark>
    <Style>
      <IconStyle>
        <scale>0.240727272727273</scale>
        <color>FFEB2914</color>
        <Icon>
          <href>http://maps.google.com/mapfiles/kml/shapes/placemark_circle.png</href>
        </Icon>
      </IconStyle>
    </Style>
    <Point>
      <coordinates>140.148941760814,37.0156034365686,379.210443034747</coordinates>
      <altitudeMode>absolute</altitudeMode>
    </Point>
  </Placemark>

  <Placemark>
    <Style>
      <IconStyle>
        <scale>0.240727272727273</scale>
        <color>FFEB2914</color>
        <Icon>
          <href>http://maps.google.com/mapfiles/kml/shapes/placemark_circle.png</href>
        </Icon>
      </IconStyle>
    </Style>
    <Point>
      <coordinates>140.148941760814,37.0156034365686,379.210443034747</coordinates>
      <altitudeMode>absolute</altitudeMode>
    </Point>
  </Placemark>

  <Placemark>
    <Style>
      <IconStyle>
        <scale>0.229272727272727</scale>
        <color>FFEC2713</color>
        <Icon>
          <href>http://maps.google.com/mapfiles/kml/shapes/placemark_circle.png</href>
        </Icon>
      </IconStyle>
    </Style>
    <Point>
      <coordinates>140.14895854812,37.0155942846375,378.310443005947</coordinates>
      <altitudeMode>absolute</altitudeMode>
    </Point>
  </Placemark>

  <Placemark>
    <Style>
      <IconStyle>
        <scale>0.229272727272727</scale>
        <color>FFEC2713</color>
        <Icon>
          <href>http://maps.google.com/mapfiles/kml/shapes/placemark_circle.png</href>
        </Icon>
      </IconStyle>
    </Style>
    <Point>
      <coordinates>140.14895854812,37.0155942846375,378.310443005947</coordinates>
      <altitudeMode>absolute</altitudeMode>
    </Point>
  </Placemark>

  <Placemark>
    <Style>
      <IconStyle>
        <scale>0.282545454545454</scale>
        <color>FFE73018</color>
        <Icon>
          <href>http://maps.google.com/mapfiles/kml/shapes/placemark_circle.png</href>
        </Icon>
      </IconStyle>
    </Style>
    <Point>
      <coordinates>140.148975511374,37.0155850285031,377.610442983547</coordinates>
      <altitudeMode>absolute</altitudeMode>
    </Point>
  </Placemark>

  <Placemark>
    <Style>
      <IconStyle>
        <scale>0.282545454545454</scale>
        <color>FFE73018</color>
        <Icon>
          <href>http://maps.google.com/mapfiles/kml/shapes/placemark_circle.png</href>
        </Icon>
      </IconStyle>
    </Style>
    <Point>
      <coordinates>140.148975511374,37.0155850285031,377.610442983547</coordinates>
      <altitudeMode>absolute</altitudeMode>
    </Point>
  </Placemark>

  <Placemark>
    <Style>
      <IconStyle>
        <scale>0.224181818181818</scale>
        <color>FFEC2613</color>
        <Icon>
          <href>http://maps.google.com/mapfiles/kml/shapes/placemark_circle.png</href>
        </Icon>
      </IconStyle>
    </Style>
    <Point>
      <coordinates>140.148993538388,37.0155764644758,376.710442954747</coordinates>
      <altitudeMode>absolute</altitudeMode>
    </Point>
  </Placemark>

  <Placemark>
    <Style>
      <IconStyle>
        <scale>0.224181818181818</scale>
        <color>FFEC2613</color>
        <Icon>
          <href>http://maps.google.com/mapfiles/kml/shapes/placemark_circle.png</href>
        </Icon>
      </IconStyle>
    </Style>
    <Point>
      <coordinates>140.148993538388,37.0155764644758,376.710442954747</coordinates>
      <altitudeMode>absolute</altitudeMode>
    </Point>
  </Placemark>

  <Placemark>
    <Style>
      <IconStyle>
        <scale>0.213636363636363</scale>
        <color>FFED2412</color>
        <Icon>
          <href>http://maps.google.com/mapfiles/kml/shapes/placemark_circle.png</href>
        </Icon>
      </IconStyle>
    </Style>
    <Point>
      <coordinates>140.149011033694,37.0155680646516,375.810442925947</coordinates>
      <altitudeMode>absolute</altitudeMode>
    </Point>
  </Placemark>

  <Placemark>
    <Style>
      <IconStyle>
        <scale>0.213636363636363</scale>
        <color>FFED2412</color>
        <Icon>
          <href>http://maps.google.com/mapfiles/kml/shapes/placemark_circle.png</href>
        </Icon>
      </IconStyle>
    </Style>
    <Point>
      <coordinates>140.149011033694,37.0155680646516,375.810442925947</coordinates>
      <altitudeMode>absolute</altitudeMode>
    </Point>
  </Placemark>

  <Placemark>
    <Style>
      <IconStyle>
        <scale>0.270545454545454</scale>
        <color>FFE82E17</color>
        <Icon>
          <href>http://maps.google.com/mapfiles/kml/shapes/placemark_circle.png</href>
        </Icon>
      </IconStyle>
    </Style>
    <Point>
      <coordinates>140.149028217357,37.0155595486311,374.910442897147</coordinates>
      <altitudeMode>absolute</altitudeMode>
    </Point>
  </Placemark>

  <Placemark>
    <Style>
      <IconStyle>
        <scale>0.270545454545454</scale>
        <color>FFE82E17</color>
        <Icon>
          <href>http://maps.google.com/mapfiles/kml/shapes/placemark_circle.png</href>
        </Icon>
      </IconStyle>
    </Style>
    <Point>
      <coordinates>140.149028217357,37.0155595486311,374.910442897147</coordinates>
      <altitudeMode>absolute</altitudeMode>
    </Point>
  </Placemark>

  <Placemark>
    <Style>
      <IconStyle>
        <scale>0.327090909090909</scale>
        <color>FFE3381C</color>
        <Icon>
          <href>http://maps.google.com/mapfiles/kml/shapes/placemark_circle.png</href>
        </Icon>
      </IconStyle>
    </Style>
    <Point>
      <coordinates>140.149044693448,37.0155501347356,374.010442868347</coordinates>
      <altitudeMode>absolute</altitudeMode>
    </Point>
  </Placemark>

  <Placemark>
    <Style>
      <IconStyle>
        <scale>0.327090909090909</scale>
        <color>FFE3381C</color>
        <Icon>
          <href>http://maps.google.com/mapfiles/kml/shapes/placemark_circle.png</href>
        </Icon>
      </IconStyle>
    </Style>
    <Point>
      <coordinates>140.149044693448,37.0155501347356,374.010442868347</coordinates>
      <altitudeMode>absolute</altitudeMode>
    </Point>
  </Placemark>

  <Placemark>
    <Style>
      <IconStyle>
        <scale>0.359818181818182</scale>
        <color>FFE03D1F</color>
        <Icon>
          <href>http://maps.google.com/mapfiles/kml/shapes/placemark_circle.png</href>
        </Icon>
      </IconStyle>
    </Style>
    <Point>
      <coordinates>140.149061303861,37.0155415893147,373.010442836347</coordinates>
      <altitudeMode>absolute</altitudeMode>
    </Point>
  </Placemark>

  <Placemark>
    <Style>
      <IconStyle>
        <scale>0.359818181818182</scale>
        <color>FFE03D1F</color>
        <Icon>
          <href>http://maps.google.com/mapfiles/kml/shapes/placemark_circle.png</href>
        </Icon>
      </IconStyle>
    </Style>
    <Point>
      <coordinates>140.149061303861,37.0155415893147,373.010442836347</coordinates>
      <altitudeMode>absolute</altitudeMode>
    </Point>
  </Placemark>

  <Placemark>
    <Style>
      <IconStyle>
        <scale>0.428727272727273</scale>
        <color>FFDB4924</color>
        <Icon>
          <href>http://maps.google.com/mapfiles/kml/shapes/placemark_circle.png</href>
        </Icon>
      </IconStyle>
    </Style>
    <Point>
      <coordinates>140.149077898138,37.0155318634605,372.210442810747</coordinates>
      <altitudeMode>absolute</altitudeMode>
    </Point>
  </Placemark>

  <Placemark>
    <Style>
      <IconStyle>
        <scale>0.428727272727273</scale>
        <color>FFDB4924</color>
        <Icon>
          <href>http://maps.google.com/mapfiles/kml/shapes/placemark_circle.png</href>
        </Icon>
      </IconStyle>
    </Style>
    <Point>
      <coordinates>140.149077898138,37.0155318634605,372.210442810747</coordinates>
      <altitudeMode>absolute</altitudeMode>
    </Point>
  </Placemark>

  <Placemark>
    <Style>
      <IconStyle>
        <scale>0.411818181818182</scale>
        <color>FFDC4623</color>
        <Icon>
          <href>http://maps.google.com/mapfiles/kml/shapes/placemark_circle.png</href>
        </Icon>
      </IconStyle>
    </Style>
    <Point>
      <coordinates>140.14909481968,37.0155228433854,371.310442781947</coordinates>
      <altitudeMode>absolute</altitudeMode>
    </Point>
  </Placemark>

  <Placemark>
    <Style>
      <IconStyle>
        <scale>0.411818181818182</scale>
        <color>FFDC4623</color>
        <Icon>
          <href>http://maps.google.com/mapfiles/kml/shapes/placemark_circle.png</href>
        </Icon>
      </IconStyle>
    </Style>
    <Point>
      <coordinates>140.14909481968,37.0155228433854,371.310442781947</coordinates>
      <altitudeMode>absolute</altitudeMode>
    </Point>
  </Placemark>

  <Placemark>
    <Style>
      <IconStyle>
        <scale>0.436727272727273</scale>
        <color>FFDA4A25</color>
        <Icon>
          <href>http://maps.google.com/mapfiles/kml/shapes/placemark_circle.png</href>
        </Icon>
      </IconStyle>
    </Style>
    <Point>
      <coordinates>140.149112060418,37.0155136186731,370.310442749947</coordinates>
      <altitudeMode>absolute</altitudeMode>
    </Point>
  </Placemark>

  <Placemark>
    <Style>
      <IconStyle>
        <scale>0.436727272727273</scale>
        <color>FFDA4A25</color>
        <Icon>
          <href>http://maps.google.com/mapfiles/kml/shapes/placemark_circle.png</href>
        </Icon>
      </IconStyle>
    </Style>
    <Point>
      <coordinates>140.149112060418,37.0155136186731,370.310442749947</coordinates>
      <altitudeMode>absolute</altitudeMode>
    </Point>
  </Placemark>

  <Placemark>
    <Style>
      <IconStyle>
        <scale>0.426</scale>
        <color>FFDB4824</color>
        <Icon>
          <href>http://maps.google.com/mapfiles/kml/shapes/placemark_circle.png</href>
        </Icon>
      </IconStyle>
    </Style>
    <Point>
      <coordinates>140.149129657345,37.0155049724413,369.210442714747</coordinates>
      <altitudeMode>absolute</altitudeMode>
    </Point>
  </Placemark>

  <Placemark>
    <Style>
      <IconStyle>
        <scale>0.426</scale>
        <color>FFDB4824</color>
        <Icon>
          <href>http://maps.google.com/mapfiles/kml/shapes/placemark_circle.png</href>
        </Icon>
      </IconStyle>
    </Style>
    <Point>
      <coordinates>140.149129657345,37.0155049724413,369.210442714747</coordinates>
      <altitudeMode>absolute</altitudeMode>
    </Point>
  </Placemark>

  <Placemark>
    <Style>
      <IconStyle>
        <scale>0.445090909090909</scale>
        <color>FFD94C26</color>
        <Icon>
          <href>http://maps.google.com/mapfiles/kml/shapes/placemark_circle.png</href>
        </Icon>
      </IconStyle>
    </Style>
    <Point>
      <coordinates>140.149147421295,37.0154960742851,368.210442682747</coordinates>
      <altitudeMode>absolute</altitudeMode>
    </Point>
  </Placemark>

  <Placemark>
    <Style>
      <IconStyle>
        <scale>0.445090909090909</scale>
        <color>FFD94C26</color>
        <Icon>
          <href>http://maps.google.com/mapfiles/kml/shapes/placemark_circle.png</href>
        </Icon>
      </IconStyle>
    </Style>
    <Point>
      <coordinates>140.149147421295,37.0154960742851,368.210442682747</coordinates>
      <altitudeMode>absolute</altitudeMode>
    </Point>
  </Placemark>

  <Placemark>
    <Style>
      <IconStyle>
        <scale>0.450181818181819</scale>
        <color>FFD94D26</color>
        <Icon>
          <href>http://maps.google.com/mapfiles/kml/shapes/placemark_circle.png</href>
        </Icon>
      </IconStyle>
    </Style>
    <Point>
      <coordinates>140.149164857637,37.0154870167914,367.410442657147</coordinates>
      <altitudeMode>absolute</altitudeMode>
    </Point>
  </Placemark>

  <Placemark>
    <Style>
      <IconStyle>
        <scale>0.450181818181819</scale>
        <color>FFD94D26</color>
        <Icon>
          <href>http://maps.google.com/mapfiles/kml/shapes/placemark_circle.png</href>
        </Icon>
      </IconStyle>
    </Style>
    <Point>
      <coordinates>140.149164857637,37.0154870167914,367.410442657147</coordinates>
      <altitudeMode>absolute</altitudeMode>
    </Point>
  </Placemark>

  <Placemark>
    <Style>
      <IconStyle>
        <scale>0.519636363636364</scale>
        <color>FFD3582C</color>
        <Icon>
          <href>http://maps.google.com/mapfiles/kml/shapes/placemark_circle.png</href>
        </Icon>
      </IconStyle>
    </Style>
    <Point>
      <coordinates>140.149182288142,37.0154781893262,366.510442628347</coordinates>
      <altitudeMode>absolute</altitudeMode>
    </Point>
  </Placemark>

  <Placemark>
    <Style>
      <IconStyle>
        <scale>0.519636363636364</scale>
        <color>FFD3582C</color>
        <Icon>
          <href>http://maps.google.com/mapfiles/kml/shapes/placemark_circle.png</href>
        </Icon>
      </IconStyle>
    </Style>
    <Point>
      <coordinates>140.149182288142,37.0154781893262,366.510442628347</coordinates>
      <altitudeMode>absolute</altitudeMode>
    </Point>
  </Placemark>

  <Placemark>
    <Style>
      <IconStyle>
        <scale>0.550181818181818</scale>
        <color>FFD05E2F</color>
        <Icon>
          <href>http://maps.google.com/mapfiles/kml/shapes/placemark_circle.png</href>
        </Icon>
      </IconStyle>
    </Style>
    <Point>
      <coordinates>140.149198887483,37.0154698715351,365.510442596347</coordinates>
      <altitudeMode>absolute</altitudeMode>
    </Point>
  </Placemark>

  <Placemark>
    <Style>
      <IconStyle>
        <scale>0.550181818181818</scale>
        <color>FFD05E2F</color>
        <Icon>
          <href>http://maps.google.com/mapfiles/kml/shapes/placemark_circle.png</href>
        </Icon>
      </IconStyle>
    </Style>
    <Point>
      <coordinates>140.149198887483,37.0154698715351,365.510442596347</coordinates>
      <altitudeMode>absolute</altitudeMode>
    </Point>
  </Placemark>

  <Placemark>
    <Style>
      <IconStyle>
        <scale>0.502727272727273</scale>
        <color>FFD4552B</color>
        <Icon>
          <href>http://maps.google.com/mapfiles/kml/shapes/placemark_circle.png</href>
        </Icon>
      </IconStyle>
    </Style>
    <Point>
      <coordinates>140.149215474122,37.0154620278158,364.710442570747</coordinates>
      <altitudeMode>absolute</altitudeMode>
    </Point>
  </Placemark>

  <Placemark>
    <Style>
      <IconStyle>
        <scale>0.502727272727273</scale>
        <color>FFD4552B</color>
        <Icon>
          <href>http://maps.google.com/mapfiles/kml/shapes/placemark_circle.png</href>
        </Icon>
      </IconStyle>
    </Style>
    <Point>
      <coordinates>140.149215474122,37.0154620278158,364.710442570747</coordinates>
      <altitudeMode>absolute</altitudeMode>
    </Point>
  </Placemark>

  <Placemark>
    <Style>
      <IconStyle>
        <scale>0.466181818181818</scale>
        <color>FFD74F28</color>
        <Icon>
          <href>http://maps.google.com/mapfiles/kml/shapes/placemark_circle.png</href>
        </Icon>
      </IconStyle>
    </Style>
    <Point>
      <coordinates>140.149235538107,37.0154513521391,363.710442538747</coordinates>
      <altitudeMode>absolute</altitudeMode>
    </Point>
  </Placemark>

  <Placemark>
    <Style>
      <IconStyle>
        <scale>0.466181818181818</scale>
        <color>FFD74F28</color>
        <Icon>
          <href>http://maps.google.com/mapfiles/kml/shapes/placemark_circle.png</href>
        </Icon>
      </IconStyle>
    </Style>
    <Point>
      <coordinates>140.149235538107,37.0154513521391,363.710442538747</coordinates>
      <altitudeMode>absolute</altitudeMode>
    </Point>
  </Placemark>

  <Placemark>
    <Style>
      <IconStyle>
        <scale>0.441090909090909</scale>
        <color>FFDA4B25</color>
        <Icon>
          <href>http://maps.google.com/mapfiles/kml/shapes/placemark_circle.png</href>
        </Icon>
      </IconStyle>
    </Style>
    <Point>
      <coordinates>140.149248814765,37.0154443340275,362.810442509947</coordinates>
      <altitudeMode>absolute</altitudeMode>
    </Point>
  </Placemark>

  <Placemark>
    <Style>
      <IconStyle>
        <scale>0.441090909090909</scale>
        <color>FFDA4B25</color>
        <Icon>
          <href>http://maps.google.com/mapfiles/kml/shapes/placemark_circle.png</href>
        </Icon>
      </IconStyle>
    </Style>
    <Point>
      <coordinates>140.149248814765,37.0154443340275,362.810442509947</coordinates>
      <altitudeMode>absolute</altitudeMode>
    </Point>
  </Placemark>

  <Placemark>
    <Style>
      <IconStyle>
        <scale>0.395636363636364</scale>
        <color>FFDD4322</color>
        <Icon>
          <href>http://maps.google.com/mapfiles/kml/shapes/placemark_circle.png</href>
        </Icon>
      </IconStyle>
    </Style>
    <Point>
      <coordinates>140.149265804111,37.0154350311199,361.810442477947</coordinates>
      <altitudeMode>absolute</altitudeMode>
    </Point>
  </Placemark>

  <Placemark>
    <Style>
      <IconStyle>
        <scale>0.395636363636364</scale>
        <color>FFDD4322</color>
        <Icon>
          <href>http://maps.google.com/mapfiles/kml/shapes/placemark_circle.png</href>
        </Icon>
      </IconStyle>
    </Style>
    <Point>
      <coordinates>140.149265804111,37.0154350311199,361.810442477947</coordinates>
      <altitudeMode>absolute</altitudeMode>
    </Point>
  </Placemark>

  <Placemark>
    <Style>
      <IconStyle>
        <scale>0.405272727272727</scale>
        <color>FFDD4522</color>
        <Icon>
          <href>http://maps.google.com/mapfiles/kml/shapes/placemark_circle.png</href>
        </Icon>
      </IconStyle>
    </Style>
    <Point>
      <coordinates>140.149282358478,37.0154252102457,360.810442445947</coordinates>
      <altitudeMode>absolute</altitudeMode>
    </Point>
  </Placemark>

  <Placemark>
    <Style>
      <IconStyle>
        <scale>0.405272727272727</scale>
        <color>FFDD4522</color>
        <Icon>
          <href>http://maps.google.com/mapfiles/kml/shapes/placemark_circle.png</href>
        </Icon>
      </IconStyle>
    </Style>
    <Point>
      <coordinates>140.149282358478,37.0154252102457,360.810442445947</coordinates>
      <altitudeMode>absolute</altitudeMode>
    </Point>
  </Placemark>

  <Placemark>
    <Style>
      <IconStyle>
        <scale>0.386727272727273</scale>
        <color>FFDE4221</color>
        <Icon>
          <href>http://maps.google.com/mapfiles/kml/shapes/placemark_circle.png</href>
        </Icon>
      </IconStyle>
    </Style>
    <Point>
      <coordinates>140.149299315595,37.0154160486173,359.810442413947</coordinates>
      <altitudeMode>absolute</altitudeMode>
    </Point>
  </Placemark>

  <Placemark>
    <Style>
      <IconStyle>
        <scale>0.386727272727273</scale>
        <color>FFDE4221</color>
        <Icon>
          <href>http://maps.google.com/mapfiles/kml/shapes/placemark_circle.png</href>
        </Icon>
      </IconStyle>
    </Style>
    <Point>
      <coordinates>140.149299315595,37.0154160486173,359.810442413947</coordinates>
      <altitudeMode>absolute</altitudeMode>
    </Point>
  </Placemark>

  <Placemark>
    <Style>
      <IconStyle>
        <scale>0.403454545454545</scale>
        <color>FFDD4522</color>
        <Icon>
          <href>http://maps.google.com/mapfiles/kml/shapes/placemark_circle.png</href>
        </Icon>
      </IconStyle>
    </Style>
    <Point>
      <coordinates>140.149315601576,37.0154067817919,359.110442391547</coordinates>
      <altitudeMode>absolute</altitudeMode>
    </Point>
  </Placemark>

  <Placemark>
    <Style>
      <IconStyle>
        <scale>0.403454545454545</scale>
        <color>FFDD4522</color>
        <Icon>
          <href>http://maps.google.com/mapfiles/kml/shapes/placemark_circle.png</href>
        </Icon>
      </IconStyle>
    </Style>
    <Point>
      <coordinates>140.149315601576,37.0154067817919,359.110442391547</coordinates>
      <altitudeMode>absolute</altitudeMode>
    </Point>
  </Placemark>

  <Placemark>
    <Style>
      <IconStyle>
        <scale>0.400909090909091</scale>
        <color>FFDD4422</color>
        <Icon>
          <href>http://maps.google.com/mapfiles/kml/shapes/placemark_circle.png</href>
        </Icon>
      </IconStyle>
    </Style>
    <Point>
      <coordinates>140.149332049687,37.0153977282389,358.210442362747</coordinates>
      <altitudeMode>absolute</altitudeMode>
    </Point>
  </Placemark>

  <Placemark>
    <Style>
      <IconStyle>
        <scale>0.400909090909091</scale>
        <color>FFDD4422</color>
        <Icon>
          <href>http://maps.google.com/mapfiles/kml/shapes/placemark_circle.png</href>
        </Icon>
      </IconStyle>
    </Style>
    <Point>
      <coordinates>140.149332049687,37.0153977282389,358.210442362747</coordinates>
      <altitudeMode>absolute</altitudeMode>
    </Point>
  </Placemark>

  <Placemark>
    <Style>
      <IconStyle>
        <scale>0.345272727272727</scale>
        <color>FFE23B1D</color>
        <Icon>
          <href>http://maps.google.com/mapfiles/kml/shapes/placemark_circle.png</href>
        </Icon>
      </IconStyle>
    </Style>
    <Point>
      <coordinates>140.149347732679,37.0153886934979,357.210442330747</coordinates>
      <altitudeMode>absolute</altitudeMode>
    </Point>
  </Placemark>

  <Placemark>
    <Style>
      <IconStyle>
        <scale>0.345272727272727</scale>
        <color>FFE23B1D</color>
        <Icon>
          <href>http://maps.google.com/mapfiles/kml/shapes/placemark_circle.png</href>
        </Icon>
      </IconStyle>
    </Style>
    <Point>
      <coordinates>140.149347732679,37.0153886934979,357.210442330747</coordinates>
      <altitudeMode>absolute</altitudeMode>
    </Point>
  </Placemark>

  <Placemark>
    <Style>
      <IconStyle>
        <scale>0.321636363636363</scale>
        <color>FFE4371B</color>
        <Icon>
          <href>http://maps.google.com/mapfiles/kml/shapes/placemark_circle.png</href>
        </Icon>
      </IconStyle>
    </Style>
    <Point>
      <coordinates>140.149363295768,37.0153800869463,357.010442324347</coordinates>
      <altitudeMode>absolute</altitudeMode>
    </Point>
  </Placemark>

  <Placemark>
    <Style>
      <IconStyle>
        <scale>0.321636363636363</scale>
        <color>FFE4371B</color>
        <Icon>
          <href>http://maps.google.com/mapfiles/kml/shapes/placemark_circle.png</href>
        </Icon>
      </IconStyle>
    </Style>
    <Point>
      <coordinates>140.149363295768,37.0153800869463,357.010442324347</coordinates>
      <altitudeMode>absolute</altitudeMode>
    </Point>
  </Placemark>

  <Placemark>
    <Style>
      <IconStyle>
        <scale>0.332545454545454</scale>
        <color>FFE3391C</color>
        <Icon>
          <href>http://maps.google.com/mapfiles/kml/shapes/placemark_circle.png</href>
        </Icon>
      </IconStyle>
    </Style>
    <Point>
      <coordinates>140.14937932937,37.0153724689721,355.110442263547</coordinates>
      <altitudeMode>absolute</altitudeMode>
    </Point>
  </Placemark>

  <Placemark>
    <Style>
      <IconStyle>
        <scale>0.332545454545454</scale>
        <color>FFE3391C</color>
        <Icon>
          <href>http://maps.google.com/mapfiles/kml/shapes/placemark_circle.png</href>
        </Icon>
      </IconStyle>
    </Style>
    <Point>
      <coordinates>140.14937932937,37.0153724689721,355.110442263547</coordinates>
      <altitudeMode>absolute</altitudeMode>
    </Point>
  </Placemark>

  <Placemark>
    <Style>
      <IconStyle>
        <scale>0.348</scale>
        <color>FFE13B1E</color>
        <Icon>
          <href>http://maps.google.com/mapfiles/kml/shapes/placemark_circle.png</href>
        </Icon>
      </IconStyle>
    </Style>
    <Point>
      <coordinates>140.149394986914,37.0153643868291,353.510442212347</coordinates>
      <altitudeMode>absolute</altitudeMode>
    </Point>
  </Placemark>

  <Placemark>
    <Style>
      <IconStyle>
        <scale>0.348</scale>
        <color>FFE13B1E</color>
        <Icon>
          <href>http://maps.google.com/mapfiles/kml/shapes/placemark_circle.png</href>
        </Icon>
      </IconStyle>
    </Style>
    <Point>
      <coordinates>140.149394986914,37.0153643868291,353.510442212347</coordinates>
      <altitudeMode>absolute</altitudeMode>
    </Point>
  </Placemark>

  <Placemark>
    <Style>
      <IconStyle>
        <scale>0.327818181818182</scale>
        <color>FFE3381C</color>
        <Icon>
          <href>http://maps.google.com/mapfiles/kml/shapes/placemark_circle.png</href>
        </Icon>
      </IconStyle>
    </Style>
    <Point>
      <coordinates>140.149410736294,37.0153558591581,353.010442196347</coordinates>
      <altitudeMode>absolute</altitudeMode>
    </Point>
  </Placemark>

  <Placemark>
    <Style>
      <IconStyle>
        <scale>0.327818181818182</scale>
        <color>FFE3381C</color>
        <Icon>
          <href>http://maps.google.com/mapfiles/kml/shapes/placemark_circle.png</href>
        </Icon>
      </IconStyle>
    </Style>
    <Point>
      <coordinates>140.149410736294,37.0153558591581,353.010442196347</coordinates>
      <altitudeMode>absolute</altitudeMode>
    </Point>
  </Placemark>

  <Placemark>
    <Style>
      <IconStyle>
        <scale>0.303090909090909</scale>
        <color>FFE5341A</color>
        <Icon>
          <href>http://maps.google.com/mapfiles/kml/shapes/placemark_circle.png</href>
        </Icon>
      </IconStyle>
    </Style>
    <Point>
      <coordinates>140.149426189952,37.0153475305047,351.810442157947</coordinates>
      <altitudeMode>absolute</altitudeMode>
    </Point>
  </Placemark>

  <Placemark>
    <Style>
      <IconStyle>
        <scale>0.303090909090909</scale>
        <color>FFE5341A</color>
        <Icon>
          <href>http://maps.google.com/mapfiles/kml/shapes/placemark_circle.png</href>
        </Icon>
      </IconStyle>
    </Style>
    <Point>
      <coordinates>140.149426189952,37.0153475305047,351.810442157947</coordinates>
      <altitudeMode>absolute</altitudeMode>
    </Point>
  </Placemark>

  <Placemark>
    <Style>
      <IconStyle>
        <scale>0.316</scale>
        <color>FFE4361B</color>
        <Icon>
          <href>http://maps.google.com/mapfiles/kml/shapes/placemark_circle.png</href>
        </Icon>
      </IconStyle>
    </Style>
    <Point>
      <coordinates>140.149442215099,37.0153395952263,350.310442109947</coordinates>
      <altitudeMode>absolute</altitudeMode>
    </Point>
  </Placemark>

  <Placemark>
    <Style>
      <IconStyle>
        <scale>0.316</scale>
        <color>FFE4361B</color>
        <Icon>
          <href>http://maps.google.com/mapfiles/kml/shapes/placemark_circle.png</href>
        </Icon>
      </IconStyle>
    </Style>
    <Point>
      <coordinates>140.149442215099,37.0153395952263,350.310442109947</coordinates>
      <altitudeMode>absolute</altitudeMode>
    </Point>
  </Placemark>

  <Placemark>
    <Style>
      <IconStyle>
        <scale>0.360181818181818</scale>
        <color>FFE03D1F</color>
        <Icon>
          <href>http://maps.google.com/mapfiles/kml/shapes/placemark_circle.png</href>
        </Icon>
      </IconStyle>
    </Style>
    <Point>
      <coordinates>140.149458002931,37.015331376807,349.010442068347</coordinates>
      <altitudeMode>absolute</altitudeMode>
    </Point>
  </Placemark>

  <Placemark>
    <Style>
      <IconStyle>
        <scale>0.360181818181818</scale>
        <color>FFE03D1F</color>
        <Icon>
          <href>http://maps.google.com/mapfiles/kml/shapes/placemark_circle.png</href>
        </Icon>
      </IconStyle>
    </Style>
    <Point>
      <coordinates>140.149458002931,37.015331376807,349.010442068347</coordinates>
      <altitudeMode>absolute</altitudeMode>
    </Point>
  </Placemark>

  <Placemark>
    <Style>
      <IconStyle>
        <scale>0.362727272727273</scale>
        <color>FFE03E1F</color>
        <Icon>
          <href>http://maps.google.com/mapfiles/kml/shapes/placemark_circle.png</href>
        </Icon>
      </IconStyle>
    </Style>
    <Point>
      <coordinates>140.149473370631,37.0153234414258,347.910442033147</coordinates>
      <altitudeMode>absolute</altitudeMode>
    </Point>
  </Placemark>

  <Placemark>
    <Style>
      <IconStyle>
        <scale>0.362727272727273</scale>
        <color>FFE03E1F</color>
        <Icon>
          <href>http://maps.google.com/mapfiles/kml/shapes/placemark_circle.png</href>
        </Icon>
      </IconStyle>
    </Style>
    <Point>
      <coordinates>140.149473370631,37.0153234414258,347.910442033147</coordinates>
      <altitudeMode>absolute</altitudeMode>
    </Point>
  </Placemark>

  <Placemark>
    <Style>
      <IconStyle>
        <scale>0.373090909090909</scale>
        <color>FFDF3F20</color>
        <Icon>
          <href>http://maps.google.com/mapfiles/kml/shapes/placemark_circle.png</href>
        </Icon>
      </IconStyle>
    </Style>
    <Point>
      <coordinates>140.149488422096,37.0153157417955,346.610441991547</coordinates>
      <altitudeMode>absolute</altitudeMode>
    </Point>
  </Placemark>

  <Placemark>
    <Style>
      <IconStyle>
        <scale>0.373090909090909</scale>
        <color>FFDF3F20</color>
        <Icon>
          <href>http://maps.google.com/mapfiles/kml/shapes/placemark_circle.png</href>
        </Icon>
      </IconStyle>
    </Style>
    <Point>
      <coordinates>140.149488422096,37.0153157417955,346.610441991547</coordinates>
      <altitudeMode>absolute</altitudeMode>
    </Point>
  </Placemark>

  <Placemark>
    <Style>
      <IconStyle>
        <scale>0.360727272727273</scale>
        <color>FFE03D1F</color>
        <Icon>
          <href>http://maps.google.com/mapfiles/kml/shapes/placemark_circle.png</href>
        </Icon>
      </IconStyle>
    </Style>
    <Point>
      <coordinates>140.149503790226,37.0153083762426,345.210441946747</coordinates>
      <altitudeMode>absolute</altitudeMode>
    </Point>
  </Placemark>

  <Placemark>
    <Style>
      <IconStyle>
        <scale>0.360727272727273</scale>
        <color>FFE03D1F</color>
        <Icon>
          <href>http://maps.google.com/mapfiles/kml/shapes/placemark_circle.png</href>
        </Icon>
      </IconStyle>
    </Style>
    <Point>
      <coordinates>140.149503790226,37.0153083762426,345.210441946747</coordinates>
      <altitudeMode>absolute</altitudeMode>
    </Point>
  </Placemark>

  <Placemark>
    <Style>
      <IconStyle>
        <scale>0.357454545454545</scale>
        <color>FFE13D1E</color>
        <Icon>
          <href>http://maps.google.com/mapfiles/kml/shapes/placemark_circle.png</href>
        </Icon>
      </IconStyle>
    </Style>
    <Point>
      <coordinates>140.149517649917,37.0153008590108,344.210441914747</coordinates>
      <altitudeMode>absolute</altitudeMode>
    </Point>
  </Placemark>

  <Placemark>
    <Style>
      <IconStyle>
        <scale>0.357454545454545</scale>
        <color>FFE13D1E</color>
        <Icon>
          <href>http://maps.google.com/mapfiles/kml/shapes/placemark_circle.png</href>
        </Icon>
      </IconStyle>
    </Style>
    <Point>
      <coordinates>140.149517649917,37.0153008590108,344.210441914747</coordinates>
      <altitudeMode>absolute</altitudeMode>
    </Point>
  </Placemark>

  <Placemark>
    <Style>
      <IconStyle>
        <scale>0.306727272727273</scale>
        <color>FFE5341A</color>
        <Icon>
          <href>http://maps.google.com/mapfiles/kml/shapes/placemark_circle.png</href>
        </Icon>
      </IconStyle>
    </Style>
    <Point>
      <coordinates>140.149532495264,37.015292813721,343.910441905147</coordinates>
      <altitudeMode>absolute</altitudeMode>
    </Point>
  </Placemark>

  <Placemark>
    <Style>
      <IconStyle>
        <scale>0.306727272727273</scale>
        <color>FFE5341A</color>
        <Icon>
          <href>http://maps.google.com/mapfiles/kml/shapes/placemark_circle.png</href>
        </Icon>
      </IconStyle>
    </Style>
    <Point>
      <coordinates>140.149532495264,37.015292813721,343.910441905147</coordinates>
      <altitudeMode>absolute</altitudeMode>
    </Point>
  </Placemark>

  <Placemark>
    <Style>
      <IconStyle>
        <scale>0.304909090909091</scale>
        <color>FFE5341A</color>
        <Icon>
          <href>http://maps.google.com/mapfiles/kml/shapes/placemark_circle.png</href>
        </Icon>
      </IconStyle>
    </Style>
    <Point>
      <coordinates>140.149546655142,37.0152850780085,342.710441866747</coordinates>
      <altitudeMode>absolute</altitudeMode>
    </Point>
  </Placemark>

  <Placemark>
    <Style>
      <IconStyle>
        <scale>0.304909090909091</scale>
        <color>FFE5341A</color>
        <Icon>
          <href>http://maps.google.com/mapfiles/kml/shapes/placemark_circle.png</href>
        </Icon>
      </IconStyle>
    </Style>
    <Point>
      <coordinates>140.149546655142,37.0152850780085,342.710441866747</coordinates>
      <altitudeMode>absolute</altitudeMode>
    </Point>
  </Placemark>

  <Placemark>
    <Style>
      <IconStyle>
        <scale>0.373454545454545</scale>
        <color>FFDF3F20</color>
        <Icon>
          <href>http://maps.google.com/mapfiles/kml/shapes/placemark_circle.png</href>
        </Icon>
      </IconStyle>
    </Style>
    <Point>
      <coordinates>140.149561405863,37.015277764266,341.810441837947</coordinates>
      <altitudeMode>absolute</altitudeMode>
    </Point>
  </Placemark>

  <Placemark>
    <Style>
      <IconStyle>
        <scale>0.373454545454545</scale>
        <color>FFDF3F20</color>
        <Icon>
          <href>http://maps.google.com/mapfiles/kml/shapes/placemark_circle.png</href>
        </Icon>
      </IconStyle>
    </Style>
    <Point>
      <coordinates>140.149561405863,37.015277764266,341.810441837947</coordinates>
      <altitudeMode>absolute</altitudeMode>
    </Point>
  </Placemark>

  <Placemark>
    <Style>
      <IconStyle>
        <scale>0.471636363636364</scale>
        <color>FFD75028</color>
        <Icon>
          <href>http://maps.google.com/mapfiles/kml/shapes/placemark_circle.png</href>
        </Icon>
      </IconStyle>
    </Style>
    <Point>
      <coordinates>140.149576219153,37.0152711208887,340.410441793147</coordinates>
      <altitudeMode>absolute</altitudeMode>
    </Point>
  </Placemark>

  <Placemark>
    <Style>
      <IconStyle>
        <scale>0.471636363636364</scale>
        <color>FFD75028</color>
        <Icon>
          <href>http://maps.google.com/mapfiles/kml/shapes/placemark_circle.png</href>
        </Icon>
      </IconStyle>
    </Style>
    <Point>
      <coordinates>140.149576219153,37.0152711208887,340.410441793147</coordinates>
      <altitudeMode>absolute</altitudeMode>
    </Point>
  </Placemark>

  <Placemark>
    <Style>
      <IconStyle>
        <scale>0.494</scale>
        <color>FFD5542A</color>
        <Icon>
          <href>http://maps.google.com/mapfiles/kml/shapes/placemark_circle.png</href>
        </Icon>
      </IconStyle>
    </Style>
    <Point>
      <coordinates>140.149590508803,37.0152634899448,338.310441725947</coordinates>
      <altitudeMode>absolute</altitudeMode>
    </Point>
  </Placemark>

  <Placemark>
    <Style>
      <IconStyle>
        <scale>0.494</scale>
        <color>FFD5542A</color>
        <Icon>
          <href>http://maps.google.com/mapfiles/kml/shapes/placemark_circle.png</href>
        </Icon>
      </IconStyle>
    </Style>
    <Point>
      <coordinates>140.149590508803,37.0152634899448,338.310441725947</coordinates>
      <altitudeMode>absolute</altitudeMode>
    </Point>
  </Placemark>

  <Placemark>
    <Style>
      <IconStyle>
        <scale>0.475636363636364</scale>
        <color>FFD75128</color>
        <Icon>
          <href>http://maps.google.com/mapfiles/kml/shapes/placemark_circle.png</href>
        </Icon>
      </IconStyle>
    </Style>
    <Point>
      <coordinates>140.149604483033,37.0152552643125,337.510441700347</coordinates>
      <altitudeMode>absolute</altitudeMode>
    </Point>
  </Placemark>

  <Placemark>
    <Style>
      <IconStyle>
        <scale>0.475636363636364</scale>
        <color>FFD75128</color>
        <Icon>
          <href>http://maps.google.com/mapfiles/kml/shapes/placemark_circle.png</href>
        </Icon>
      </IconStyle>
    </Style>
    <Point>
      <coordinates>140.149604483033,37.0152552643125,337.510441700347</coordinates>
      <altitudeMode>absolute</altitudeMode>
    </Point>
  </Placemark>

  <Placemark>
    <Style>
      <IconStyle>
        <scale>0.497818181818182</scale>
        <color>FFD5552A</color>
        <Icon>
          <href>http://maps.google.com/mapfiles/kml/shapes/placemark_circle.png</href>
        </Icon>
      </IconStyle>
    </Style>
    <Point>
      <coordinates>140.149619264352,37.0152488761491,336.310441661947</coordinates>
      <altitudeMode>absolute</altitudeMode>
    </Point>
  </Placemark>

  <Placemark>
    <Style>
      <IconStyle>
        <scale>0.497818181818182</scale>
        <color>FFD5552A</color>
        <Icon>
          <href>http://maps.google.com/mapfiles/kml/shapes/placemark_circle.png</href>
        </Icon>
      </IconStyle>
    </Style>
    <Point>
      <coordinates>140.149619264352,37.0152488761491,336.310441661947</coordinates>
      <altitudeMode>absolute</altitudeMode>
    </Point>
  </Placemark>

  <Placemark>
    <Style>
      <IconStyle>
        <scale>0.610909090909091</scale>
        <color>FFCB6834</color>
        <Icon>
          <href>http://maps.google.com/mapfiles/kml/shapes/placemark_circle.png</href>
        </Icon>
      </IconStyle>
    </Style>
    <Point>
      <coordinates>140.149632828922,37.0152416909903,335.010441620347</coordinates>
      <altitudeMode>absolute</altitudeMode>
    </Point>
  </Placemark>

  <Placemark>
    <Style>
      <IconStyle>
        <scale>0.610909090909091</scale>
        <color>FFCB6834</color>
        <Icon>
          <href>http://maps.google.com/mapfiles/kml/shapes/placemark_circle.png</href>
        </Icon>
      </IconStyle>
    </Style>
    <Point>
      <coordinates>140.149632828922,37.0152416909903,335.010441620347</coordinates>
      <altitudeMode>absolute</altitudeMode>
    </Point>
  </Placemark>

  <Placemark>
    <Style>
      <IconStyle>
        <scale>0.595090909090909</scale>
        <color>FFCC6533</color>
        <Icon>
          <href>http://maps.google.com/mapfiles/kml/shapes/placemark_circle.png</href>
        </Icon>
      </IconStyle>
    </Style>
    <Point>
      <coordinates>140.149646845852,37.0152344198577,333.710441578747</coordinates>
      <altitudeMode>absolute</altitudeMode>
    </Point>
  </Placemark>

  <Placemark>
    <Style>
      <IconStyle>
        <scale>0.595090909090909</scale>
        <color>FFCC6533</color>
        <Icon>
          <href>http://maps.google.com/mapfiles/kml/shapes/placemark_circle.png</href>
        </Icon>
      </IconStyle>
    </Style>
    <Point>
      <coordinates>140.149646845852,37.0152344198577,333.710441578747</coordinates>
      <altitudeMode>absolute</altitudeMode>
    </Point>
  </Placemark>

  <Placemark>
    <Style>
      <IconStyle>
        <scale>0.593454545454546</scale>
        <color>FFCD6532</color>
        <Icon>
          <href>http://maps.google.com/mapfiles/kml/shapes/placemark_circle.png</href>
        </Icon>
      </IconStyle>
    </Style>
    <Point>
      <coordinates>140.149661341619,37.0152271676058,332.510441540347</coordinates>
      <altitudeMode>absolute</altitudeMode>
    </Point>
  </Placemark>

  <Placemark>
    <Style>
      <IconStyle>
        <scale>0.593454545454546</scale>
        <color>FFCD6532</color>
        <Icon>
          <href>http://maps.google.com/mapfiles/kml/shapes/placemark_circle.png</href>
        </Icon>
      </IconStyle>
    </Style>
    <Point>
      <coordinates>140.149661341619,37.0152271676058,332.510441540347</coordinates>
      <altitudeMode>absolute</altitudeMode>
    </Point>
  </Placemark>

  <Placemark>
    <Style>
      <IconStyle>
        <scale>0.579272727272727</scale>
        <color>FFCE6231</color>
        <Icon>
          <href>http://maps.google.com/mapfiles/kml/shapes/placemark_circle.png</href>
        </Icon>
      </IconStyle>
    </Style>
    <Point>
      <coordinates>140.14967575085,37.0152197771243,331.210441498747</coordinates>
      <altitudeMode>absolute</altitudeMode>
    </Point>
  </Placemark>

  <Placemark>
    <Style>
      <IconStyle>
        <scale>0.579272727272727</scale>
        <color>FFCE6231</color>
        <Icon>
          <href>http://maps.google.com/mapfiles/kml/shapes/placemark_circle.png</href>
        </Icon>
      </IconStyle>
    </Style>
    <Point>
      <coordinates>140.14967575085,37.0152197771243,331.210441498747</coordinates>
      <altitudeMode>absolute</altitudeMode>
    </Point>
  </Placemark>

  <Placemark>
    <Style>
      <IconStyle>
        <scale>0.610727272727273</scale>
        <color>FFCB6834</color>
        <Icon>
          <href>http://maps.google.com/mapfiles/kml/shapes/placemark_circle.png</href>
        </Icon>
      </IconStyle>
    </Style>
    <Point>
      <coordinates>140.149689273085,37.0152124200352,330.310441469947</coordinates>
      <altitudeMode>absolute</altitudeMode>
    </Point>
  </Placemark>

  <Placemark>
    <Style>
      <IconStyle>
        <scale>0.610727272727273</scale>
        <color>FFCB6834</color>
        <Icon>
          <href>http://maps.google.com/mapfiles/kml/shapes/placemark_circle.png</href>
        </Icon>
      </IconStyle>
    </Style>
    <Point>
      <coordinates>140.149689273085,37.0152124200352,330.310441469947</coordinates>
      <altitudeMode>absolute</altitudeMode>
    </Point>
  </Placemark>

  <Placemark>
    <Style>
      <IconStyle>
        <scale>0.574363636363637</scale>
        <color>FFCE6231</color>
        <Icon>
          <href>http://maps.google.com/mapfiles/kml/shapes/placemark_circle.png</href>
        </Icon>
      </IconStyle>
    </Style>
    <Point>
      <coordinates>140.149702622654,37.0152051062585,329.410441441147</coordinates>
      <altitudeMode>absolute</altitudeMode>
    </Point>
  </Placemark>

  <Placemark>
    <Style>
      <IconStyle>
        <scale>0.574363636363637</scale>
        <color>FFCE6231</color>
        <Icon>
          <href>http://maps.google.com/mapfiles/kml/shapes/placemark_circle.png</href>
        </Icon>
      </IconStyle>
    </Style>
    <Point>
      <coordinates>140.149702622654,37.0152051062585,329.410441441147</coordinates>
      <altitudeMode>absolute</altitudeMode>
    </Point>
  </Placemark>

  <Placemark>
    <Style>
      <IconStyle>
        <scale>0.503272727272727</scale>
        <color>FFD4562B</color>
        <Icon>
          <href>http://maps.google.com/mapfiles/kml/shapes/placemark_circle.png</href>
        </Icon>
      </IconStyle>
    </Style>
    <Point>
      <coordinates>140.14971593139,37.0151982168676,328.710441418747</coordinates>
      <altitudeMode>absolute</altitudeMode>
    </Point>
  </Placemark>

  <Placemark>
    <Style>
      <IconStyle>
        <scale>0.503272727272727</scale>
        <color>FFD4562B</color>
        <Icon>
          <href>http://maps.google.com/mapfiles/kml/shapes/placemark_circle.png</href>
        </Icon>
      </IconStyle>
    </Style>
    <Point>
      <coordinates>140.14971593139,37.0151982168676,328.710441418747</coordinates>
      <altitudeMode>absolute</altitudeMode>
    </Point>
  </Placemark>

  <Placemark>
    <Style>
      <IconStyle>
        <scale>0.407090909090909</scale>
        <color>FFDC4523</color>
        <Icon>
          <href>http://maps.google.com/mapfiles/kml/shapes/placemark_circle.png</href>
        </Icon>
      </IconStyle>
    </Style>
    <Point>
      <coordinates>140.149729160971,37.0151912029879,327.910441393147</coordinates>
      <altitudeMode>absolute</altitudeMode>
    </Point>
  </Placemark>

  <Placemark>
    <Style>
      <IconStyle>
        <scale>0.407090909090909</scale>
        <color>FFDC4523</color>
        <Icon>
          <href>http://maps.google.com/mapfiles/kml/shapes/placemark_circle.png</href>
        </Icon>
      </IconStyle>
    </Style>
    <Point>
      <coordinates>140.149729160971,37.0151912029879,327.910441393147</coordinates>
      <altitudeMode>absolute</altitudeMode>
    </Point>
  </Placemark>

  <Placemark>
    <Style>
      <IconStyle>
        <scale>0.372545454545455</scale>
        <color>FFDF3F20</color>
        <Icon>
          <href>http://maps.google.com/mapfiles/kml/shapes/placemark_circle.png</href>
        </Icon>
      </IconStyle>
    </Style>
    <Point>
      <coordinates>140.149742469406,37.0151839524664,326.810441357947</coordinates>
      <altitudeMode>absolute</altitudeMode>
    </Point>
  </Placemark>

  <Placemark>
    <Style>
      <IconStyle>
        <scale>0.372545454545455</scale>
        <color>FFDF3F20</color>
        <Icon>
          <href>http://maps.google.com/mapfiles/kml/shapes/placemark_circle.png</href>
        </Icon>
      </IconStyle>
    </Style>
    <Point>
      <coordinates>140.149742469406,37.0151839524664,326.810441357947</coordinates>
      <altitudeMode>absolute</altitudeMode>
    </Point>
  </Placemark>

  <Placemark>
    <Style>
      <IconStyle>
        <scale>0.366</scale>
        <color>FFE03E1F</color>
        <Icon>
          <href>http://maps.google.com/mapfiles/kml/shapes/placemark_circle.png</href>
        </Icon>
      </IconStyle>
    </Style>
    <Point>
      <coordinates>140.149755329109,37.0151758280133,325.510441316347</coordinates>
      <altitudeMode>absolute</altitudeMode>
    </Point>
  </Placemark>

  <Placemark>
    <Style>
      <IconStyle>
        <scale>0.366</scale>
        <color>FFE03E1F</color>
        <Icon>
          <href>http://maps.google.com/mapfiles/kml/shapes/placemark_circle.png</href>
        </Icon>
      </IconStyle>
    </Style>
    <Point>
      <coordinates>140.149755329109,37.0151758280133,325.510441316347</coordinates>
      <altitudeMode>absolute</altitudeMode>
    </Point>
  </Placemark>

  <Placemark>
    <Style>
      <IconStyle>
        <scale>0.277818181818182</scale>
        <color>FFE72F18</color>
        <Icon>
          <href>http://maps.google.com/mapfiles/kml/shapes/placemark_circle.png</href>
        </Icon>
      </IconStyle>
    </Style>
    <Point>
      <coordinates>140.149768050305,37.0151678523351,324.410441281147</coordinates>
      <altitudeMode>absolute</altitudeMode>
    </Point>
  </Placemark>

  <Placemark>
    <Style>
      <IconStyle>
        <scale>0.277818181818182</scale>
        <color>FFE72F18</color>
        <Icon>
          <href>http://maps.google.com/mapfiles/kml/shapes/placemark_circle.png</href>
        </Icon>
      </IconStyle>
    </Style>
    <Point>
      <coordinates>140.149768050305,37.0151678523351,324.410441281147</coordinates>
      <altitudeMode>absolute</altitudeMode>
    </Point>
  </Placemark>

  <Placemark>
    <Style>
      <IconStyle>
        <scale>0.169454545454546</scale>
        <color>FFF11D0E</color>
        <Icon>
          <href>http://maps.google.com/mapfiles/kml/shapes/placemark_circle.png</href>
        </Icon>
      </IconStyle>
    </Style>
    <Point>
      <coordinates>140.149780871878,37.0151603429674,323.310441245947</coordinates>
      <altitudeMode>absolute</altitudeMode>
    </Point>
  </Placemark>

  <Placemark>
    <Style>
      <IconStyle>
        <scale>0.169454545454546</scale>
        <color>FFF11D0E</color>
        <Icon>
          <href>http://maps.google.com/mapfiles/kml/shapes/placemark_circle.png</href>
        </Icon>
      </IconStyle>
    </Style>
    <Point>
      <coordinates>140.149780871878,37.0151603429674,323.310441245947</coordinates>
      <altitudeMode>absolute</altitudeMode>
    </Point>
  </Placemark>

  <Placemark>
    <Style>
      <IconStyle>
        <scale>0.155818181818182</scale>
        <color>FFF21A0D</color>
        <Icon>
          <href>http://maps.google.com/mapfiles/kml/shapes/placemark_circle.png</href>
        </Icon>
      </IconStyle>
    </Style>
    <Point>
      <coordinates>140.149793743489,37.0151536902269,322.310441213947</coordinates>
      <altitudeMode>absolute</altitudeMode>
    </Point>
  </Placemark>

  <Placemark>
    <Style>
      <IconStyle>
        <scale>0.155818181818182</scale>
        <color>FFF21A0D</color>
        <Icon>
          <href>http://maps.google.com/mapfiles/kml/shapes/placemark_circle.png</href>
        </Icon>
      </IconStyle>
    </Style>
    <Point>
      <coordinates>140.149793743489,37.0151536902269,322.310441213947</coordinates>
      <altitudeMode>absolute</altitudeMode>
    </Point>
  </Placemark>

  <Placemark>
    <Style>
      <IconStyle>
        <scale>0.157272727272727</scale>
        <color>FFF21B0D</color>
        <Icon>
          <href>http://maps.google.com/mapfiles/kml/shapes/placemark_circle.png</href>
        </Icon>
      </IconStyle>
    </Style>
    <Point>
      <coordinates>140.149806583472,37.0151472330944,321.210441178747</coordinates>
      <altitudeMode>absolute</altitudeMode>
    </Point>
  </Placemark>

  <Placemark>
    <Style>
      <IconStyle>
        <scale>0.157272727272727</scale>
        <color>FFF21B0D</color>
        <Icon>
          <href>http://maps.google.com/mapfiles/kml/shapes/placemark_circle.png</href>
        </Icon>
      </IconStyle>
    </Style>
    <Point>
      <coordinates>140.149806583472,37.0151472330944,321.210441178747</coordinates>
      <altitudeMode>absolute</altitudeMode>
    </Point>
  </Placemark>

  <Placemark>
    <Style>
      <IconStyle>
        <scale>0.161454545454546</scale>
        <color>FFF11B0E</color>
        <Icon>
          <href>http://maps.google.com/mapfiles/kml/shapes/placemark_circle.png</href>
        </Icon>
      </IconStyle>
    </Style>
    <Point>
      <coordinates>140.149820040069,37.0151408398512,320.210441146747</coordinates>
      <altitudeMode>absolute</altitudeMode>
    </Point>
  </Placemark>

  <Placemark>
    <Style>
      <IconStyle>
        <scale>0.161454545454546</scale>
        <color>FFF11B0E</color>
        <Icon>
          <href>http://maps.google.com/mapfiles/kml/shapes/placemark_circle.png</href>
        </Icon>
      </IconStyle>
    </Style>
    <Point>
      <coordinates>140.149820040069,37.0151408398512,320.210441146747</coordinates>
      <altitudeMode>absolute</altitudeMode>
    </Point>
  </Placemark>

  <Placemark>
    <Style>
      <IconStyle>
        <scale>0.131818181818182</scale>
        <color>FFF4160B</color>
        <Icon>
          <href>http://maps.google.com/mapfiles/kml/shapes/placemark_circle.png</href>
        </Icon>
      </IconStyle>
    </Style>
    <Point>
      <coordinates>140.149832902915,37.0151345158169,319.210441114747</coordinates>
      <altitudeMode>absolute</altitudeMode>
    </Point>
  </Placemark>

  <Placemark>
    <Style>
      <IconStyle>
        <scale>0.131818181818182</scale>
        <color>FFF4160B</color>
        <Icon>
          <href>http://maps.google.com/mapfiles/kml/shapes/placemark_circle.png</href>
        </Icon>
      </IconStyle>
    </Style>
    <Point>
      <coordinates>140.149832902915,37.0151345158169,319.210441114747</coordinates>
      <altitudeMode>absolute</altitudeMode>
    </Point>
  </Placemark>

  <Placemark>
    <Style>
      <IconStyle>
        <scale>0.176909090909091</scale>
        <color>FFF01E0F</color>
        <Icon>
          <href>http://maps.google.com/mapfiles/kml/shapes/placemark_circle.png</href>
        </Icon>
      </IconStyle>
    </Style>
    <Point>
      <coordinates>140.149845662455,37.0151276855522,318.310441085947</coordinates>
      <altitudeMode>absolute</altitudeMode>
    </Point>
  </Placemark>

  <Placemark>
    <Style>
      <IconStyle>
        <scale>0.176909090909091</scale>
        <color>FFF01E0F</color>
        <Icon>
          <href>http://maps.google.com/mapfiles/kml/shapes/placemark_circle.png</href>
        </Icon>
      </IconStyle>
    </Style>
    <Point>
      <coordinates>140.149845662455,37.0151276855522,318.310441085947</coordinates>
      <altitudeMode>absolute</altitudeMode>
    </Point>
  </Placemark>

  <Placemark>
    <Style>
      <IconStyle>
        <scale>0.160545454545455</scale>
        <color>FFF11B0E</color>
        <Icon>
          <href>http://maps.google.com/mapfiles/kml/shapes/placemark_circle.png</href>
        </Icon>
      </IconStyle>
    </Style>
    <Point>
      <coordinates>140.149858030757,37.0151209366352,317.510441060347</coordinates>
      <altitudeMode>absolute</altitudeMode>
    </Point>
  </Placemark>

  <Placemark>
    <Style>
      <IconStyle>
        <scale>0.160545454545455</scale>
        <color>FFF11B0E</color>
        <Icon>
          <href>http://maps.google.com/mapfiles/kml/shapes/placemark_circle.png</href>
        </Icon>
      </IconStyle>
    </Style>
    <Point>
      <coordinates>140.149858030757,37.0151209366352,317.510441060347</coordinates>
      <altitudeMode>absolute</altitudeMode>
    </Point>
  </Placemark>

  <Placemark>
    <Style>
      <IconStyle>
        <scale>0.174</scale>
        <color>FFF01E0F</color>
        <Icon>
          <href>http://maps.google.com/mapfiles/kml/shapes/placemark_circle.png</href>
        </Icon>
      </IconStyle>
    </Style>
    <Point>
      <coordinates>140.149870623693,37.0151140069902,316.710441034747</coordinates>
      <altitudeMode>absolute</altitudeMode>
    </Point>
  </Placemark>

  <Placemark>
    <Style>
      <IconStyle>
        <scale>0.174</scale>
        <color>FFF01E0F</color>
        <Icon>
          <href>http://maps.google.com/mapfiles/kml/shapes/placemark_circle.png</href>
        </Icon>
      </IconStyle>
    </Style>
    <Point>
      <coordinates>140.149870623693,37.0151140069902,316.710441034747</coordinates>
      <altitudeMode>absolute</altitudeMode>
    </Point>
  </Placemark>

  <Placemark>
    <Style>
      <IconStyle>
        <scale>0.208</scale>
        <color>FFED2312</color>
        <Icon>
          <href>http://maps.google.com/mapfiles/kml/shapes/placemark_circle.png</href>
        </Icon>
      </IconStyle>
    </Style>
    <Point>
      <coordinates>140.149882843457,37.015107148139,316.010441012347</coordinates>
      <altitudeMode>absolute</altitudeMode>
    </Point>
  </Placemark>

  <Placemark>
    <Style>
      <IconStyle>
        <scale>0.208</scale>
        <color>FFED2312</color>
        <Icon>
          <href>http://maps.google.com/mapfiles/kml/shapes/placemark_circle.png</href>
        </Icon>
      </IconStyle>
    </Style>
    <Point>
      <coordinates>140.149882843457,37.015107148139,316.010441012347</coordinates>
      <altitudeMode>absolute</altitudeMode>
    </Point>
  </Placemark>

  <Placemark>
    <Style>
      <IconStyle>
        <scale>0.236181818181818</scale>
        <color>FFEB2814</color>
        <Icon>
          <href>http://maps.google.com/mapfiles/kml/shapes/placemark_circle.png</href>
        </Icon>
      </IconStyle>
    </Style>
    <Point>
      <coordinates>140.14989527128,37.0151003867877,315.210440986747</coordinates>
      <altitudeMode>absolute</altitudeMode>
    </Point>
  </Placemark>

  <Placemark>
    <Style>
      <IconStyle>
        <scale>0.236181818181818</scale>
        <color>FFEB2814</color>
        <Icon>
          <href>http://maps.google.com/mapfiles/kml/shapes/placemark_circle.png</href>
        </Icon>
      </IconStyle>
    </Style>
    <Point>
      <coordinates>140.14989527128,37.0151003867877,315.210440986747</coordinates>
      <altitudeMode>absolute</altitudeMode>
    </Point>
  </Placemark>

  <Placemark>
    <Style>
      <IconStyle>
        <scale>0.232727272727273</scale>
        <color>FFEB2814</color>
        <Icon>
          <href>http://maps.google.com/mapfiles/kml/shapes/placemark_circle.png</href>
        </Icon>
      </IconStyle>
    </Style>
    <Point>
      <coordinates>140.1499082115,37.0150933093357,314.410440961147</coordinates>
      <altitudeMode>absolute</altitudeMode>
    </Point>
  </Placemark>

  <Placemark>
    <Style>
      <IconStyle>
        <scale>0.232727272727273</scale>
        <color>FFEB2814</color>
        <Icon>
          <href>http://maps.google.com/mapfiles/kml/shapes/placemark_circle.png</href>
        </Icon>
      </IconStyle>
    </Style>
    <Point>
      <coordinates>140.1499082115,37.0150933093357,314.410440961147</coordinates>
      <altitudeMode>absolute</altitudeMode>
    </Point>
  </Placemark>

  <Placemark>
    <Style>
      <IconStyle>
        <scale>0.308545454545454</scale>
        <color>FFE5341A</color>
        <Icon>
          <href>http://maps.google.com/mapfiles/kml/shapes/placemark_circle.png</href>
        </Icon>
      </IconStyle>
    </Style>
    <Point>
      <coordinates>140.149921451536,37.0150864587469,313.610440935547</coordinates>
      <altitudeMode>absolute</altitudeMode>
    </Point>
  </Placemark>

  <Placemark>
    <Style>
      <IconStyle>
        <scale>0.308545454545454</scale>
        <color>FFE5341A</color>
        <Icon>
          <href>http://maps.google.com/mapfiles/kml/shapes/placemark_circle.png</href>
        </Icon>
      </IconStyle>
    </Style>
    <Point>
      <coordinates>140.149921451536,37.0150864587469,313.610440935547</coordinates>
      <altitudeMode>absolute</altitudeMode>
    </Point>
  </Placemark>

  <Placemark>
    <Style>
      <IconStyle>
        <scale>0.357272727272727</scale>
        <color>FFE13D1E</color>
        <Icon>
          <href>http://maps.google.com/mapfiles/kml/shapes/placemark_circle.png</href>
        </Icon>
      </IconStyle>
    </Style>
    <Point>
      <coordinates>140.149934201753,37.0150790037895,312.810440909947</coordinates>
      <altitudeMode>absolute</altitudeMode>
    </Point>
  </Placemark>

  <Placemark>
    <Style>
      <IconStyle>
        <scale>0.357272727272727</scale>
        <color>FFE13D1E</color>
        <Icon>
          <href>http://maps.google.com/mapfiles/kml/shapes/placemark_circle.png</href>
        </Icon>
      </IconStyle>
    </Style>
    <Point>
      <coordinates>140.149934201753,37.0150790037895,312.810440909947</coordinates>
      <altitudeMode>absolute</altitudeMode>
    </Point>
  </Placemark>

  <Placemark>
    <Style>
      <IconStyle>
        <scale>0.459090909090909</scale>
        <color>FFD84E27</color>
        <Icon>
          <href>http://maps.google.com/mapfiles/kml/shapes/placemark_circle.png</href>
        </Icon>
      </IconStyle>
    </Style>
    <Point>
      <coordinates>140.149947736562,37.0150724918056,312.010440884347</coordinates>
      <altitudeMode>absolute</altitudeMode>
    </Point>
  </Placemark>

  <Placemark>
    <Style>
      <IconStyle>
        <scale>0.459090909090909</scale>
        <color>FFD84E27</color>
        <Icon>
          <href>http://maps.google.com/mapfiles/kml/shapes/placemark_circle.png</href>
        </Icon>
      </IconStyle>
    </Style>
    <Point>
      <coordinates>140.149947736562,37.0150724918056,312.010440884347</coordinates>
      <altitudeMode>absolute</altitudeMode>
    </Point>
  </Placemark>

  <Placemark>
    <Style>
      <IconStyle>
        <scale>0.538181818181818</scale>
        <color>FFD15B2E</color>
        <Icon>
          <href>http://maps.google.com/mapfiles/kml/shapes/placemark_circle.png</href>
        </Icon>
      </IconStyle>
    </Style>
    <Point>
      <coordinates>140.149961970407,37.0150650866668,311.310440861947</coordinates>
      <altitudeMode>absolute</altitudeMode>
    </Point>
  </Placemark>

  <Placemark>
    <Style>
      <IconStyle>
        <scale>0.538181818181818</scale>
        <color>FFD15B2E</color>
        <Icon>
          <href>http://maps.google.com/mapfiles/kml/shapes/placemark_circle.png</href>
        </Icon>
      </IconStyle>
    </Style>
    <Point>
      <coordinates>140.149961970407,37.0150650866668,311.310440861947</coordinates>
      <altitudeMode>absolute</altitudeMode>
    </Point>
  </Placemark>

  <Placemark>
    <Style>
      <IconStyle>
        <scale>0.664727272727273</scale>
        <color>FFC67139</color>
        <Icon>
          <href>http://maps.google.com/mapfiles/kml/shapes/placemark_circle.png</href>
        </Icon>
      </IconStyle>
    </Style>
    <Point>
      <coordinates>140.14997454169,37.015058432577,310.410440833147</coordinates>
      <altitudeMode>absolute</altitudeMode>
    </Point>
  </Placemark>

  <Placemark>
    <Style>
      <IconStyle>
        <scale>0.664727272727273</scale>
        <color>FFC67139</color>
        <Icon>
          <href>http://maps.google.com/mapfiles/kml/shapes/placemark_circle.png</href>
        </Icon>
      </IconStyle>
    </Style>
    <Point>
      <coordinates>140.14997454169,37.015058432577,310.410440833147</coordinates>
      <altitudeMode>absolute</altitudeMode>
    </Point>
  </Placemark>

  <Placemark>
    <Style>
      <IconStyle>
        <scale>0.693090909090909</scale>
        <color>FFC4763B</color>
        <Icon>
          <href>http://maps.google.com/mapfiles/kml/shapes/placemark_circle.png</href>
        </Icon>
      </IconStyle>
    </Style>
    <Point>
      <coordinates>140.149987584834,37.0150520367296,309.710440810747</coordinates>
      <altitudeMode>absolute</altitudeMode>
    </Point>
  </Placemark>

  <Placemark>
    <Style>
      <IconStyle>
        <scale>0.693090909090909</scale>
        <color>FFC4763B</color>
        <Icon>
          <href>http://maps.google.com/mapfiles/kml/shapes/placemark_circle.png</href>
        </Icon>
      </IconStyle>
    </Style>
    <Point>
      <coordinates>140.149987584834,37.0150520367296,309.710440810747</coordinates>
      <altitudeMode>absolute</altitudeMode>
    </Point>
  </Placemark>

  <Placemark>
    <Style>
      <IconStyle>
        <scale>0.785454545454545</scale>
        <color>FFBC8643</color>
        <Icon>
          <href>http://maps.google.com/mapfiles/kml/shapes/placemark_circle.png</href>
        </Icon>
      </IconStyle>
    </Style>
    <Point>
      <coordinates>140.150000516389,37.0150449982575,309.310440797947</coordinates>
      <altitudeMode>absolute</altitudeMode>
    </Point>
  </Placemark>

  <Placemark>
    <Style>
      <IconStyle>
        <scale>0.785454545454545</scale>
        <color>FFBC8643</color>
        <Icon>
          <href>http://maps.google.com/mapfiles/kml/shapes/placemark_circle.png</href>
        </Icon>
      </IconStyle>
    </Style>
    <Point>
      <coordinates>140.150000516389,37.0150449982575,309.310440797947</coordinates>
      <altitudeMode>absolute</altitudeMode>
    </Point>
  </Placemark>

  <Placemark>
    <Style>
      <IconStyle>
        <scale>0.808545454545455</scale>
        <color>FFBA8945</color>
        <Icon>
          <href>http://maps.google.com/mapfiles/kml/shapes/placemark_circle.png</href>
        </Icon>
      </IconStyle>
    </Style>
    <Point>
      <coordinates>140.150003632876,37.0150428313744,309.310440797947</coordinates>
      <altitudeMode>absolute</altitudeMode>
    </Point>
  </Placemark>

  <Placemark>
    <Style>
      <IconStyle>
        <scale>0.808545454545455</scale>
        <color>FFBA8945</color>
        <Icon>
          <href>http://maps.google.com/mapfiles/kml/shapes/placemark_circle.png</href>
        </Icon>
      </IconStyle>
    </Style>
    <Point>
      <coordinates>140.150003632876,37.0150428313744,309.310440797947</coordinates>
      <altitudeMode>absolute</altitudeMode>
    </Point>
  </Placemark>

  <Placemark>
    <Style>
      <IconStyle>
        <scale>0.800363636363636</scale>
        <color>FFBB8844</color>
        <Icon>
          <href>http://maps.google.com/mapfiles/kml/shapes/placemark_circle.png</href>
        </Icon>
      </IconStyle>
    </Style>
    <Point>
      <coordinates>140.150003594534,37.0150428196682,309.210440794747</coordinates>
      <altitudeMode>absolute</altitudeMode>
    </Point>
  </Placemark>

  <Placemark>
    <Style>
      <IconStyle>
        <scale>0.800363636363636</scale>
        <color>FFBB8844</color>
        <Icon>
          <href>http://maps.google.com/mapfiles/kml/shapes/placemark_circle.png</href>
        </Icon>
      </IconStyle>
    </Style>
    <Point>
      <coordinates>140.150003594534,37.0150428196682,309.210440794747</coordinates>
      <altitudeMode>absolute</altitudeMode>
    </Point>
  </Placemark>

  <Placemark>
    <Style>
      <IconStyle>
        <scale>0.816</scale>
        <color>FFBA8B45</color>
        <Icon>
          <href>http://maps.google.com/mapfiles/kml/shapes/placemark_circle.png</href>
        </Icon>
      </IconStyle>
    </Style>
    <Point>
      <coordinates>140.15000374533,37.0150428594041,309.210440794747</coordinates>
      <altitudeMode>absolute</altitudeMode>
    </Point>
  </Placemark>

  <Placemark>
    <Style>
      <IconStyle>
        <scale>0.816</scale>
        <color>FFBA8B45</color>
        <Icon>
          <href>http://maps.google.com/mapfiles/kml/shapes/placemark_circle.png</href>
        </Icon>
      </IconStyle>
    </Style>
    <Point>
      <coordinates>140.15000374533,37.0150428594041,309.210440794747</coordinates>
      <altitudeMode>absolute</altitudeMode>
    </Point>
  </Placemark>

  <Placemark>
    <Style>
      <IconStyle>
        <scale>0.886545454545455</scale>
        <color>FFB4974B</color>
        <Icon>
          <href>http://maps.google.com/mapfiles/kml/shapes/placemark_circle.png</href>
        </Icon>
      </IconStyle>
    </Style>
    <Point>
      <coordinates>140.150003837474,37.0150431596031,309.110440791547</coordinates>
      <altitudeMode>absolute</altitudeMode>
    </Point>
  </Placemark>

  <Placemark>
    <Style>
      <IconStyle>
        <scale>0.886545454545455</scale>
        <color>FFB4974B</color>
        <Icon>
          <href>http://maps.google.com/mapfiles/kml/shapes/placemark_circle.png</href>
        </Icon>
      </IconStyle>
    </Style>
    <Point>
      <coordinates>140.150003837474,37.0150431596031,309.110440791547</coordinates>
      <altitudeMode>absolute</altitudeMode>
    </Point>
  </Placemark>

  <Placemark>
    <Style>
      <IconStyle>
        <scale>0.818</scale>
        <color>FFB98B46</color>
        <Icon>
          <href>http://maps.google.com/mapfiles/kml/shapes/placemark_circle.png</href>
        </Icon>
      </IconStyle>
    </Style>
    <Point>
      <coordinates>140.150002900936,37.0150438901267,309.110440791547</coordinates>
      <altitudeMode>absolute</altitudeMode>
    </Point>
  </Placemark>

  <Placemark>
    <Style>
      <IconStyle>
        <scale>0.818</scale>
        <color>FFB98B46</color>
        <Icon>
          <href>http://maps.google.com/mapfiles/kml/shapes/placemark_circle.png</href>
        </Icon>
      </IconStyle>
    </Style>
    <Point>
      <coordinates>140.150002900936,37.0150438901267,309.110440791547</coordinates>
      <altitudeMode>absolute</altitudeMode>
    </Point>
  </Placemark>

  <Placemark>
    <Style>
      <IconStyle>
        <scale>0.780363636363636</scale>
        <color>FFBD8542</color>
        <Icon>
          <href>http://maps.google.com/mapfiles/kml/shapes/placemark_circle.png</href>
        </Icon>
      </IconStyle>
    </Style>
    <Point>
      <coordinates>140.150003014795,37.0150444769435,309.010440788347</coordinates>
      <altitudeMode>absolute</altitudeMode>
    </Point>
  </Placemark>

  <Placemark>
    <Style>
      <IconStyle>
        <scale>0.780363636363636</scale>
        <color>FFBD8542</color>
        <Icon>
          <href>http://maps.google.com/mapfiles/kml/shapes/placemark_circle.png</href>
        </Icon>
      </IconStyle>
    </Style>
    <Point>
      <coordinates>140.150003014795,37.0150444769435,309.010440788347</coordinates>
      <altitudeMode>absolute</altitudeMode>
    </Point>
  </Placemark>

  <Placemark>
    <Style>
      <IconStyle>
        <scale>0.702727272727273</scale>
        <color>FFC3773C</color>
        <Icon>
          <href>http://maps.google.com/mapfiles/kml/shapes/placemark_circle.png</href>
        </Icon>
      </IconStyle>
    </Style>
    <Point>
      <coordinates>140.150005061783,37.0150474215647,309.110440791547</coordinates>
      <altitudeMode>absolute</altitudeMode>
    </Point>
  </Placemark>

  <Placemark>
    <Style>
      <IconStyle>
        <scale>0.702727272727273</scale>
        <color>FFC3773C</color>
        <Icon>
          <href>http://maps.google.com/mapfiles/kml/shapes/placemark_circle.png</href>
        </Icon>
      </IconStyle>
    </Style>
    <Point>
      <coordinates>140.150005061783,37.0150474215647,309.110440791547</coordinates>
      <altitudeMode>absolute</altitudeMode>
    </Point>
  </Placemark>

  <Placemark>
    <Style>
      <IconStyle>
        <scale>0.632727272727273</scale>
        <color>FFC96C36</color>
        <Icon>
          <href>http://maps.google.com/mapfiles/kml/shapes/placemark_circle.png</href>
        </Icon>
      </IconStyle>
    </Style>
    <Point>
      <coordinates>140.150009019605,37.0150518209301,309.410440801147</coordinates>
      <altitudeMode>absolute</altitudeMode>
    </Point>
  </Placemark>

  <Placemark>
    <Style>
      <IconStyle>
        <scale>0.632727272727273</scale>
        <color>FFC96C36</color>
        <Icon>
          <href>http://maps.google.com/mapfiles/kml/shapes/placemark_circle.png</href>
        </Icon>
      </IconStyle>
    </Style>
    <Point>
      <coordinates>140.150009019605,37.0150518209301,309.410440801147</coordinates>
      <altitudeMode>absolute</altitudeMode>
    </Point>
  </Placemark>

  <Placemark>
    <Style>
      <IconStyle>
        <scale>0.746909090909091</scale>
        <color>FFC07F3F</color>
        <Icon>
          <href>http://maps.google.com/mapfiles/kml/shapes/placemark_circle.png</href>
        </Icon>
      </IconStyle>
    </Style>
    <Point>
      <coordinates>140.150012504659,37.0150565598803,309.710440810747</coordinates>
      <altitudeMode>absolute</altitudeMode>
    </Point>
  </Placemark>

  <Placemark>
    <Style>
      <IconStyle>
        <scale>0.746909090909091</scale>
        <color>FFC07F3F</color>
        <Icon>
          <href>http://maps.google.com/mapfiles/kml/shapes/placemark_circle.png</href>
        </Icon>
      </IconStyle>
    </Style>
    <Point>
      <coordinates>140.150012504659,37.0150565598803,309.710440810747</coordinates>
      <altitudeMode>absolute</altitudeMode>
    </Point>
  </Placemark>

  <Placemark>
    <Style>
      <IconStyle>
        <scale>0.802</scale>
        <color>FFBB8844</color>
        <Icon>
          <href>http://maps.google.com/mapfiles/kml/shapes/placemark_circle.png</href>
        </Icon>
      </IconStyle>
    </Style>
    <Point>
      <coordinates>140.150016941699,37.0150621676735,310.010440820347</coordinates>
      <altitudeMode>absolute</altitudeMode>
    </Point>
  </Placemark>

  <Placemark>
    <Style>
      <IconStyle>
        <scale>0.802</scale>
        <color>FFBB8844</color>
        <Icon>
          <href>http://maps.google.com/mapfiles/kml/shapes/placemark_circle.png</href>
        </Icon>
      </IconStyle>
    </Style>
    <Point>
      <coordinates>140.150016941699,37.0150621676735,310.010440820347</coordinates>
      <altitudeMode>absolute</altitudeMode>
    </Point>
  </Placemark>

  <Placemark>
    <Style>
      <IconStyle>
        <scale>0.766181818181818</scale>
        <color>FFBE8241</color>
        <Icon>
          <href>http://maps.google.com/mapfiles/kml/shapes/placemark_circle.png</href>
        </Icon>
      </IconStyle>
    </Style>
    <Point>
      <coordinates>140.150022387979,37.0150685442206,310.510440836347</coordinates>
      <altitudeMode>absolute</altitudeMode>
    </Point>
  </Placemark>

  <Placemark>
    <Style>
      <IconStyle>
        <scale>0.766181818181818</scale>
        <color>FFBE8241</color>
        <Icon>
          <href>http://maps.google.com/mapfiles/kml/shapes/placemark_circle.png</href>
        </Icon>
      </IconStyle>
    </Style>
    <Point>
      <coordinates>140.150022387979,37.0150685442206,310.510440836347</coordinates>
      <altitudeMode>absolute</altitudeMode>
    </Point>
  </Placemark>

  <Placemark>
    <Style>
      <IconStyle>
        <scale>0.804909090909091</scale>
        <color>FFBB8944</color>
        <Icon>
          <href>http://maps.google.com/mapfiles/kml/shapes/placemark_circle.png</href>
        </Icon>
      </IconStyle>
    </Style>
    <Point>
      <coordinates>140.150028134084,37.0150753867912,311.010440852347</coordinates>
      <altitudeMode>absolute</altitudeMode>
    </Point>
  </Placemark>

  <Placemark>
    <Style>
      <IconStyle>
        <scale>0.804909090909091</scale>
        <color>FFBB8944</color>
        <Icon>
          <href>http://maps.google.com/mapfiles/kml/shapes/placemark_circle.png</href>
        </Icon>
      </IconStyle>
    </Style>
    <Point>
      <coordinates>140.150028134084,37.0150753867912,311.010440852347</coordinates>
      <altitudeMode>absolute</altitudeMode>
    </Point>
  </Placemark>

  <Placemark>
    <Style>
      <IconStyle>
        <scale>0.962909090909091</scale>
        <color>FFADA452</color>
        <Icon>
          <href>http://maps.google.com/mapfiles/kml/shapes/placemark_circle.png</href>
        </Icon>
      </IconStyle>
    </Style>
    <Point>
      <coordinates>140.150033767913,37.0150826882964,311.610440871547</coordinates>
      <altitudeMode>absolute</altitudeMode>
    </Point>
  </Placemark>

  <Placemark>
    <Style>
      <IconStyle>
        <scale>0.962909090909091</scale>
        <color>FFADA452</color>
        <Icon>
          <href>http://maps.google.com/mapfiles/kml/shapes/placemark_circle.png</href>
        </Icon>
      </IconStyle>
    </Style>
    <Point>
      <coordinates>140.150033767913,37.0150826882964,311.610440871547</coordinates>
      <altitudeMode>absolute</altitudeMode>
    </Point>
  </Placemark>

  <Placemark>
    <Style>
      <IconStyle>
        <scale>1.09636363636364</scale>
        <color>FFA2BA5D</color>
        <Icon>
          <href>http://maps.google.com/mapfiles/kml/shapes/placemark_circle.png</href>
        </Icon>
      </IconStyle>
    </Style>
    <Point>
      <coordinates>140.150038967215,37.0150896301915,312.310440893947</coordinates>
      <altitudeMode>absolute</altitudeMode>
    </Point>
  </Placemark>

  <Placemark>
    <Style>
      <IconStyle>
        <scale>1.09636363636364</scale>
        <color>FFA2BA5D</color>
        <Icon>
          <href>http://maps.google.com/mapfiles/kml/shapes/placemark_circle.png</href>
        </Icon>
      </IconStyle>
    </Style>
    <Point>
      <coordinates>140.150038967215,37.0150896301915,312.310440893947</coordinates>
      <altitudeMode>absolute</altitudeMode>
    </Point>
  </Placemark>

  <Placemark>
    <Style>
      <IconStyle>
        <scale>1.10890909090909</scale>
        <color>FFA1BD5E</color>
        <Icon>
          <href>http://maps.google.com/mapfiles/kml/shapes/placemark_circle.png</href>
        </Icon>
      </IconStyle>
    </Style>
    <Point>
      <coordinates>140.150044877486,37.0150964529991,312.910440913147</coordinates>
      <altitudeMode>absolute</altitudeMode>
    </Point>
  </Placemark>

  <Placemark>
    <Style>
      <IconStyle>
        <scale>1.10890909090909</scale>
        <color>FFA1BD5E</color>
        <Icon>
          <href>http://maps.google.com/mapfiles/kml/shapes/placemark_circle.png</href>
        </Icon>
      </IconStyle>
    </Style>
    <Point>
      <coordinates>140.150044877486,37.0150964529991,312.910440913147</coordinates>
      <altitudeMode>absolute</altitudeMode>
    </Point>
  </Placemark>

  <Placemark>
    <Style>
      <IconStyle>
        <scale>1.10981818181818</scale>
        <color>FFA1BD5E</color>
        <Icon>
          <href>http://maps.google.com/mapfiles/kml/shapes/placemark_circle.png</href>
        </Icon>
      </IconStyle>
    </Style>
    <Point>
      <coordinates>140.150050807147,37.0151034881838,313.510440932347</coordinates>
      <altitudeMode>absolute</altitudeMode>
    </Point>
  </Placemark>

  <Placemark>
    <Style>
      <IconStyle>
        <scale>1.10981818181818</scale>
        <color>FFA1BD5E</color>
        <Icon>
          <href>http://maps.google.com/mapfiles/kml/shapes/placemark_circle.png</href>
        </Icon>
      </IconStyle>
    </Style>
    <Point>
      <coordinates>140.150050807147,37.0151034881838,313.510440932347</coordinates>
      <altitudeMode>absolute</altitudeMode>
    </Point>
  </Placemark>

  <Placemark>
    <Style>
      <IconStyle>
        <scale>1.09454545454545</scale>
        <color>FFA2BA5D</color>
        <Icon>
          <href>http://maps.google.com/mapfiles/kml/shapes/placemark_circle.png</href>
        </Icon>
      </IconStyle>
    </Style>
    <Point>
      <coordinates>140.150057448649,37.0151113684565,314.110440951547</coordinates>
      <altitudeMode>absolute</altitudeMode>
    </Point>
  </Placemark>

  <Placemark>
    <Style>
      <IconStyle>
        <scale>1.09454545454545</scale>
        <color>FFA2BA5D</color>
        <Icon>
          <href>http://maps.google.com/mapfiles/kml/shapes/placemark_circle.png</href>
        </Icon>
      </IconStyle>
    </Style>
    <Point>
      <coordinates>140.150057448649,37.0151113684565,314.110440951547</coordinates>
      <altitudeMode>absolute</altitudeMode>
    </Point>
  </Placemark>

  <Placemark>
    <Style>
      <IconStyle>
        <scale>1.22454545454545</scale>
        <color>FF97D068</color>
        <Icon>
          <href>http://maps.google.com/mapfiles/kml/shapes/placemark_circle.png</href>
        </Icon>
      </IconStyle>
    </Style>
    <Point>
      <coordinates>140.150063853132,37.0151191387264,314.810440973947</coordinates>
      <altitudeMode>absolute</altitudeMode>
    </Point>
  </Placemark>

  <Placemark>
    <Style>
      <IconStyle>
        <scale>1.22454545454545</scale>
        <color>FF97D068</color>
        <Icon>
          <href>http://maps.google.com/mapfiles/kml/shapes/placemark_circle.png</href>
        </Icon>
      </IconStyle>
    </Style>
    <Point>
      <coordinates>140.150063853132,37.0151191387264,314.810440973947</coordinates>
      <altitudeMode>absolute</altitudeMode>
    </Point>
  </Placemark>

  <Placemark>
    <Style>
      <IconStyle>
        <scale>1.24381818181818</scale>
        <color>FF95D36A</color>
        <Icon>
          <href>http://maps.google.com/mapfiles/kml/shapes/placemark_circle.png</href>
        </Icon>
      </IconStyle>
    </Style>
    <Point>
      <coordinates>140.150069965487,37.0151270507124,315.510440996347</coordinates>
      <altitudeMode>absolute</altitudeMode>
    </Point>
  </Placemark>

  <Placemark>
    <Style>
      <IconStyle>
        <scale>1.24381818181818</scale>
        <color>FF95D36A</color>
        <Icon>
          <href>http://maps.google.com/mapfiles/kml/shapes/placemark_circle.png</href>
        </Icon>
      </IconStyle>
    </Style>
    <Point>
      <coordinates>140.150069965487,37.0151270507124,315.510440996347</coordinates>
      <altitudeMode>absolute</altitudeMode>
    </Point>
  </Placemark>

  <Placemark>
    <Style>
      <IconStyle>
        <scale>1.02618181818182</scale>
        <color>FFA8AE57</color>
        <Icon>
          <href>http://maps.google.com/mapfiles/kml/shapes/placemark_circle.png</href>
        </Icon>
      </IconStyle>
    </Style>
    <Point>
      <coordinates>140.150076397575,37.0151352691831,316.110441015547</coordinates>
      <altitudeMode>absolute</altitudeMode>
    </Point>
  </Placemark>

  <Placemark>
    <Style>
      <IconStyle>
        <scale>1.02618181818182</scale>
        <color>FFA8AE57</color>
        <Icon>
          <href>http://maps.google.com/mapfiles/kml/shapes/placemark_circle.png</href>
        </Icon>
      </IconStyle>
    </Style>
    <Point>
      <coordinates>140.150076397575,37.0151352691831,316.110441015547</coordinates>
      <altitudeMode>absolute</altitudeMode>
    </Point>
  </Placemark>

  <Placemark>
    <Style>
      <IconStyle>
        <scale>0.923818181818182</scale>
        <color>FFB09D4F</color>
        <Icon>
          <href>http://maps.google.com/mapfiles/kml/shapes/placemark_circle.png</href>
        </Icon>
      </IconStyle>
    </Style>
    <Point>
      <coordinates>140.150084145512,37.0151442379104,316.710441034747</coordinates>
      <altitudeMode>absolute</altitudeMode>
    </Point>
  </Placemark>

  <Placemark>
    <Style>
      <IconStyle>
        <scale>0.923818181818182</scale>
        <color>FFB09D4F</color>
        <Icon>
          <href>http://maps.google.com/mapfiles/kml/shapes/placemark_circle.png</href>
        </Icon>
      </IconStyle>
    </Style>
    <Point>
      <coordinates>140.150084145512,37.0151442379104,316.710441034747</coordinates>
      <altitudeMode>absolute</altitudeMode>
    </Point>
  </Placemark>

  <Placemark>
    <Style>
      <IconStyle>
        <scale>0.936909090909091</scale>
        <color>FFAF9F50</color>
        <Icon>
          <href>http://maps.google.com/mapfiles/kml/shapes/placemark_circle.png</href>
        </Icon>
      </IconStyle>
    </Style>
    <Point>
      <coordinates>140.150092126571,37.0151540475539,317.310441053947</coordinates>
      <altitudeMode>absolute</altitudeMode>
    </Point>
  </Placemark>

  <Placemark>
    <Style>
      <IconStyle>
        <scale>0.936909090909091</scale>
        <color>FFAF9F50</color>
        <Icon>
          <href>http://maps.google.com/mapfiles/kml/shapes/placemark_circle.png</href>
        </Icon>
      </IconStyle>
    </Style>
    <Point>
      <coordinates>140.150092126571,37.0151540475539,317.310441053947</coordinates>
      <altitudeMode>absolute</altitudeMode>
    </Point>
  </Placemark>

  <Placemark>
    <Style>
      <IconStyle>
        <scale>0.927636363636364</scale>
        <color>FFB09E4F</color>
        <Icon>
          <href>http://maps.google.com/mapfiles/kml/shapes/placemark_circle.png</href>
        </Icon>
      </IconStyle>
    </Style>
    <Point>
      <coordinates>140.150101009071,37.0151653724022,317.810441069947</coordinates>
      <altitudeMode>absolute</altitudeMode>
    </Point>
  </Placemark>

  <Placemark>
    <Style>
      <IconStyle>
        <scale>0.927636363636364</scale>
        <color>FFB09E4F</color>
        <Icon>
          <href>http://maps.google.com/mapfiles/kml/shapes/placemark_circle.png</href>
        </Icon>
      </IconStyle>
    </Style>
    <Point>
      <coordinates>140.150101009071,37.0151653724022,317.810441069947</coordinates>
      <altitudeMode>absolute</altitudeMode>
    </Point>
  </Placemark>

  <Placemark>
    <Style>
      <IconStyle>
        <scale>0.767818181818182</scale>
        <color>FFBE8341</color>
        <Icon>
          <href>http://maps.google.com/mapfiles/kml/shapes/placemark_circle.png</href>
        </Icon>
      </IconStyle>
    </Style>
    <Point>
      <coordinates>140.150112829121,37.0151794677343,318.310441085947</coordinates>
      <altitudeMode>absolute</altitudeMode>
    </Point>
  </Placemark>

  <Placemark>
    <Style>
      <IconStyle>
        <scale>0.767818181818182</scale>
        <color>FFBE8341</color>
        <Icon>
          <href>http://maps.google.com/mapfiles/kml/shapes/placemark_circle.png</href>
        </Icon>
      </IconStyle>
    </Style>
    <Point>
      <coordinates>140.150112829121,37.0151794677343,318.310441085947</coordinates>
      <altitudeMode>absolute</altitudeMode>
    </Point>
  </Placemark>

  <Placemark>
    <Style>
      <IconStyle>
        <scale>0.710727272727273</scale>
        <color>FFC3793C</color>
        <Icon>
          <href>http://maps.google.com/mapfiles/kml/shapes/placemark_circle.png</href>
        </Icon>
      </IconStyle>
    </Style>
    <Point>
      <coordinates>140.150126274121,37.0151957439506,319.410441121147</coordinates>
      <altitudeMode>absolute</altitudeMode>
    </Point>
  </Placemark>

  <Placemark>
    <Style>
      <IconStyle>
        <scale>0.710727272727273</scale>
        <color>FFC3793C</color>
        <Icon>
          <href>http://maps.google.com/mapfiles/kml/shapes/placemark_circle.png</href>
        </Icon>
      </IconStyle>
    </Style>
    <Point>
      <coordinates>140.150126274121,37.0151957439506,319.410441121147</coordinates>
      <altitudeMode>absolute</altitudeMode>
    </Point>
  </Placemark>

  <Placemark>
    <Style>
      <IconStyle>
        <scale>0.624727272727273</scale>
        <color>FFCA6A35</color>
        <Icon>
          <href>http://maps.google.com/mapfiles/kml/shapes/placemark_circle.png</href>
        </Icon>
      </IconStyle>
    </Style>
    <Point>
      <coordinates>140.150140851125,37.0152133988468,320.510441156347</coordinates>
      <altitudeMode>absolute</altitudeMode>
    </Point>
  </Placemark>

  <Placemark>
    <Style>
      <IconStyle>
        <scale>0.624727272727273</scale>
        <color>FFCA6A35</color>
        <Icon>
          <href>http://maps.google.com/mapfiles/kml/shapes/placemark_circle.png</href>
        </Icon>
      </IconStyle>
    </Style>
    <Point>
      <coordinates>140.150140851125,37.0152133988468,320.510441156347</coordinates>
      <altitudeMode>absolute</altitudeMode>
    </Point>
  </Placemark>

  <Placemark>
    <Style>
      <IconStyle>
        <scale>0.690181818181818</scale>
        <color>FFC4753B</color>
        <Icon>
          <href>http://maps.google.com/mapfiles/kml/shapes/placemark_circle.png</href>
        </Icon>
      </IconStyle>
    </Style>
    <Point>
      <coordinates>140.150155876187,37.0152313805389,322.210441210747</coordinates>
      <altitudeMode>absolute</altitudeMode>
    </Point>
  </Placemark>

  <Placemark>
    <Style>
      <IconStyle>
        <scale>0.690181818181818</scale>
        <color>FFC4753B</color>
        <Icon>
          <href>http://maps.google.com/mapfiles/kml/shapes/placemark_circle.png</href>
        </Icon>
      </IconStyle>
    </Style>
    <Point>
      <coordinates>140.150155876187,37.0152313805389,322.210441210747</coordinates>
      <altitudeMode>absolute</altitudeMode>
    </Point>
  </Placemark>

  <Placemark>
    <Style>
      <IconStyle>
        <scale>0.788</scale>
        <color>FFBC8643</color>
        <Icon>
          <href>http://maps.google.com/mapfiles/kml/shapes/placemark_circle.png</href>
        </Icon>
      </IconStyle>
    </Style>
    <Point>
      <coordinates>140.15017072412,37.0152498236758,323.710441258747</coordinates>
      <altitudeMode>absolute</altitudeMode>
    </Point>
  </Placemark>

  <Placemark>
    <Style>
      <IconStyle>
        <scale>0.788</scale>
        <color>FFBC8643</color>
        <Icon>
          <href>http://maps.google.com/mapfiles/kml/shapes/placemark_circle.png</href>
        </Icon>
      </IconStyle>
    </Style>
    <Point>
      <coordinates>140.15017072412,37.0152498236758,323.710441258747</coordinates>
      <altitudeMode>absolute</altitudeMode>
    </Point>
  </Placemark>

  <Placemark>
    <Style>
      <IconStyle>
        <scale>0.630727272727273</scale>
        <color>FFC96B36</color>
        <Icon>
          <href>http://maps.google.com/mapfiles/kml/shapes/placemark_circle.png</href>
        </Icon>
      </IconStyle>
    </Style>
    <Point>
      <coordinates>140.150185682793,37.0152683789998,325.010441300347</coordinates>
      <altitudeMode>absolute</altitudeMode>
    </Point>
  </Placemark>

  <Placemark>
    <Style>
      <IconStyle>
        <scale>0.630727272727273</scale>
        <color>FFC96B36</color>
        <Icon>
          <href>http://maps.google.com/mapfiles/kml/shapes/placemark_circle.png</href>
        </Icon>
      </IconStyle>
    </Style>
    <Point>
      <coordinates>140.150185682793,37.0152683789998,325.010441300347</coordinates>
      <altitudeMode>absolute</altitudeMode>
    </Point>
  </Placemark>

  <Placemark>
    <Style>
      <IconStyle>
        <scale>0.829090909090909</scale>
        <color>FFB98D46</color>
        <Icon>
          <href>http://maps.google.com/mapfiles/kml/shapes/placemark_circle.png</href>
        </Icon>
      </IconStyle>
    </Style>
    <Point>
      <coordinates>140.150200557977,37.0152862439473,326.510441348347</coordinates>
      <altitudeMode>absolute</altitudeMode>
    </Point>
  </Placemark>

  <Placemark>
    <Style>
      <IconStyle>
        <scale>0.829090909090909</scale>
        <color>FFB98D46</color>
        <Icon>
          <href>http://maps.google.com/mapfiles/kml/shapes/placemark_circle.png</href>
        </Icon>
      </IconStyle>
    </Style>
    <Point>
      <coordinates>140.150200557977,37.0152862439473,326.510441348347</coordinates>
      <altitudeMode>absolute</altitudeMode>
    </Point>
  </Placemark>

  <Placemark>
    <Style>
      <IconStyle>
        <scale>0.969454545454546</scale>
        <color>FFADA552</color>
        <Icon>
          <href>http://maps.google.com/mapfiles/kml/shapes/placemark_circle.png</href>
        </Icon>
      </IconStyle>
    </Style>
    <Point>
      <coordinates>140.150216154453,37.0153054201734,327.510441380347</coordinates>
      <altitudeMode>absolute</altitudeMode>
    </Point>
  </Placemark>

  <Placemark>
    <Style>
      <IconStyle>
        <scale>0.969454545454546</scale>
        <color>FFADA552</color>
        <Icon>
          <href>http://maps.google.com/mapfiles/kml/shapes/placemark_circle.png</href>
        </Icon>
      </IconStyle>
    </Style>
    <Point>
      <coordinates>140.150216154453,37.0153054201734,327.510441380347</coordinates>
      <altitudeMode>absolute</altitudeMode>
    </Point>
  </Placemark>

  <Placemark>
    <Style>
      <IconStyle>
        <scale>1.03690909090909</scale>
        <color>FFA7B058</color>
        <Icon>
          <href>http://maps.google.com/mapfiles/kml/shapes/placemark_circle.png</href>
        </Icon>
      </IconStyle>
    </Style>
    <Point>
      <coordinates>140.150232057038,37.0153252083923,328.810441421947</coordinates>
      <altitudeMode>absolute</altitudeMode>
    </Point>
  </Placemark>

  <Placemark>
    <Style>
      <IconStyle>
        <scale>1.03690909090909</scale>
        <color>FFA7B058</color>
        <Icon>
          <href>http://maps.google.com/mapfiles/kml/shapes/placemark_circle.png</href>
        </Icon>
      </IconStyle>
    </Style>
    <Point>
      <coordinates>140.150232057038,37.0153252083923,328.810441421947</coordinates>
      <altitudeMode>absolute</altitudeMode>
    </Point>
  </Placemark>

  <Placemark>
    <Style>
      <IconStyle>
        <scale>0.964909090909091</scale>
        <color>FFADA452</color>
        <Icon>
          <href>http://maps.google.com/mapfiles/kml/shapes/placemark_circle.png</href>
        </Icon>
      </IconStyle>
    </Style>
    <Point>
      <coordinates>140.150247475656,37.0153448121738,330.310441469947</coordinates>
      <altitudeMode>absolute</altitudeMode>
    </Point>
  </Placemark>

  <Placemark>
    <Style>
      <IconStyle>
        <scale>0.964909090909091</scale>
        <color>FFADA452</color>
        <Icon>
          <href>http://maps.google.com/mapfiles/kml/shapes/placemark_circle.png</href>
        </Icon>
      </IconStyle>
    </Style>
    <Point>
      <coordinates>140.150247475656,37.0153448121738,330.310441469947</coordinates>
      <altitudeMode>absolute</altitudeMode>
    </Point>
  </Placemark>

  <Placemark>
    <Style>
      <IconStyle>
        <scale>0.971090909090909</scale>
        <color>FFACA553</color>
        <Icon>
          <href>http://maps.google.com/mapfiles/kml/shapes/placemark_circle.png</href>
        </Icon>
      </IconStyle>
    </Style>
    <Point>
      <coordinates>140.150262866895,37.0153642173489,332.110441527547</coordinates>
      <altitudeMode>absolute</altitudeMode>
    </Point>
  </Placemark>

  <Placemark>
    <Style>
      <IconStyle>
        <scale>0.971090909090909</scale>
        <color>FFACA553</color>
        <Icon>
          <href>http://maps.google.com/mapfiles/kml/shapes/placemark_circle.png</href>
        </Icon>
      </IconStyle>
    </Style>
    <Point>
      <coordinates>140.150262866895,37.0153642173489,332.110441527547</coordinates>
      <altitudeMode>absolute</altitudeMode>
    </Point>
  </Placemark>

  <Placemark>
    <Style>
      <IconStyle>
        <scale>1.08745454545455</scale>
        <color>FFA3B95C</color>
        <Icon>
          <href>http://maps.google.com/mapfiles/kml/shapes/placemark_circle.png</href>
        </Icon>
      </IconStyle>
    </Style>
    <Point>
      <coordinates>140.15027898935,37.0153841099938,333.910441585147</coordinates>
      <altitudeMode>absolute</altitudeMode>
    </Point>
  </Placemark>

  <Placemark>
    <Style>
      <IconStyle>
        <scale>1.08745454545455</scale>
        <color>FFA3B95C</color>
        <Icon>
          <href>http://maps.google.com/mapfiles/kml/shapes/placemark_circle.png</href>
        </Icon>
      </IconStyle>
    </Style>
    <Point>
      <coordinates>140.15027898935,37.0153841099938,333.910441585147</coordinates>
      <altitudeMode>absolute</altitudeMode>
    </Point>
  </Placemark>

  <Placemark>
    <Style>
      <IconStyle>
        <scale>0.989272727272727</scale>
        <color>FFABA854</color>
        <Icon>
          <href>http://maps.google.com/mapfiles/kml/shapes/placemark_circle.png</href>
        </Icon>
      </IconStyle>
    </Style>
    <Point>
      <coordinates>140.15029569823,37.015403959155,335.610441639547</coordinates>
      <altitudeMode>absolute</altitudeMode>
    </Point>
  </Placemark>

  <Placemark>
    <Style>
      <IconStyle>
        <scale>0.989272727272727</scale>
        <color>FFABA854</color>
        <Icon>
          <href>http://maps.google.com/mapfiles/kml/shapes/placemark_circle.png</href>
        </Icon>
      </IconStyle>
    </Style>
    <Point>
      <coordinates>140.15029569823,37.015403959155,335.610441639547</coordinates>
      <altitudeMode>absolute</altitudeMode>
    </Point>
  </Placemark>

  <Placemark>
    <Style>
      <IconStyle>
        <scale>1.00490909090909</scale>
        <color>FFAAAB55</color>
        <Icon>
          <href>http://maps.google.com/mapfiles/kml/shapes/placemark_circle.png</href>
        </Icon>
      </IconStyle>
    </Style>
    <Point>
      <coordinates>140.150311727884,37.0154242150892,336.810441677947</coordinates>
      <altitudeMode>absolute</altitudeMode>
    </Point>
  </Placemark>

  <Placemark>
    <Style>
      <IconStyle>
        <scale>1.00490909090909</scale>
        <color>FFAAAB55</color>
        <Icon>
          <href>http://maps.google.com/mapfiles/kml/shapes/placemark_circle.png</href>
        </Icon>
      </IconStyle>
    </Style>
    <Point>
      <coordinates>140.150311727884,37.0154242150892,336.810441677947</coordinates>
      <altitudeMode>absolute</altitudeMode>
    </Point>
  </Placemark>

  <Placemark>
    <Style>
      <IconStyle>
        <scale>0.967636363636364</scale>
        <color>FFADA452</color>
        <Icon>
          <href>http://maps.google.com/mapfiles/kml/shapes/placemark_circle.png</href>
        </Icon>
      </IconStyle>
    </Style>
    <Point>
      <coordinates>140.150328205413,37.0154427177976,338.310441725947</coordinates>
      <altitudeMode>absolute</altitudeMode>
    </Point>
  </Placemark>

  <Placemark>
    <Style>
      <IconStyle>
        <scale>0.967636363636364</scale>
        <color>FFADA452</color>
        <Icon>
          <href>http://maps.google.com/mapfiles/kml/shapes/placemark_circle.png</href>
        </Icon>
      </IconStyle>
    </Style>
    <Point>
      <coordinates>140.150328205413,37.0154427177976,338.310441725947</coordinates>
      <altitudeMode>absolute</altitudeMode>
    </Point>
  </Placemark>

  <Placemark>
    <Style>
      <IconStyle>
        <scale>0.853636363636363</scale>
        <color>FFB69149</color>
        <Icon>
          <href>http://maps.google.com/mapfiles/kml/shapes/placemark_circle.png</href>
        </Icon>
      </IconStyle>
    </Style>
    <Point>
      <coordinates>140.150344402969,37.0154613874849,339.710441770747</coordinates>
      <altitudeMode>absolute</altitudeMode>
    </Point>
  </Placemark>

  <Placemark>
    <Style>
      <IconStyle>
        <scale>0.853636363636363</scale>
        <color>FFB69149</color>
        <Icon>
          <href>http://maps.google.com/mapfiles/kml/shapes/placemark_circle.png</href>
        </Icon>
      </IconStyle>
    </Style>
    <Point>
      <coordinates>140.150344402969,37.0154613874849,339.710441770747</coordinates>
      <altitudeMode>absolute</altitudeMode>
    </Point>
  </Placemark>

  <Placemark>
    <Style>
      <IconStyle>
        <scale>0.915454545454545</scale>
        <color>FFB19C4E</color>
        <Icon>
          <href>http://maps.google.com/mapfiles/kml/shapes/placemark_circle.png</href>
        </Icon>
      </IconStyle>
    </Style>
    <Point>
      <coordinates>140.150360738987,37.0154815039903,340.810441805947</coordinates>
      <altitudeMode>absolute</altitudeMode>
    </Point>
  </Placemark>

  <Placemark>
    <Style>
      <IconStyle>
        <scale>0.915454545454545</scale>
        <color>FFB19C4E</color>
        <Icon>
          <href>http://maps.google.com/mapfiles/kml/shapes/placemark_circle.png</href>
        </Icon>
      </IconStyle>
    </Style>
    <Point>
      <coordinates>140.150360738987,37.0154815039903,340.810441805947</coordinates>
      <altitudeMode>absolute</altitudeMode>
    </Point>
  </Placemark>

  <Placemark>
    <Style>
      <IconStyle>
        <scale>0.716909090909091</scale>
        <color>FFC27A3D</color>
        <Icon>
          <href>http://maps.google.com/mapfiles/kml/shapes/placemark_circle.png</href>
        </Icon>
      </IconStyle>
    </Style>
    <Point>
      <coordinates>140.15037687097,37.0155017166806,342.110441847547</coordinates>
      <altitudeMode>absolute</altitudeMode>
    </Point>
  </Placemark>

  <Placemark>
    <Style>
      <IconStyle>
        <scale>0.716909090909091</scale>
        <color>FFC27A3D</color>
        <Icon>
          <href>http://maps.google.com/mapfiles/kml/shapes/placemark_circle.png</href>
        </Icon>
      </IconStyle>
    </Style>
    <Point>
      <coordinates>140.15037687097,37.0155017166806,342.110441847547</coordinates>
      <altitudeMode>absolute</altitudeMode>
    </Point>
  </Placemark>

  <Placemark>
    <Style>
      <IconStyle>
        <scale>0.640181818181818</scale>
        <color>FFC96D36</color>
        <Icon>
          <href>http://maps.google.com/mapfiles/kml/shapes/placemark_circle.png</href>
        </Icon>
      </IconStyle>
    </Style>
    <Point>
      <coordinates>140.150392812478,37.0155212296227,343.910441905147</coordinates>
      <altitudeMode>absolute</altitudeMode>
    </Point>
  </Placemark>

  <Placemark>
    <Style>
      <IconStyle>
        <scale>0.640181818181818</scale>
        <color>FFC96D36</color>
        <Icon>
          <href>http://maps.google.com/mapfiles/kml/shapes/placemark_circle.png</href>
        </Icon>
      </IconStyle>
    </Style>
    <Point>
      <coordinates>140.150392812478,37.0155212296227,343.910441905147</coordinates>
      <altitudeMode>absolute</altitudeMode>
    </Point>
  </Placemark>

  <Placemark>
    <Style>
      <IconStyle>
        <scale>0.619636363636364</scale>
        <color>FFCA6935</color>
        <Icon>
          <href>http://maps.google.com/mapfiles/kml/shapes/placemark_circle.png</href>
        </Icon>
      </IconStyle>
    </Style>
    <Point>
      <coordinates>140.150409301272,37.015540220452,345.810441965947</coordinates>
      <altitudeMode>absolute</altitudeMode>
    </Point>
  </Placemark>

  <Placemark>
    <Style>
      <IconStyle>
        <scale>0.619636363636364</scale>
        <color>FFCA6935</color>
        <Icon>
          <href>http://maps.google.com/mapfiles/kml/shapes/placemark_circle.png</href>
        </Icon>
      </IconStyle>
    </Style>
    <Point>
      <coordinates>140.150409301272,37.015540220452,345.810441965947</coordinates>
      <altitudeMode>absolute</altitudeMode>
    </Point>
  </Placemark>

  <Placemark>
    <Style>
      <IconStyle>
        <scale>0.660545454545455</scale>
        <color>FFC77038</color>
        <Icon>
          <href>http://maps.google.com/mapfiles/kml/shapes/placemark_circle.png</href>
        </Icon>
      </IconStyle>
    </Style>
    <Point>
      <coordinates>140.150424036372,37.0155584859361,349.010442068347</coordinates>
      <altitudeMode>absolute</altitudeMode>
    </Point>
  </Placemark>

  <Placemark>
    <Style>
      <IconStyle>
        <scale>0.660545454545455</scale>
        <color>FFC77038</color>
        <Icon>
          <href>http://maps.google.com/mapfiles/kml/shapes/placemark_circle.png</href>
        </Icon>
      </IconStyle>
    </Style>
    <Point>
      <coordinates>140.150424036372,37.0155584859361,349.010442068347</coordinates>
      <altitudeMode>absolute</altitudeMode>
    </Point>
  </Placemark>

  <Placemark>
    <Style>
      <IconStyle>
        <scale>0.707454545454546</scale>
        <color>FFC3783C</color>
        <Icon>
          <href>http://maps.google.com/mapfiles/kml/shapes/placemark_circle.png</href>
        </Icon>
      </IconStyle>
    </Style>
    <Point>
      <coordinates>140.150438582864,37.0155786208081,349.710442090747</coordinates>
      <altitudeMode>absolute</altitudeMode>
    </Point>
  </Placemark>

  <Placemark>
    <Style>
      <IconStyle>
        <scale>0.707454545454546</scale>
        <color>FFC3783C</color>
        <Icon>
          <href>http://maps.google.com/mapfiles/kml/shapes/placemark_circle.png</href>
        </Icon>
      </IconStyle>
    </Style>
    <Point>
      <coordinates>140.150438582864,37.0155786208081,349.710442090747</coordinates>
      <altitudeMode>absolute</altitudeMode>
    </Point>
  </Placemark>

  <Placemark>
    <Style>
      <IconStyle>
        <scale>0.604545454545455</scale>
        <color>FFCC6733</color>
        <Icon>
          <href>http://maps.google.com/mapfiles/kml/shapes/placemark_circle.png</href>
        </Icon>
      </IconStyle>
    </Style>
    <Point>
      <coordinates>140.150456229658,37.0155995152571,350.110442103547</coordinates>
      <altitudeMode>absolute</altitudeMode>
    </Point>
  </Placemark>

  <Placemark>
    <Style>
      <IconStyle>
        <scale>0.604545454545455</scale>
        <color>FFCC6733</color>
        <Icon>
          <href>http://maps.google.com/mapfiles/kml/shapes/placemark_circle.png</href>
        </Icon>
      </IconStyle>
    </Style>
    <Point>
      <coordinates>140.150456229658,37.0155995152571,350.110442103547</coordinates>
      <altitudeMode>absolute</altitudeMode>
    </Point>
  </Placemark>

  <Placemark>
    <Style>
      <IconStyle>
        <scale>0.606181818181819</scale>
        <color>FFCB6734</color>
        <Icon>
          <href>http://maps.google.com/mapfiles/kml/shapes/placemark_circle.png</href>
        </Icon>
      </IconStyle>
    </Style>
    <Point>
      <coordinates>140.150472721198,37.0156186262919,352.810442189947</coordinates>
      <altitudeMode>absolute</altitudeMode>
    </Point>
  </Placemark>

  <Placemark>
    <Style>
      <IconStyle>
        <scale>0.606181818181819</scale>
        <color>FFCB6734</color>
        <Icon>
          <href>http://maps.google.com/mapfiles/kml/shapes/placemark_circle.png</href>
        </Icon>
      </IconStyle>
    </Style>
    <Point>
      <coordinates>140.150472721198,37.0156186262919,352.810442189947</coordinates>
      <altitudeMode>absolute</altitudeMode>
    </Point>
  </Placemark>

  <Placemark>
    <Style>
      <IconStyle>
        <scale>0.724727272727273</scale>
        <color>FFC17B3E</color>
        <Icon>
          <href>http://maps.google.com/mapfiles/kml/shapes/placemark_circle.png</href>
        </Icon>
      </IconStyle>
    </Style>
    <Point>
      <coordinates>140.150487590964,37.0156369006167,354.310442237947</coordinates>
      <altitudeMode>absolute</altitudeMode>
    </Point>
  </Placemark>

  <Placemark>
    <Style>
      <IconStyle>
        <scale>0.724727272727273</scale>
        <color>FFC17B3E</color>
        <Icon>
          <href>http://maps.google.com/mapfiles/kml/shapes/placemark_circle.png</href>
        </Icon>
      </IconStyle>
    </Style>
    <Point>
      <coordinates>140.150487590964,37.0156369006167,354.310442237947</coordinates>
      <altitudeMode>absolute</altitudeMode>
    </Point>
  </Placemark>

  <Placemark>
    <Style>
      <IconStyle>
        <scale>0.682181818181819</scale>
        <color>FFC5743A</color>
        <Icon>
          <href>http://maps.google.com/mapfiles/kml/shapes/placemark_circle.png</href>
        </Icon>
      </IconStyle>
    </Style>
    <Point>
      <coordinates>140.150502861378,37.0156570558086,354.510442244347</coordinates>
      <altitudeMode>absolute</altitudeMode>
    </Point>
  </Placemark>

  <Placemark>
    <Style>
      <IconStyle>
        <scale>0.682181818181819</scale>
        <color>FFC5743A</color>
        <Icon>
          <href>http://maps.google.com/mapfiles/kml/shapes/placemark_circle.png</href>
        </Icon>
      </IconStyle>
    </Style>
    <Point>
      <coordinates>140.150502861378,37.0156570558086,354.510442244347</coordinates>
      <altitudeMode>absolute</altitudeMode>
    </Point>
  </Placemark>

  <Placemark>
    <Style>
      <IconStyle>
        <scale>0.682363636363637</scale>
        <color>FFC5743A</color>
        <Icon>
          <href>http://maps.google.com/mapfiles/kml/shapes/placemark_circle.png</href>
        </Icon>
      </IconStyle>
    </Style>
    <Point>
      <coordinates>140.150518936907,37.0156769710691,355.010442260347</coordinates>
      <altitudeMode>absolute</altitudeMode>
    </Point>
  </Placemark>

  <Placemark>
    <Style>
      <IconStyle>
        <scale>0.682363636363637</scale>
        <color>FFC5743A</color>
        <Icon>
          <href>http://maps.google.com/mapfiles/kml/shapes/placemark_circle.png</href>
        </Icon>
      </IconStyle>
    </Style>
    <Point>
      <coordinates>140.150518936907,37.0156769710691,355.010442260347</coordinates>
      <altitudeMode>absolute</altitudeMode>
    </Point>
  </Placemark>

  <Placemark>
    <Style>
      <IconStyle>
        <scale>0.624000000000001</scale>
        <color>FFCA6A35</color>
        <Icon>
          <href>http://maps.google.com/mapfiles/kml/shapes/placemark_circle.png</href>
        </Icon>
      </IconStyle>
    </Style>
    <Point>
      <coordinates>140.150534447083,37.0156967827088,356.010442292347</coordinates>
      <altitudeMode>absolute</altitudeMode>
    </Point>
  </Placemark>

  <Placemark>
    <Style>
      <IconStyle>
        <scale>0.624000000000001</scale>
        <color>FFCA6A35</color>
        <Icon>
          <href>http://maps.google.com/mapfiles/kml/shapes/placemark_circle.png</href>
        </Icon>
      </IconStyle>
    </Style>
    <Point>
      <coordinates>140.150534447083,37.0156967827088,356.010442292347</coordinates>
      <altitudeMode>absolute</altitudeMode>
    </Point>
  </Placemark>

  <Placemark>
    <Style>
      <IconStyle>
        <scale>0.591454545454546</scale>
        <color>FFCD6532</color>
        <Icon>
          <href>http://maps.google.com/mapfiles/kml/shapes/placemark_circle.png</href>
        </Icon>
      </IconStyle>
    </Style>
    <Point>
      <coordinates>140.150550910986,37.0157162997286,357.710442346747</coordinates>
      <altitudeMode>absolute</altitudeMode>
    </Point>
  </Placemark>

  <Placemark>
    <Style>
      <IconStyle>
        <scale>0.591454545454546</scale>
        <color>FFCD6532</color>
        <Icon>
          <href>http://maps.google.com/mapfiles/kml/shapes/placemark_circle.png</href>
        </Icon>
      </IconStyle>
    </Style>
    <Point>
      <coordinates>140.150550910986,37.0157162997286,357.710442346747</coordinates>
      <altitudeMode>absolute</altitudeMode>
    </Point>
  </Placemark>

  <Placemark>
    <Style>
      <IconStyle>
        <scale>0.510727272727273</scale>
        <color>FFD4572B</color>
        <Icon>
          <href>http://maps.google.com/mapfiles/kml/shapes/placemark_circle.png</href>
        </Icon>
      </IconStyle>
    </Style>
    <Point>
      <coordinates>140.150566733106,37.0157354926594,359.210442394747</coordinates>
      <altitudeMode>absolute</altitudeMode>
    </Point>
  </Placemark>

  <Placemark>
    <Style>
      <IconStyle>
        <scale>0.510727272727273</scale>
        <color>FFD4572B</color>
        <Icon>
          <href>http://maps.google.com/mapfiles/kml/shapes/placemark_circle.png</href>
        </Icon>
      </IconStyle>
    </Style>
    <Point>
      <coordinates>140.150566733106,37.0157354926594,359.210442394747</coordinates>
      <altitudeMode>absolute</altitudeMode>
    </Point>
  </Placemark>

  <Placemark>
    <Style>
      <IconStyle>
        <scale>0.455454545454546</scale>
        <color>FFD84D27</color>
        <Icon>
          <href>http://maps.google.com/mapfiles/kml/shapes/placemark_circle.png</href>
        </Icon>
      </IconStyle>
    </Style>
    <Point>
      <coordinates>140.150582777951,37.0157539729235,361.010442452347</coordinates>
      <altitudeMode>absolute</altitudeMode>
    </Point>
  </Placemark>

  <Placemark>
    <Style>
      <IconStyle>
        <scale>0.455454545454546</scale>
        <color>FFD84D27</color>
        <Icon>
          <href>http://maps.google.com/mapfiles/kml/shapes/placemark_circle.png</href>
        </Icon>
      </IconStyle>
    </Style>
    <Point>
      <coordinates>140.150582777951,37.0157539729235,361.010442452347</coordinates>
      <altitudeMode>absolute</altitudeMode>
    </Point>
  </Placemark>

  <Placemark>
    <Style>
      <IconStyle>
        <scale>0.423818181818182</scale>
        <color>FFDB4824</color>
        <Icon>
          <href>http://maps.google.com/mapfiles/kml/shapes/placemark_circle.png</href>
        </Icon>
      </IconStyle>
    </Style>
    <Point>
      <coordinates>140.150598513942,37.0157737122618,362.410442497147</coordinates>
      <altitudeMode>absolute</altitudeMode>
    </Point>
  </Placemark>

  <Placemark>
    <Style>
      <IconStyle>
        <scale>0.423818181818182</scale>
        <color>FFDB4824</color>
        <Icon>
          <href>http://maps.google.com/mapfiles/kml/shapes/placemark_circle.png</href>
        </Icon>
      </IconStyle>
    </Style>
    <Point>
      <coordinates>140.150598513942,37.0157737122618,362.410442497147</coordinates>
      <altitudeMode>absolute</altitudeMode>
    </Point>
  </Placemark>

  <Placemark>
    <Style>
      <IconStyle>
        <scale>0.377454545454545</scale>
        <color>FFDF4020</color>
        <Icon>
          <href>http://maps.google.com/mapfiles/kml/shapes/placemark_circle.png</href>
        </Icon>
      </IconStyle>
    </Style>
    <Point>
      <coordinates>140.150613976655,37.0157932503209,364.010442548347</coordinates>
      <altitudeMode>absolute</altitudeMode>
    </Point>
  </Placemark>

  <Placemark>
    <Style>
      <IconStyle>
        <scale>0.377454545454545</scale>
        <color>FFDF4020</color>
        <Icon>
          <href>http://maps.google.com/mapfiles/kml/shapes/placemark_circle.png</href>
        </Icon>
      </IconStyle>
    </Style>
    <Point>
      <coordinates>140.150613976655,37.0157932503209,364.010442548347</coordinates>
      <altitudeMode>absolute</altitudeMode>
    </Point>
  </Placemark>

  <Placemark>
    <Style>
      <IconStyle>
        <scale>0.354727272727273</scale>
        <color>FFE13C1E</color>
        <Icon>
          <href>http://maps.google.com/mapfiles/kml/shapes/placemark_circle.png</href>
        </Icon>
      </IconStyle>
    </Style>
    <Point>
      <coordinates>140.150629520433,37.0158125841539,365.810442605947</coordinates>
      <altitudeMode>absolute</altitudeMode>
    </Point>
  </Placemark>

  <Placemark>
    <Style>
      <IconStyle>
        <scale>0.354727272727273</scale>
        <color>FFE13C1E</color>
        <Icon>
          <href>http://maps.google.com/mapfiles/kml/shapes/placemark_circle.png</href>
        </Icon>
      </IconStyle>
    </Style>
    <Point>
      <coordinates>140.150629520433,37.0158125841539,365.810442605947</coordinates>
      <altitudeMode>absolute</altitudeMode>
    </Point>
  </Placemark>

  <Placemark>
    <Style>
      <IconStyle>
        <scale>0.338363636363636</scale>
        <color>FFE23A1D</color>
        <Icon>
          <href>http://maps.google.com/mapfiles/kml/shapes/placemark_circle.png</href>
        </Icon>
      </IconStyle>
    </Style>
    <Point>
      <coordinates>140.150645816842,37.0158320045432,367.310442653947</coordinates>
      <altitudeMode>absolute</altitudeMode>
    </Point>
  </Placemark>

  <Placemark>
    <Style>
      <IconStyle>
        <scale>0.338363636363636</scale>
        <color>FFE23A1D</color>
        <Icon>
          <href>http://maps.google.com/mapfiles/kml/shapes/placemark_circle.png</href>
        </Icon>
      </IconStyle>
    </Style>
    <Point>
      <coordinates>140.150645816842,37.0158320045432,367.310442653947</coordinates>
      <altitudeMode>absolute</altitudeMode>
    </Point>
  </Placemark>

  <Placemark>
    <Style>
      <IconStyle>
        <scale>0.231636363636363</scale>
        <color>FFEB2714</color>
        <Icon>
          <href>http://maps.google.com/mapfiles/kml/shapes/placemark_circle.png</href>
        </Icon>
      </IconStyle>
    </Style>
    <Point>
      <coordinates>140.150661445418,37.0158522538983,367.910442673147</coordinates>
      <altitudeMode>absolute</altitudeMode>
    </Point>
  </Placemark>

  <Placemark>
    <Style>
      <IconStyle>
        <scale>0.231636363636363</scale>
        <color>FFEB2714</color>
        <Icon>
          <href>http://maps.google.com/mapfiles/kml/shapes/placemark_circle.png</href>
        </Icon>
      </IconStyle>
    </Style>
    <Point>
      <coordinates>140.150661445418,37.0158522538983,367.910442673147</coordinates>
      <altitudeMode>absolute</altitudeMode>
    </Point>
  </Placemark>

  <Placemark>
    <Style>
      <IconStyle>
        <scale>0.315454545454545</scale>
        <color>FFE4361B</color>
        <Icon>
          <href>http://maps.google.com/mapfiles/kml/shapes/placemark_circle.png</href>
        </Icon>
      </IconStyle>
    </Style>
    <Point>
      <coordinates>140.150677480951,37.0158730651492,369.310442717947</coordinates>
      <altitudeMode>absolute</altitudeMode>
    </Point>
  </Placemark>

  <Placemark>
    <Style>
      <IconStyle>
        <scale>0.315454545454545</scale>
        <color>FFE4361B</color>
        <Icon>
          <href>http://maps.google.com/mapfiles/kml/shapes/placemark_circle.png</href>
        </Icon>
      </IconStyle>
    </Style>
    <Point>
      <coordinates>140.150677480951,37.0158730651492,369.310442717947</coordinates>
      <altitudeMode>absolute</altitudeMode>
    </Point>
  </Placemark>

  <Placemark>
    <Style>
      <IconStyle>
        <scale>0.318909090909091</scale>
        <color>FFE4361B</color>
        <Icon>
          <href>http://maps.google.com/mapfiles/kml/shapes/placemark_circle.png</href>
        </Icon>
      </IconStyle>
    </Style>
    <Point>
      <coordinates>140.150693529058,37.0158938943556,370.210442746747</coordinates>
      <altitudeMode>absolute</altitudeMode>
    </Point>
  </Placemark>

  <Placemark>
    <Style>
      <IconStyle>
        <scale>0.318909090909091</scale>
        <color>FFE4361B</color>
        <Icon>
          <href>http://maps.google.com/mapfiles/kml/shapes/placemark_circle.png</href>
        </Icon>
      </IconStyle>
    </Style>
    <Point>
      <coordinates>140.150693529058,37.0158938943556,370.210442746747</coordinates>
      <altitudeMode>absolute</altitudeMode>
    </Point>
  </Placemark>

  <Placemark>
    <Style>
      <IconStyle>
        <scale>0.448909090909091</scale>
        <color>FFD94C26</color>
        <Icon>
          <href>http://maps.google.com/mapfiles/kml/shapes/placemark_circle.png</href>
        </Icon>
      </IconStyle>
    </Style>
    <Point>
      <coordinates>140.150711054962,37.0159144595072,371.410442785147</coordinates>
      <altitudeMode>absolute</altitudeMode>
    </Point>
  </Placemark>

  <Placemark>
    <Style>
      <IconStyle>
        <scale>0.448909090909091</scale>
        <color>FFD94C26</color>
        <Icon>
          <href>http://maps.google.com/mapfiles/kml/shapes/placemark_circle.png</href>
        </Icon>
      </IconStyle>
    </Style>
    <Point>
      <coordinates>140.150711054962,37.0159144595072,371.410442785147</coordinates>
      <altitudeMode>absolute</altitudeMode>
    </Point>
  </Placemark>

  <Placemark>
    <Style>
      <IconStyle>
        <scale>0.617454545454545</scale>
        <color>FFCB6934</color>
        <Icon>
          <href>http://maps.google.com/mapfiles/kml/shapes/placemark_circle.png</href>
        </Icon>
      </IconStyle>
    </Style>
    <Point>
      <coordinates>140.150727967878,37.0159347381941,373.310442845947</coordinates>
      <altitudeMode>absolute</altitudeMode>
    </Point>
  </Placemark>

  <Placemark>
    <Style>
      <IconStyle>
        <scale>0.617454545454545</scale>
        <color>FFCB6934</color>
        <Icon>
          <href>http://maps.google.com/mapfiles/kml/shapes/placemark_circle.png</href>
        </Icon>
      </IconStyle>
    </Style>
    <Point>
      <coordinates>140.150727967878,37.0159347381941,373.310442845947</coordinates>
      <altitudeMode>absolute</altitudeMode>
    </Point>
  </Placemark>

  <Placemark>
    <Style>
      <IconStyle>
        <scale>0.664363636363636</scale>
        <color>FFC77138</color>
        <Icon>
          <href>http://maps.google.com/mapfiles/kml/shapes/placemark_circle.png</href>
        </Icon>
      </IconStyle>
    </Style>
    <Point>
      <coordinates>140.150744378396,37.0159561176457,376.110442935547</coordinates>
      <altitudeMode>absolute</altitudeMode>
    </Point>
  </Placemark>

  <Placemark>
    <Style>
      <IconStyle>
        <scale>0.664363636363636</scale>
        <color>FFC77138</color>
        <Icon>
          <href>http://maps.google.com/mapfiles/kml/shapes/placemark_circle.png</href>
        </Icon>
      </IconStyle>
    </Style>
    <Point>
      <coordinates>140.150744378396,37.0159561176457,376.110442935547</coordinates>
      <altitudeMode>absolute</altitudeMode>
    </Point>
  </Placemark>

  <Placemark>
    <Style>
      <IconStyle>
        <scale>0.672363636363636</scale>
        <color>FFC67239</color>
        <Icon>
          <href>http://maps.google.com/mapfiles/kml/shapes/placemark_circle.png</href>
        </Icon>
      </IconStyle>
    </Style>
    <Point>
      <coordinates>140.150761918934,37.0159773662693,378.210443002747</coordinates>
      <altitudeMode>absolute</altitudeMode>
    </Point>
  </Placemark>

  <Placemark>
    <Style>
      <IconStyle>
        <scale>0.672363636363636</scale>
        <color>FFC67239</color>
        <Icon>
          <href>http://maps.google.com/mapfiles/kml/shapes/placemark_circle.png</href>
        </Icon>
      </IconStyle>
    </Style>
    <Point>
      <coordinates>140.150761918934,37.0159773662693,378.210443002747</coordinates>
      <altitudeMode>absolute</altitudeMode>
    </Point>
  </Placemark>

  <Placemark>
    <Style>
      <IconStyle>
        <scale>0.688727272727273</scale>
        <color>FFC4753B</color>
        <Icon>
          <href>http://maps.google.com/mapfiles/kml/shapes/placemark_circle.png</href>
        </Icon>
      </IconStyle>
    </Style>
    <Point>
      <coordinates>140.150780343678,37.0159997430019,379.110443031547</coordinates>
      <altitudeMode>absolute</altitudeMode>
    </Point>
  </Placemark>

  <Placemark>
    <Style>
      <IconStyle>
        <scale>0.688727272727273</scale>
        <color>FFC4753B</color>
        <Icon>
          <href>http://maps.google.com/mapfiles/kml/shapes/placemark_circle.png</href>
        </Icon>
      </IconStyle>
    </Style>
    <Point>
      <coordinates>140.150780343678,37.0159997430019,379.110443031547</coordinates>
      <altitudeMode>absolute</altitudeMode>
    </Point>
  </Placemark>

  <Placemark>
    <Style>
      <IconStyle>
        <scale>0.686727272727273</scale>
        <color>FFC5753A</color>
        <Icon>
          <href>http://maps.google.com/mapfiles/kml/shapes/placemark_circle.png</href>
        </Icon>
      </IconStyle>
    </Style>
    <Point>
      <coordinates>140.150799201771,37.0160222344575,380.110443063547</coordinates>
      <altitudeMode>absolute</altitudeMode>
    </Point>
  </Placemark>

  <Placemark>
    <Style>
      <IconStyle>
        <scale>0.686727272727273</scale>
        <color>FFC5753A</color>
        <Icon>
          <href>http://maps.google.com/mapfiles/kml/shapes/placemark_circle.png</href>
        </Icon>
      </IconStyle>
    </Style>
    <Point>
      <coordinates>140.150799201771,37.0160222344575,380.110443063547</coordinates>
      <altitudeMode>absolute</altitudeMode>
    </Point>
  </Placemark>

  <Placemark>
    <Style>
      <IconStyle>
        <scale>0.737090909090909</scale>
        <color>FFC07D3F</color>
        <Icon>
          <href>http://maps.google.com/mapfiles/kml/shapes/placemark_circle.png</href>
        </Icon>
      </IconStyle>
    </Style>
    <Point>
      <coordinates>140.150819442048,37.0160433546517,381.710443114747</coordinates>
      <altitudeMode>absolute</altitudeMode>
    </Point>
  </Placemark>

  <Placemark>
    <Style>
      <IconStyle>
        <scale>0.737090909090909</scale>
        <color>FFC07D3F</color>
        <Icon>
          <href>http://maps.google.com/mapfiles/kml/shapes/placemark_circle.png</href>
        </Icon>
      </IconStyle>
    </Style>
    <Point>
      <coordinates>140.150819442048,37.0160433546517,381.710443114747</coordinates>
      <altitudeMode>absolute</altitudeMode>
    </Point>
  </Placemark>

  <Placemark>
    <Style>
      <IconStyle>
        <scale>0.721090909090909</scale>
        <color>FFC27B3D</color>
        <Icon>
          <href>http://maps.google.com/mapfiles/kml/shapes/placemark_circle.png</href>
        </Icon>
      </IconStyle>
    </Style>
    <Point>
      <coordinates>140.150839093025,37.0160651965588,383.910443185147</coordinates>
      <altitudeMode>absolute</altitudeMode>
    </Point>
  </Placemark>

  <Placemark>
    <Style>
      <IconStyle>
        <scale>0.721090909090909</scale>
        <color>FFC27B3D</color>
        <Icon>
          <href>http://maps.google.com/mapfiles/kml/shapes/placemark_circle.png</href>
        </Icon>
      </IconStyle>
    </Style>
    <Point>
      <coordinates>140.150839093025,37.0160651965588,383.910443185147</coordinates>
      <altitudeMode>absolute</altitudeMode>
    </Point>
  </Placemark>

  <Placemark>
    <Style>
      <IconStyle>
        <scale>0.725818181818182</scale>
        <color>FFC17B3E</color>
        <Icon>
          <href>http://maps.google.com/mapfiles/kml/shapes/placemark_circle.png</href>
        </Icon>
      </IconStyle>
    </Style>
    <Point>
      <coordinates>140.150858055057,37.0160878491336,385.910443249147</coordinates>
      <altitudeMode>absolute</altitudeMode>
    </Point>
  </Placemark>

  <Placemark>
    <Style>
      <IconStyle>
        <scale>0.725818181818182</scale>
        <color>FFC17B3E</color>
        <Icon>
          <href>http://maps.google.com/mapfiles/kml/shapes/placemark_circle.png</href>
        </Icon>
      </IconStyle>
    </Style>
    <Point>
      <coordinates>140.150858055057,37.0160878491336,385.910443249147</coordinates>
      <altitudeMode>absolute</altitudeMode>
    </Point>
  </Placemark>

  <Placemark>
    <Style>
      <IconStyle>
        <scale>0.754909090909091</scale>
        <color>FFBF8040</color>
        <Icon>
          <href>http://maps.google.com/mapfiles/kml/shapes/placemark_circle.png</href>
        </Icon>
      </IconStyle>
    </Style>
    <Point>
      <coordinates>140.150876893409,37.0161109400406,387.210443290747</coordinates>
      <altitudeMode>absolute</altitudeMode>
    </Point>
  </Placemark>

  <Placemark>
    <Style>
      <IconStyle>
        <scale>0.754909090909091</scale>
        <color>FFBF8040</color>
        <Icon>
          <href>http://maps.google.com/mapfiles/kml/shapes/placemark_circle.png</href>
        </Icon>
      </IconStyle>
    </Style>
    <Point>
      <coordinates>140.150876893409,37.0161109400406,387.210443290747</coordinates>
      <altitudeMode>absolute</altitudeMode>
    </Point>
  </Placemark>

  <Placemark>
    <Style>
      <IconStyle>
        <scale>0.949636363636364</scale>
        <color>FFAEA151</color>
        <Icon>
          <href>http://maps.google.com/mapfiles/kml/shapes/placemark_circle.png</href>
        </Icon>
      </IconStyle>
    </Style>
    <Point>
      <coordinates>140.150895375315,37.0161343701822,388.710443338747</coordinates>
      <altitudeMode>absolute</altitudeMode>
    </Point>
  </Placemark>

  <Placemark>
    <Style>
      <IconStyle>
        <scale>0.949636363636364</scale>
        <color>FFAEA151</color>
        <Icon>
          <href>http://maps.google.com/mapfiles/kml/shapes/placemark_circle.png</href>
        </Icon>
      </IconStyle>
    </Style>
    <Point>
      <coordinates>140.150895375315,37.0161343701822,388.710443338747</coordinates>
      <altitudeMode>absolute</altitudeMode>
    </Point>
  </Placemark>

  <Placemark>
    <Style>
      <IconStyle>
        <scale>0.923636363636364</scale>
        <color>FFB09D4F</color>
        <Icon>
          <href>http://maps.google.com/mapfiles/kml/shapes/placemark_circle.png</href>
        </Icon>
      </IconStyle>
    </Style>
    <Point>
      <coordinates>140.150913454685,37.0161576715516,390.910443409147</coordinates>
      <altitudeMode>absolute</altitudeMode>
    </Point>
  </Placemark>

  <Placemark>
    <Style>
      <IconStyle>
        <scale>0.923636363636364</scale>
        <color>FFB09D4F</color>
        <Icon>
          <href>http://maps.google.com/mapfiles/kml/shapes/placemark_circle.png</href>
        </Icon>
      </IconStyle>
    </Style>
    <Point>
      <coordinates>140.150913454685,37.0161576715516,390.910443409147</coordinates>
      <altitudeMode>absolute</altitudeMode>
    </Point>
  </Placemark>

  <Placemark>
    <Style>
      <IconStyle>
        <scale>0.774727272727273</scale>
        <color>FFBD8442</color>
        <Icon>
          <href>http://maps.google.com/mapfiles/kml/shapes/placemark_circle.png</href>
        </Icon>
      </IconStyle>
    </Style>
    <Point>
      <coordinates>140.150931251421,37.0161807809623,393.610443495547</coordinates>
      <altitudeMode>absolute</altitudeMode>
    </Point>
  </Placemark>

  <Placemark>
    <Style>
      <IconStyle>
        <scale>0.774727272727273</scale>
        <color>FFBD8442</color>
        <Icon>
          <href>http://maps.google.com/mapfiles/kml/shapes/placemark_circle.png</href>
        </Icon>
      </IconStyle>
    </Style>
    <Point>
      <coordinates>140.150931251421,37.0161807809623,393.610443495547</coordinates>
      <altitudeMode>absolute</altitudeMode>
    </Point>
  </Placemark>

  <Placemark>
    <Style>
      <IconStyle>
        <scale>0.729272727272727</scale>
        <color>FFC17C3E</color>
        <Icon>
          <href>http://maps.google.com/mapfiles/kml/shapes/placemark_circle.png</href>
        </Icon>
      </IconStyle>
    </Style>
    <Point>
      <coordinates>140.15094927629,37.0162037983342,395.410443553147</coordinates>
      <altitudeMode>absolute</altitudeMode>
    </Point>
  </Placemark>

  <Placemark>
    <Style>
      <IconStyle>
        <scale>0.729272727272727</scale>
        <color>FFC17C3E</color>
        <Icon>
          <href>http://maps.google.com/mapfiles/kml/shapes/placemark_circle.png</href>
        </Icon>
      </IconStyle>
    </Style>
    <Point>
      <coordinates>140.15094927629,37.0162037983342,395.410443553147</coordinates>
      <altitudeMode>absolute</altitudeMode>
    </Point>
  </Placemark>

  <Placemark>
    <Style>
      <IconStyle>
        <scale>0.711636363636363</scale>
        <color>FFC3793C</color>
        <Icon>
          <href>http://maps.google.com/mapfiles/kml/shapes/placemark_circle.png</href>
        </Icon>
      </IconStyle>
    </Style>
    <Point>
      <coordinates>140.150967167352,37.0162262400354,396.810443597947</coordinates>
      <altitudeMode>absolute</altitudeMode>
    </Point>
  </Placemark>

  <Placemark>
    <Style>
      <IconStyle>
        <scale>0.711636363636363</scale>
        <color>FFC3793C</color>
        <Icon>
          <href>http://maps.google.com/mapfiles/kml/shapes/placemark_circle.png</href>
        </Icon>
      </IconStyle>
    </Style>
    <Point>
      <coordinates>140.150967167352,37.0162262400354,396.810443597947</coordinates>
      <altitudeMode>absolute</altitudeMode>
    </Point>
  </Placemark>

  <Placemark>
    <Style>
      <IconStyle>
        <scale>0.732181818181818</scale>
        <color>FFC17C3E</color>
        <Icon>
          <href>http://maps.google.com/mapfiles/kml/shapes/placemark_circle.png</href>
        </Icon>
      </IconStyle>
    </Style>
    <Point>
      <coordinates>140.150970272717,37.0162313755666,396.210443578747</coordinates>
      <altitudeMode>absolute</altitudeMode>
    </Point>
  </Placemark>

  <Placemark>
    <Style>
      <IconStyle>
        <scale>0.732181818181818</scale>
        <color>FFC17C3E</color>
        <Icon>
          <href>http://maps.google.com/mapfiles/kml/shapes/placemark_circle.png</href>
        </Icon>
      </IconStyle>
    </Style>
    <Point>
      <coordinates>140.150970272717,37.0162313755666,396.210443578747</coordinates>
      <altitudeMode>absolute</altitudeMode>
    </Point>
  </Placemark>

  <Placemark>
    <Style>
      <IconStyle>
        <scale>0.656545454545454</scale>
        <color>FFC77038</color>
        <Icon>
          <href>http://maps.google.com/mapfiles/kml/shapes/placemark_circle.png</href>
        </Icon>
      </IconStyle>
    </Style>
    <Point>
      <coordinates>140.150969180462,37.0162312006724,396.210443578747</coordinates>
      <altitudeMode>absolute</altitudeMode>
    </Point>
  </Placemark>

  <Placemark>
    <Style>
      <IconStyle>
        <scale>0.656545454545454</scale>
        <color>FFC77038</color>
        <Icon>
          <href>http://maps.google.com/mapfiles/kml/shapes/placemark_circle.png</href>
        </Icon>
      </IconStyle>
    </Style>
    <Point>
      <coordinates>140.150969180462,37.0162312006724,396.210443578747</coordinates>
      <altitudeMode>absolute</altitudeMode>
    </Point>
  </Placemark>

  <Placemark>
    <Style>
      <IconStyle>
        <scale>0.688909090909091</scale>
        <color>FFC4753B</color>
        <Icon>
          <href>http://maps.google.com/mapfiles/kml/shapes/placemark_circle.png</href>
        </Icon>
      </IconStyle>
    </Style>
    <Point>
      <coordinates>140.150970582301,37.0162309913749,396.310443581947</coordinates>
      <altitudeMode>absolute</altitudeMode>
    </Point>
  </Placemark>

  <Placemark>
    <Style>
      <IconStyle>
        <scale>0.688909090909091</scale>
        <color>FFC4753B</color>
        <Icon>
          <href>http://maps.google.com/mapfiles/kml/shapes/placemark_circle.png</href>
        </Icon>
      </IconStyle>
    </Style>
    <Point>
      <coordinates>140.150970582301,37.0162309913749,396.310443581947</coordinates>
      <altitudeMode>absolute</altitudeMode>
    </Point>
  </Placemark>

  <Placemark>
    <Style>
      <IconStyle>
        <scale>0.778727272727272</scale>
        <color>FFBD8442</color>
        <Icon>
          <href>http://maps.google.com/mapfiles/kml/shapes/placemark_circle.png</href>
        </Icon>
      </IconStyle>
    </Style>
    <Point>
      <coordinates>140.150970516985,37.0162306017007,396.710443594747</coordinates>
      <altitudeMode>absolute</altitudeMode>
    </Point>
  </Placemark>

  <Placemark>
    <Style>
      <IconStyle>
        <scale>0.778727272727272</scale>
        <color>FFBD8442</color>
        <Icon>
          <href>http://maps.google.com/mapfiles/kml/shapes/placemark_circle.png</href>
        </Icon>
      </IconStyle>
    </Style>
    <Point>
      <coordinates>140.150970516985,37.0162306017007,396.710443594747</coordinates>
      <altitudeMode>absolute</altitudeMode>
    </Point>
  </Placemark>

  <Placemark>
    <Style>
      <IconStyle>
        <scale>0.763454545454545</scale>
        <color>FFBE8241</color>
        <Icon>
          <href>http://maps.google.com/mapfiles/kml/shapes/placemark_circle.png</href>
        </Icon>
      </IconStyle>
    </Style>
    <Point>
      <coordinates>140.150970637231,37.0162307389022,396.910443601147</coordinates>
      <altitudeMode>absolute</altitudeMode>
    </Point>
  </Placemark>

  <Placemark>
    <Style>
      <IconStyle>
        <scale>0.763454545454545</scale>
        <color>FFBE8241</color>
        <Icon>
          <href>http://maps.google.com/mapfiles/kml/shapes/placemark_circle.png</href>
        </Icon>
      </IconStyle>
    </Style>
    <Point>
      <coordinates>140.150970637231,37.0162307389022,396.910443601147</coordinates>
      <altitudeMode>absolute</altitudeMode>
    </Point>
  </Placemark>

  <Placemark>
    <Style>
      <IconStyle>
        <scale>0.74090909090909</scale>
        <color>FFC07E3F</color>
        <Icon>
          <href>http://maps.google.com/mapfiles/kml/shapes/placemark_circle.png</href>
        </Icon>
      </IconStyle>
    </Style>
    <Point>
      <coordinates>140.150970341122,37.0162309841105,397.110443607547</coordinates>
      <altitudeMode>absolute</altitudeMode>
    </Point>
  </Placemark>

  <Placemark>
    <Style>
      <IconStyle>
        <scale>0.74090909090909</scale>
        <color>FFC07E3F</color>
        <Icon>
          <href>http://maps.google.com/mapfiles/kml/shapes/placemark_circle.png</href>
        </Icon>
      </IconStyle>
    </Style>
    <Point>
      <coordinates>140.150970341122,37.0162309841105,397.110443607547</coordinates>
      <altitudeMode>absolute</altitudeMode>
    </Point>
  </Placemark>

  <Placemark>
    <Style>
      <IconStyle>
        <scale>0.784545454545454</scale>
        <color>FFBC8543</color>
        <Icon>
          <href>http://maps.google.com/mapfiles/kml/shapes/placemark_circle.png</href>
        </Icon>
      </IconStyle>
    </Style>
    <Point>
      <coordinates>140.150969955323,37.016231029753,397.210443610747</coordinates>
      <altitudeMode>absolute</altitudeMode>
    </Point>
  </Placemark>

  <Placemark>
    <Style>
      <IconStyle>
        <scale>0.784545454545454</scale>
        <color>FFBC8543</color>
        <Icon>
          <href>http://maps.google.com/mapfiles/kml/shapes/placemark_circle.png</href>
        </Icon>
      </IconStyle>
    </Style>
    <Point>
      <coordinates>140.150969955323,37.016231029753,397.210443610747</coordinates>
      <altitudeMode>absolute</altitudeMode>
    </Point>
  </Placemark>

  <Placemark>
    <Style>
      <IconStyle>
        <scale>0.743999999999999</scale>
        <color>FFC07E3F</color>
        <Icon>
          <href>http://maps.google.com/mapfiles/kml/shapes/placemark_circle.png</href>
        </Icon>
      </IconStyle>
    </Style>
    <Point>
      <coordinates>140.150970100287,37.0162304773832,397.410443617147</coordinates>
      <altitudeMode>absolute</altitudeMode>
    </Point>
  </Placemark>

  <Placemark>
    <Style>
      <IconStyle>
        <scale>0.743999999999999</scale>
        <color>FFC07E3F</color>
        <Icon>
          <href>http://maps.google.com/mapfiles/kml/shapes/placemark_circle.png</href>
        </Icon>
      </IconStyle>
    </Style>
    <Point>
      <coordinates>140.150970100287,37.0162304773832,397.410443617147</coordinates>
      <altitudeMode>absolute</altitudeMode>
    </Point>
  </Placemark>

  <Placemark>
    <Style>
      <IconStyle>
        <scale>0.844545454545454</scale>
        <color>FFB79048</color>
        <Icon>
          <href>http://maps.google.com/mapfiles/kml/shapes/placemark_circle.png</href>
        </Icon>
      </IconStyle>
    </Style>
    <Point>
      <coordinates>140.150969777314,37.0162299684629,397.610443623547</coordinates>
      <altitudeMode>absolute</altitudeMode>
    </Point>
  </Placemark>

  <Placemark>
    <Style>
      <IconStyle>
        <scale>0.844545454545454</scale>
        <color>FFB79048</color>
        <Icon>
          <href>http://maps.google.com/mapfiles/kml/shapes/placemark_circle.png</href>
        </Icon>
      </IconStyle>
    </Style>
    <Point>
      <coordinates>140.150969777314,37.0162299684629,397.610443623547</coordinates>
      <altitudeMode>absolute</altitudeMode>
    </Point>
  </Placemark>

  <Placemark>
    <Style>
      <IconStyle>
        <scale>0.895454545454545</scale>
        <color>FFB3984C</color>
        <Icon>
          <href>http://maps.google.com/mapfiles/kml/shapes/placemark_circle.png</href>
        </Icon>
      </IconStyle>
    </Style>
    <Point>
      <coordinates>140.150969139693,37.0162295950993,397.510443620347</coordinates>
      <altitudeMode>absolute</altitudeMode>
    </Point>
  </Placemark>

  <Placemark>
    <Style>
      <IconStyle>
        <scale>0.895454545454545</scale>
        <color>FFB3984C</color>
        <Icon>
          <href>http://maps.google.com/mapfiles/kml/shapes/placemark_circle.png</href>
        </Icon>
      </IconStyle>
    </Style>
    <Point>
      <coordinates>140.150969139693,37.0162295950993,397.510443620347</coordinates>
      <altitudeMode>absolute</altitudeMode>
    </Point>
  </Placemark>

  <Placemark>
    <Style>
      <IconStyle>
        <scale>0.905090909090909</scale>
        <color>FFB29A4D</color>
        <Icon>
          <href>http://maps.google.com/mapfiles/kml/shapes/placemark_circle.png</href>
        </Icon>
      </IconStyle>
    </Style>
    <Point>
      <coordinates>140.150969114717,37.016229611547,397.610443623547</coordinates>
      <altitudeMode>absolute</altitudeMode>
    </Point>
  </Placemark>

  <Placemark>
    <Style>
      <IconStyle>
        <scale>0.905090909090909</scale>
        <color>FFB29A4D</color>
        <Icon>
          <href>http://maps.google.com/mapfiles/kml/shapes/placemark_circle.png</href>
        </Icon>
      </IconStyle>
    </Style>
    <Point>
      <coordinates>140.150969114717,37.016229611547,397.610443623547</coordinates>
      <altitudeMode>absolute</altitudeMode>
    </Point>
  </Placemark>

  <Placemark>
    <Style>
      <IconStyle>
        <scale>0.917636363636363</scale>
        <color>FFB19C4E</color>
        <Icon>
          <href>http://maps.google.com/mapfiles/kml/shapes/placemark_circle.png</href>
        </Icon>
      </IconStyle>
    </Style>
    <Point>
      <coordinates>140.150969530385,37.0162302040767,397.710443626747</coordinates>
      <altitudeMode>absolute</altitudeMode>
    </Point>
  </Placemark>

  <Placemark>
    <Style>
      <IconStyle>
        <scale>0.917636363636363</scale>
        <color>FFB19C4E</color>
        <Icon>
          <href>http://maps.google.com/mapfiles/kml/shapes/placemark_circle.png</href>
        </Icon>
      </IconStyle>
    </Style>
    <Point>
      <coordinates>140.150969530385,37.0162302040767,397.710443626747</coordinates>
      <altitudeMode>absolute</altitudeMode>
    </Point>
  </Placemark>

  <Placemark>
    <Style>
      <IconStyle>
        <scale>0.95090909090909</scale>
        <color>FFAEA251</color>
        <Icon>
          <href>http://maps.google.com/mapfiles/kml/shapes/placemark_circle.png</href>
        </Icon>
      </IconStyle>
    </Style>
    <Point>
      <coordinates>140.15097058273,37.0162320020883,397.810443629947</coordinates>
      <altitudeMode>absolute</altitudeMode>
    </Point>
  </Placemark>

  <Placemark>
    <Style>
      <IconStyle>
        <scale>0.95090909090909</scale>
        <color>FFAEA251</color>
        <Icon>
          <href>http://maps.google.com/mapfiles/kml/shapes/placemark_circle.png</href>
        </Icon>
      </IconStyle>
    </Style>
    <Point>
      <coordinates>140.15097058273,37.0162320020883,397.810443629947</coordinates>
      <altitudeMode>absolute</altitudeMode>
    </Point>
  </Placemark>

  <Placemark>
    <Style>
      <IconStyle>
        <scale>0.892727272727272</scale>
        <color>FFB3984C</color>
        <Icon>
          <href>http://maps.google.com/mapfiles/kml/shapes/placemark_circle.png</href>
        </Icon>
      </IconStyle>
    </Style>
    <Point>
      <coordinates>140.150976349298,37.0162380023592,397.910443633147</coordinates>
      <altitudeMode>absolute</altitudeMode>
    </Point>
  </Placemark>

  <Placemark>
    <Style>
      <IconStyle>
        <scale>0.892727272727272</scale>
        <color>FFB3984C</color>
        <Icon>
          <href>http://maps.google.com/mapfiles/kml/shapes/placemark_circle.png</href>
        </Icon>
      </IconStyle>
    </Style>
    <Point>
      <coordinates>140.150976349298,37.0162380023592,397.910443633147</coordinates>
      <altitudeMode>absolute</altitudeMode>
    </Point>
  </Placemark>

  <Placemark>
    <Style>
      <IconStyle>
        <scale>0.808181818181818</scale>
        <color>FFBA8945</color>
        <Icon>
          <href>http://maps.google.com/mapfiles/kml/shapes/placemark_circle.png</href>
        </Icon>
      </IconStyle>
    </Style>
    <Point>
      <coordinates>140.150989205996,37.0162521581025,398.610443655547</coordinates>
      <altitudeMode>absolute</altitudeMode>
    </Point>
  </Placemark>

  <Placemark>
    <Style>
      <IconStyle>
        <scale>0.808181818181818</scale>
        <color>FFBA8945</color>
        <Icon>
          <href>http://maps.google.com/mapfiles/kml/shapes/placemark_circle.png</href>
        </Icon>
      </IconStyle>
    </Style>
    <Point>
      <coordinates>140.150989205996,37.0162521581025,398.610443655547</coordinates>
      <altitudeMode>absolute</altitudeMode>
    </Point>
  </Placemark>

  <Placemark>
    <Style>
      <IconStyle>
        <scale>0.851818181818182</scale>
        <color>FFB79148</color>
        <Icon>
          <href>http://maps.google.com/mapfiles/kml/shapes/placemark_circle.png</href>
        </Icon>
      </IconStyle>
    </Style>
    <Point>
      <coordinates>140.151008423968,37.0162762286777,399.710443690747</coordinates>
      <altitudeMode>absolute</altitudeMode>
    </Point>
  </Placemark>

  <Placemark>
    <Style>
      <IconStyle>
        <scale>0.851818181818182</scale>
        <color>FFB79148</color>
        <Icon>
          <href>http://maps.google.com/mapfiles/kml/shapes/placemark_circle.png</href>
        </Icon>
      </IconStyle>
    </Style>
    <Point>
      <coordinates>140.151008423968,37.0162762286777,399.710443690747</coordinates>
      <altitudeMode>absolute</altitudeMode>
    </Point>
  </Placemark>

  <Placemark>
    <Style>
      <IconStyle>
        <scale>0.757090909090909</scale>
        <color>FFBF8140</color>
        <Icon>
          <href>http://maps.google.com/mapfiles/kml/shapes/placemark_circle.png</href>
        </Icon>
      </IconStyle>
    </Style>
    <Point>
      <coordinates>140.151033336326,37.0163074791006,400.710443722747</coordinates>
      <altitudeMode>absolute</altitudeMode>
    </Point>
  </Placemark>

  <Placemark>
    <Style>
      <IconStyle>
        <scale>0.757090909090909</scale>
        <color>FFBF8140</color>
        <Icon>
          <href>http://maps.google.com/mapfiles/kml/shapes/placemark_circle.png</href>
        </Icon>
      </IconStyle>
    </Style>
    <Point>
      <coordinates>140.151033336326,37.0163074791006,400.710443722747</coordinates>
      <altitudeMode>absolute</altitudeMode>
    </Point>
  </Placemark>

  <Placemark>
    <Style>
      <IconStyle>
        <scale>0.520727272727272</scale>
        <color>FFD3592C</color>
        <Icon>
          <href>http://maps.google.com/mapfiles/kml/shapes/placemark_circle.png</href>
        </Icon>
      </IconStyle>
    </Style>
    <Point>
      <coordinates>140.151065333236,37.0163469417406,400.910443729147</coordinates>
      <altitudeMode>absolute</altitudeMode>
    </Point>
  </Placemark>

  <Placemark>
    <Style>
      <IconStyle>
        <scale>0.520727272727272</scale>
        <color>FFD3592C</color>
        <Icon>
          <href>http://maps.google.com/mapfiles/kml/shapes/placemark_circle.png</href>
        </Icon>
      </IconStyle>
    </Style>
    <Point>
      <coordinates>140.151065333236,37.0163469417406,400.910443729147</coordinates>
      <altitudeMode>absolute</altitudeMode>
    </Point>
  </Placemark>

  <Placemark>
    <Style>
      <IconStyle>
        <scale>0.465454545454545</scale>
        <color>FFD74F28</color>
        <Icon>
          <href>http://maps.google.com/mapfiles/kml/shapes/placemark_circle.png</href>
        </Icon>
      </IconStyle>
    </Style>
    <Point>
      <coordinates>140.151101867991,37.0163915482727,401.110443735547</coordinates>
      <altitudeMode>absolute</altitudeMode>
    </Point>
  </Placemark>

  <Placemark>
    <Style>
      <IconStyle>
        <scale>0.465454545454545</scale>
        <color>FFD74F28</color>
        <Icon>
          <href>http://maps.google.com/mapfiles/kml/shapes/placemark_circle.png</href>
        </Icon>
      </IconStyle>
    </Style>
    <Point>
      <coordinates>140.151101867991,37.0163915482727,401.110443735547</coordinates>
      <altitudeMode>absolute</altitudeMode>
    </Point>
  </Placemark>

  <Placemark>
    <Style>
      <IconStyle>
        <scale>0.374181818181818</scale>
        <color>FFDF4020</color>
        <Icon>
          <href>http://maps.google.com/mapfiles/kml/shapes/placemark_circle.png</href>
        </Icon>
      </IconStyle>
    </Style>
    <Point>
      <coordinates>140.151142729624,37.0164430100839,401.610443751547</coordinates>
      <altitudeMode>absolute</altitudeMode>
    </Point>
  </Placemark>

  <Placemark>
    <Style>
      <IconStyle>
        <scale>0.374181818181818</scale>
        <color>FFDF4020</color>
        <Icon>
          <href>http://maps.google.com/mapfiles/kml/shapes/placemark_circle.png</href>
        </Icon>
      </IconStyle>
    </Style>
    <Point>
      <coordinates>140.151142729624,37.0164430100839,401.610443751547</coordinates>
      <altitudeMode>absolute</altitudeMode>
    </Point>
  </Placemark>

  <Placemark>
    <Style>
      <IconStyle>
        <scale>0.350727272727272</scale>
        <color>FFE13C1E</color>
        <Icon>
          <href>http://maps.google.com/mapfiles/kml/shapes/placemark_circle.png</href>
        </Icon>
      </IconStyle>
    </Style>
    <Point>
      <coordinates>140.151186879008,37.0164979907509,402.110443767547</coordinates>
      <altitudeMode>absolute</altitudeMode>
    </Point>
  </Placemark>

  <Placemark>
    <Style>
      <IconStyle>
        <scale>0.350727272727272</scale>
        <color>FFE13C1E</color>
        <Icon>
          <href>http://maps.google.com/mapfiles/kml/shapes/placemark_circle.png</href>
        </Icon>
      </IconStyle>
    </Style>
    <Point>
      <coordinates>140.151186879008,37.0164979907509,402.110443767547</coordinates>
      <altitudeMode>absolute</altitudeMode>
    </Point>
  </Placemark>

  <Placemark>
    <Style>
      <IconStyle>
        <scale>0.325454545454545</scale>
        <color>FFE3371C</color>
        <Icon>
          <href>http://maps.google.com/mapfiles/kml/shapes/placemark_circle.png</href>
        </Icon>
      </IconStyle>
    </Style>
    <Point>
      <coordinates>140.151234714989,37.0165562420501,402.710443786747</coordinates>
      <altitudeMode>absolute</altitudeMode>
    </Point>
  </Placemark>

  <Placemark>
    <Style>
      <IconStyle>
        <scale>0.325454545454545</scale>
        <color>FFE3371C</color>
        <Icon>
          <href>http://maps.google.com/mapfiles/kml/shapes/placemark_circle.png</href>
        </Icon>
      </IconStyle>
    </Style>
    <Point>
      <coordinates>140.151234714989,37.0165562420501,402.710443786747</coordinates>
      <altitudeMode>absolute</altitudeMode>
    </Point>
  </Placemark>

  <Placemark>
    <Style>
      <IconStyle>
        <scale>0.267818181818182</scale>
        <color>FFE82E17</color>
        <Icon>
          <href>http://maps.google.com/mapfiles/kml/shapes/placemark_circle.png</href>
        </Icon>
      </IconStyle>
    </Style>
    <Point>
      <coordinates>140.151285615567,37.0166175960774,403.110443799547</coordinates>
      <altitudeMode>absolute</altitudeMode>
    </Point>
  </Placemark>

  <Placemark>
    <Style>
      <IconStyle>
        <scale>0.267818181818182</scale>
        <color>FFE82E17</color>
        <Icon>
          <href>http://maps.google.com/mapfiles/kml/shapes/placemark_circle.png</href>
        </Icon>
      </IconStyle>
    </Style>
    <Point>
      <coordinates>140.151285615567,37.0166175960774,403.110443799547</coordinates>
      <altitudeMode>absolute</altitudeMode>
    </Point>
  </Placemark>

  <Placemark>
    <Style>
      <IconStyle>
        <scale>0.288727272727272</scale>
        <color>FFE63119</color>
        <Icon>
          <href>http://maps.google.com/mapfiles/kml/shapes/placemark_circle.png</href>
        </Icon>
      </IconStyle>
    </Style>
    <Point>
      <coordinates>140.151316135538,37.0166522739342,402.410443777147</coordinates>
      <altitudeMode>absolute</altitudeMode>
    </Point>
  </Placemark>

  <Placemark>
    <Style>
      <IconStyle>
        <scale>0.288727272727272</scale>
        <color>FFE63119</color>
        <Icon>
          <href>http://maps.google.com/mapfiles/kml/shapes/placemark_circle.png</href>
        </Icon>
      </IconStyle>
    </Style>
    <Point>
      <coordinates>140.151316135538,37.0166522739342,402.410443777147</coordinates>
      <altitudeMode>absolute</altitudeMode>
    </Point>
  </Placemark>

  <Placemark>
    <Style>
      <IconStyle>
        <scale>0.246181818181818</scale>
        <color>FFEA2A15</color>
        <Icon>
          <href>http://maps.google.com/mapfiles/kml/shapes/placemark_circle.png</href>
        </Icon>
      </IconStyle>
    </Style>
    <Point>
      <coordinates>140.151320591331,37.0166561239378,402.110443767547</coordinates>
      <altitudeMode>absolute</altitudeMode>
    </Point>
  </Placemark>

  <Placemark>
    <Style>
      <IconStyle>
        <scale>0.246181818181818</scale>
        <color>FFEA2A15</color>
        <Icon>
          <href>http://maps.google.com/mapfiles/kml/shapes/placemark_circle.png</href>
        </Icon>
      </IconStyle>
    </Style>
    <Point>
      <coordinates>140.151320591331,37.0166561239378,402.110443767547</coordinates>
      <altitudeMode>absolute</altitudeMode>
    </Point>
  </Placemark>

  <Placemark>
    <Style>
      <IconStyle>
        <scale>0.319636363636363</scale>
        <color>FFE4361B</color>
        <Icon>
          <href>http://maps.google.com/mapfiles/kml/shapes/placemark_circle.png</href>
        </Icon>
      </IconStyle>
    </Style>
    <Point>
      <coordinates>140.151320788736,37.0166562893746,402.310443773947</coordinates>
      <altitudeMode>absolute</altitudeMode>
    </Point>
  </Placemark>

  <Placemark>
    <Style>
      <IconStyle>
        <scale>0.319636363636363</scale>
        <color>FFE4361B</color>
        <Icon>
          <href>http://maps.google.com/mapfiles/kml/shapes/placemark_circle.png</href>
        </Icon>
      </IconStyle>
    </Style>
    <Point>
      <coordinates>140.151320788736,37.0166562893746,402.310443773947</coordinates>
      <altitudeMode>absolute</altitudeMode>
    </Point>
  </Placemark>

  <Placemark>
    <Style>
      <IconStyle>
        <scale>0.289454545454545</scale>
        <color>FFE63119</color>
        <Icon>
          <href>http://maps.google.com/mapfiles/kml/shapes/placemark_circle.png</href>
        </Icon>
      </IconStyle>
    </Style>
    <Point>
      <coordinates>140.15132181559,37.0166561357253,402.810443789947</coordinates>
      <altitudeMode>absolute</altitudeMode>
    </Point>
  </Placemark>

  <Placemark>
    <Style>
      <IconStyle>
        <scale>0.289454545454545</scale>
        <color>FFE63119</color>
        <Icon>
          <href>http://maps.google.com/mapfiles/kml/shapes/placemark_circle.png</href>
        </Icon>
      </IconStyle>
    </Style>
    <Point>
      <coordinates>140.15132181559,37.0166561357253,402.810443789947</coordinates>
      <altitudeMode>absolute</altitudeMode>
    </Point>
  </Placemark>

  <Placemark>
    <Style>
      <IconStyle>
        <scale>0.304363636363636</scale>
        <color>FFE5341A</color>
        <Icon>
          <href>http://maps.google.com/mapfiles/kml/shapes/placemark_circle.png</href>
        </Icon>
      </IconStyle>
    </Style>
    <Point>
      <coordinates>140.151322300779,37.0166559704256,403.010443796347</coordinates>
      <altitudeMode>absolute</altitudeMode>
    </Point>
  </Placemark>

  <Placemark>
    <Style>
      <IconStyle>
        <scale>0.304363636363636</scale>
        <color>FFE5341A</color>
        <Icon>
          <href>http://maps.google.com/mapfiles/kml/shapes/placemark_circle.png</href>
        </Icon>
      </IconStyle>
    </Style>
    <Point>
      <coordinates>140.151322300779,37.0166559704256,403.010443796347</coordinates>
      <altitudeMode>absolute</altitudeMode>
    </Point>
  </Placemark>

  <Placemark>
    <Style>
      <IconStyle>
        <scale>0.376363636363636</scale>
        <color>FFDF4020</color>
        <Icon>
          <href>http://maps.google.com/mapfiles/kml/shapes/placemark_circle.png</href>
        </Icon>
      </IconStyle>
    </Style>
    <Point>
      <coordinates>140.151321575699,37.0166552820879,403.310443805947</coordinates>
      <altitudeMode>absolute</altitudeMode>
    </Point>
  </Placemark>

  <Placemark>
    <Style>
      <IconStyle>
        <scale>0.376363636363636</scale>
        <color>FFDF4020</color>
        <Icon>
          <href>http://maps.google.com/mapfiles/kml/shapes/placemark_circle.png</href>
        </Icon>
      </IconStyle>
    </Style>
    <Point>
      <coordinates>140.151321575699,37.0166552820879,403.310443805947</coordinates>
      <altitudeMode>absolute</altitudeMode>
    </Point>
  </Placemark>

  <Placemark>
    <Style>
      <IconStyle>
        <scale>0.385090909090909</scale>
        <color>FFDE4121</color>
        <Icon>
          <href>http://maps.google.com/mapfiles/kml/shapes/placemark_circle.png</href>
        </Icon>
      </IconStyle>
    </Style>
    <Point>
      <coordinates>140.151319060148,37.0166532989022,403.310443805947</coordinates>
      <altitudeMode>absolute</altitudeMode>
    </Point>
  </Placemark>

  <Placemark>
    <Style>
      <IconStyle>
        <scale>0.385090909090909</scale>
        <color>FFDE4121</color>
        <Icon>
          <href>http://maps.google.com/mapfiles/kml/shapes/placemark_circle.png</href>
        </Icon>
      </IconStyle>
    </Style>
    <Point>
      <coordinates>140.151319060148,37.0166532989022,403.310443805947</coordinates>
      <altitudeMode>absolute</altitudeMode>
    </Point>
  </Placemark>

  <Placemark>
    <Style>
      <IconStyle>
        <scale>0.39</scale>
        <color>FFDE4221</color>
        <Icon>
          <href>http://maps.google.com/mapfiles/kml/shapes/placemark_circle.png</href>
        </Icon>
      </IconStyle>
    </Style>
    <Point>
      <coordinates>140.15131566554,37.0166501586184,403.110443799547</coordinates>
      <altitudeMode>absolute</altitudeMode>
    </Point>
  </Placemark>

  <Placemark>
    <Style>
      <IconStyle>
        <scale>0.39</scale>
        <color>FFDE4221</color>
        <Icon>
          <href>http://maps.google.com/mapfiles/kml/shapes/placemark_circle.png</href>
        </Icon>
      </IconStyle>
    </Style>
    <Point>
      <coordinates>140.15131566554,37.0166501586184,403.110443799547</coordinates>
      <altitudeMode>absolute</altitudeMode>
    </Point>
  </Placemark>

  <Placemark>
    <Style>
      <IconStyle>
        <scale>0.353454545454545</scale>
        <color>FFE13C1E</color>
        <Icon>
          <href>http://maps.google.com/mapfiles/kml/shapes/placemark_circle.png</href>
        </Icon>
      </IconStyle>
    </Style>
    <Point>
      <coordinates>140.151313321732,37.0166479773745,402.610443783547</coordinates>
      <altitudeMode>absolute</altitudeMode>
    </Point>
  </Placemark>

  <Placemark>
    <Style>
      <IconStyle>
        <scale>0.353454545454545</scale>
        <color>FFE13C1E</color>
        <Icon>
          <href>http://maps.google.com/mapfiles/kml/shapes/placemark_circle.png</href>
        </Icon>
      </IconStyle>
    </Style>
    <Point>
      <coordinates>140.151313321732,37.0166479773745,402.610443783547</coordinates>
      <altitudeMode>absolute</altitudeMode>
    </Point>
  </Placemark>

  <Placemark>
    <Style>
      <IconStyle>
        <scale>0.399818181818182</scale>
        <color>FFDD4422</color>
        <Icon>
          <href>http://maps.google.com/mapfiles/kml/shapes/placemark_circle.png</href>
        </Icon>
      </IconStyle>
    </Style>
    <Point>
      <coordinates>140.151311421229,37.0166452159368,402.010443764347</coordinates>
      <altitudeMode>absolute</altitudeMode>
    </Point>
  </Placemark>

  <Placemark>
    <Style>
      <IconStyle>
        <scale>0.399818181818182</scale>
        <color>FFDD4422</color>
        <Icon>
          <href>http://maps.google.com/mapfiles/kml/shapes/placemark_circle.png</href>
        </Icon>
      </IconStyle>
    </Style>
    <Point>
      <coordinates>140.151311421229,37.0166452159368,402.010443764347</coordinates>
      <altitudeMode>absolute</altitudeMode>
    </Point>
  </Placemark>

  <Placemark>
    <Style>
      <IconStyle>
        <scale>0.425636363636364</scale>
        <color>FFDB4824</color>
        <Icon>
          <href>http://maps.google.com/mapfiles/kml/shapes/placemark_circle.png</href>
        </Icon>
      </IconStyle>
    </Style>
    <Point>
      <coordinates>140.151307774199,37.0166409565217,401.210443738747</coordinates>
      <altitudeMode>absolute</altitudeMode>
    </Point>
  </Placemark>

  <Placemark>
    <Style>
      <IconStyle>
        <scale>0.425636363636364</scale>
        <color>FFDB4824</color>
        <Icon>
          <href>http://maps.google.com/mapfiles/kml/shapes/placemark_circle.png</href>
        </Icon>
      </IconStyle>
    </Style>
    <Point>
      <coordinates>140.151307774199,37.0166409565217,401.210443738747</coordinates>
      <altitudeMode>absolute</altitudeMode>
    </Point>
  </Placemark>

  <Placemark>
    <Style>
      <IconStyle>
        <scale>0.398363636363636</scale>
        <color>FFDD4422</color>
        <Icon>
          <href>http://maps.google.com/mapfiles/kml/shapes/placemark_circle.png</href>
        </Icon>
      </IconStyle>
    </Style>
    <Point>
      <coordinates>140.151301589046,37.0166332281421,400.810443725947</coordinates>
      <altitudeMode>absolute</altitudeMode>
    </Point>
  </Placemark>

  <Placemark>
    <Style>
      <IconStyle>
        <scale>0.398363636363636</scale>
        <color>FFDD4422</color>
        <Icon>
          <href>http://maps.google.com/mapfiles/kml/shapes/placemark_circle.png</href>
        </Icon>
      </IconStyle>
    </Style>
    <Point>
      <coordinates>140.151301589046,37.0166332281421,400.810443725947</coordinates>
      <altitudeMode>absolute</altitudeMode>
    </Point>
  </Placemark>

  <Placemark>
    <Style>
      <IconStyle>
        <scale>0.42</scale>
        <color>FFDB4724</color>
        <Icon>
          <href>http://maps.google.com/mapfiles/kml/shapes/placemark_circle.png</href>
        </Icon>
      </IconStyle>
    </Style>
    <Point>
      <coordinates>140.151292892289,37.0166229955948,400.210443706747</coordinates>
      <altitudeMode>absolute</altitudeMode>
    </Point>
  </Placemark>

  <Placemark>
    <Style>
      <IconStyle>
        <scale>0.42</scale>
        <color>FFDB4724</color>
        <Icon>
          <href>http://maps.google.com/mapfiles/kml/shapes/placemark_circle.png</href>
        </Icon>
      </IconStyle>
    </Style>
    <Point>
      <coordinates>140.151292892289,37.0166229955948,400.210443706747</coordinates>
      <altitudeMode>absolute</altitudeMode>
    </Point>
  </Placemark>

  <Placemark>
    <Style>
      <IconStyle>
        <scale>0.418727272727273</scale>
        <color>FFDB4724</color>
        <Icon>
          <href>http://maps.google.com/mapfiles/kml/shapes/placemark_circle.png</href>
        </Icon>
      </IconStyle>
    </Style>
    <Point>
      <coordinates>140.151283430113,37.0166123540471,399.710443690747</coordinates>
      <altitudeMode>absolute</altitudeMode>
    </Point>
  </Placemark>

  <Placemark>
    <Style>
      <IconStyle>
        <scale>0.418727272727273</scale>
        <color>FFDB4724</color>
        <Icon>
          <href>http://maps.google.com/mapfiles/kml/shapes/placemark_circle.png</href>
        </Icon>
      </IconStyle>
    </Style>
    <Point>
      <coordinates>140.151283430113,37.0166123540471,399.710443690747</coordinates>
      <altitudeMode>absolute</altitudeMode>
    </Point>
  </Placemark>

  <Placemark>
    <Style>
      <IconStyle>
        <scale>0.386909090909091</scale>
        <color>FFDE4221</color>
        <Icon>
          <href>http://maps.google.com/mapfiles/kml/shapes/placemark_circle.png</href>
        </Icon>
      </IconStyle>
    </Style>
    <Point>
      <coordinates>140.151273806321,37.0166005965206,399.310443677947</coordinates>
      <altitudeMode>absolute</altitudeMode>
    </Point>
  </Placemark>

  <Placemark>
    <Style>
      <IconStyle>
        <scale>0.386909090909091</scale>
        <color>FFDE4221</color>
        <Icon>
          <href>http://maps.google.com/mapfiles/kml/shapes/placemark_circle.png</href>
        </Icon>
      </IconStyle>
    </Style>
    <Point>
      <coordinates>140.151273806321,37.0166005965206,399.310443677947</coordinates>
      <altitudeMode>absolute</altitudeMode>
    </Point>
  </Placemark>

  <Placemark>
    <Style>
      <IconStyle>
        <scale>0.380909090909091</scale>
        <color>FFDF4120</color>
        <Icon>
          <href>http://maps.google.com/mapfiles/kml/shapes/placemark_circle.png</href>
        </Icon>
      </IconStyle>
    </Style>
    <Point>
      <coordinates>140.151263708069,37.0165878772128,398.810443661947</coordinates>
      <altitudeMode>absolute</altitudeMode>
    </Point>
  </Placemark>

  <Placemark>
    <Style>
      <IconStyle>
        <scale>0.380909090909091</scale>
        <color>FFDF4120</color>
        <Icon>
          <href>http://maps.google.com/mapfiles/kml/shapes/placemark_circle.png</href>
        </Icon>
      </IconStyle>
    </Style>
    <Point>
      <coordinates>140.151263708069,37.0165878772128,398.810443661947</coordinates>
      <altitudeMode>absolute</altitudeMode>
    </Point>
  </Placemark>

  <Placemark>
    <Style>
      <IconStyle>
        <scale>0.438363636363636</scale>
        <color>FFDA4B25</color>
        <Icon>
          <href>http://maps.google.com/mapfiles/kml/shapes/placemark_circle.png</href>
        </Icon>
      </IconStyle>
    </Style>
    <Point>
      <coordinates>140.151254069171,37.0165749216059,398.210443642747</coordinates>
      <altitudeMode>absolute</altitudeMode>
    </Point>
  </Placemark>

  <Placemark>
    <Style>
      <IconStyle>
        <scale>0.438363636363636</scale>
        <color>FFDA4B25</color>
        <Icon>
          <href>http://maps.google.com/mapfiles/kml/shapes/placemark_circle.png</href>
        </Icon>
      </IconStyle>
    </Style>
    <Point>
      <coordinates>140.151254069171,37.0165749216059,398.210443642747</coordinates>
      <altitudeMode>absolute</altitudeMode>
    </Point>
  </Placemark>

  <Placemark>
    <Style>
      <IconStyle>
        <scale>0.477818181818182</scale>
        <color>FFD65129</color>
        <Icon>
          <href>http://maps.google.com/mapfiles/kml/shapes/placemark_circle.png</href>
        </Icon>
      </IconStyle>
    </Style>
    <Point>
      <coordinates>140.151243713862,37.0165615276668,397.210443610747</coordinates>
      <altitudeMode>absolute</altitudeMode>
    </Point>
  </Placemark>

  <Placemark>
    <Style>
      <IconStyle>
        <scale>0.477818181818182</scale>
        <color>FFD65129</color>
        <Icon>
          <href>http://maps.google.com/mapfiles/kml/shapes/placemark_circle.png</href>
        </Icon>
      </IconStyle>
    </Style>
    <Point>
      <coordinates>140.151243713862,37.0165615276668,397.210443610747</coordinates>
      <altitudeMode>absolute</altitudeMode>
    </Point>
  </Placemark>

  <Placemark>
    <Style>
      <IconStyle>
        <scale>0.465454545454545</scale>
        <color>FFD74F28</color>
        <Icon>
          <href>http://maps.google.com/mapfiles/kml/shapes/placemark_circle.png</href>
        </Icon>
      </IconStyle>
    </Style>
    <Point>
      <coordinates>140.151233209555,37.0165482555781,396.110443575547</coordinates>
      <altitudeMode>absolute</altitudeMode>
    </Point>
  </Placemark>

  <Placemark>
    <Style>
      <IconStyle>
        <scale>0.465454545454545</scale>
        <color>FFD74F28</color>
        <Icon>
          <href>http://maps.google.com/mapfiles/kml/shapes/placemark_circle.png</href>
        </Icon>
      </IconStyle>
    </Style>
    <Point>
      <coordinates>140.151233209555,37.0165482555781,396.110443575547</coordinates>
      <altitudeMode>absolute</altitudeMode>
    </Point>
  </Placemark>

  <Placemark>
    <Style>
      <IconStyle>
        <scale>0.479636363636363</scale>
        <color>FFD65229</color>
        <Icon>
          <href>http://maps.google.com/mapfiles/kml/shapes/placemark_circle.png</href>
        </Icon>
      </IconStyle>
    </Style>
    <Point>
      <coordinates>140.151223953196,37.0165350936891,395.210443546747</coordinates>
      <altitudeMode>absolute</altitudeMode>
    </Point>
  </Placemark>

  <Placemark>
    <Style>
      <IconStyle>
        <scale>0.479636363636363</scale>
        <color>FFD65229</color>
        <Icon>
          <href>http://maps.google.com/mapfiles/kml/shapes/placemark_circle.png</href>
        </Icon>
      </IconStyle>
    </Style>
    <Point>
      <coordinates>140.151223953196,37.0165350936891,395.210443546747</coordinates>
      <altitudeMode>absolute</altitudeMode>
    </Point>
  </Placemark>

  <Placemark>
    <Style>
      <IconStyle>
        <scale>0.507272727272727</scale>
        <color>FFD4562B</color>
        <Icon>
          <href>http://maps.google.com/mapfiles/kml/shapes/placemark_circle.png</href>
        </Icon>
      </IconStyle>
    </Style>
    <Point>
      <coordinates>140.151213933305,37.0165221373969,394.410443521147</coordinates>
      <altitudeMode>absolute</altitudeMode>
    </Point>
  </Placemark>

  <Placemark>
    <Style>
      <IconStyle>
        <scale>0.507272727272727</scale>
        <color>FFD4562B</color>
        <Icon>
          <href>http://maps.google.com/mapfiles/kml/shapes/placemark_circle.png</href>
        </Icon>
      </IconStyle>
    </Style>
    <Point>
      <coordinates>140.151213933305,37.0165221373969,394.410443521147</coordinates>
      <altitudeMode>absolute</altitudeMode>
    </Point>
  </Placemark>

  <Placemark>
    <Style>
      <IconStyle>
        <scale>0.503636363636363</scale>
        <color>FFD4562B</color>
        <Icon>
          <href>http://maps.google.com/mapfiles/kml/shapes/placemark_circle.png</href>
        </Icon>
      </IconStyle>
    </Style>
    <Point>
      <coordinates>140.151202358543,37.0165089487804,393.610443495547</coordinates>
      <altitudeMode>absolute</altitudeMode>
    </Point>
  </Placemark>

  <Placemark>
    <Style>
      <IconStyle>
        <scale>0.503636363636363</scale>
        <color>FFD4562B</color>
        <Icon>
          <href>http://maps.google.com/mapfiles/kml/shapes/placemark_circle.png</href>
        </Icon>
      </IconStyle>
    </Style>
    <Point>
      <coordinates>140.151202358543,37.0165089487804,393.610443495547</coordinates>
      <altitudeMode>absolute</altitudeMode>
    </Point>
  </Placemark>

  <Placemark>
    <Style>
      <IconStyle>
        <scale>0.528909090909091</scale>
        <color>FFD25A2D</color>
        <Icon>
          <href>http://maps.google.com/mapfiles/kml/shapes/placemark_circle.png</href>
        </Icon>
      </IconStyle>
    </Style>
    <Point>
      <coordinates>140.151191549887,37.0164962422196,392.710443466747</coordinates>
      <altitudeMode>absolute</altitudeMode>
    </Point>
  </Placemark>

  <Placemark>
    <Style>
      <IconStyle>
        <scale>0.528909090909091</scale>
        <color>FFD25A2D</color>
        <Icon>
          <href>http://maps.google.com/mapfiles/kml/shapes/placemark_circle.png</href>
        </Icon>
      </IconStyle>
    </Style>
    <Point>
      <coordinates>140.151191549887,37.0164962422196,392.710443466747</coordinates>
      <altitudeMode>absolute</altitudeMode>
    </Point>
  </Placemark>

  <Placemark>
    <Style>
      <IconStyle>
        <scale>0.577454545454545</scale>
        <color>FFCE6231</color>
        <Icon>
          <href>http://maps.google.com/mapfiles/kml/shapes/placemark_circle.png</href>
        </Icon>
      </IconStyle>
    </Style>
    <Point>
      <coordinates>140.151178718251,37.0164801577051,391.710443434747</coordinates>
      <altitudeMode>absolute</altitudeMode>
    </Point>
  </Placemark>

  <Placemark>
    <Style>
      <IconStyle>
        <scale>0.577454545454545</scale>
        <color>FFCE6231</color>
        <Icon>
          <href>http://maps.google.com/mapfiles/kml/shapes/placemark_circle.png</href>
        </Icon>
      </IconStyle>
    </Style>
    <Point>
      <coordinates>140.151178718251,37.0164801577051,391.710443434747</coordinates>
      <altitudeMode>absolute</altitudeMode>
    </Point>
  </Placemark>

  <Placemark>
    <Style>
      <IconStyle>
        <scale>0.532363636363636</scale>
        <color>FFD25B2D</color>
        <Icon>
          <href>http://maps.google.com/mapfiles/kml/shapes/placemark_circle.png</href>
        </Icon>
      </IconStyle>
    </Style>
    <Point>
      <coordinates>140.151170541187,37.0164697880934,391.010443412347</coordinates>
      <altitudeMode>absolute</altitudeMode>
    </Point>
  </Placemark>

  <Placemark>
    <Style>
      <IconStyle>
        <scale>0.532363636363636</scale>
        <color>FFD25B2D</color>
        <Icon>
          <href>http://maps.google.com/mapfiles/kml/shapes/placemark_circle.png</href>
        </Icon>
      </IconStyle>
    </Style>
    <Point>
      <coordinates>140.151170541187,37.0164697880934,391.010443412347</coordinates>
      <altitudeMode>absolute</altitudeMode>
    </Point>
  </Placemark>

  <Placemark>
    <Style>
      <IconStyle>
        <scale>0.615818181818182</scale>
        <color>FFCB6934</color>
        <Icon>
          <href>http://maps.google.com/mapfiles/kml/shapes/placemark_circle.png</href>
        </Icon>
      </IconStyle>
    </Style>
    <Point>
      <coordinates>140.151160283208,37.0164568001392,390.210443386747</coordinates>
      <altitudeMode>absolute</altitudeMode>
    </Point>
  </Placemark>

  <Placemark>
    <Style>
      <IconStyle>
        <scale>0.615818181818182</scale>
        <color>FFCB6934</color>
        <Icon>
          <href>http://maps.google.com/mapfiles/kml/shapes/placemark_circle.png</href>
        </Icon>
      </IconStyle>
    </Style>
    <Point>
      <coordinates>140.151160283208,37.0164568001392,390.210443386747</coordinates>
      <altitudeMode>absolute</altitudeMode>
    </Point>
  </Placemark>

  <Placemark>
    <Style>
      <IconStyle>
        <scale>0.607090909090909</scale>
        <color>FFCB6734</color>
        <Icon>
          <href>http://maps.google.com/mapfiles/kml/shapes/placemark_circle.png</href>
        </Icon>
      </IconStyle>
    </Style>
    <Point>
      <coordinates>140.151149636682,37.0164439695351,389.510443364347</coordinates>
      <altitudeMode>absolute</altitudeMode>
    </Point>
  </Placemark>

  <Placemark>
    <Style>
      <IconStyle>
        <scale>0.607090909090909</scale>
        <color>FFCB6734</color>
        <Icon>
          <href>http://maps.google.com/mapfiles/kml/shapes/placemark_circle.png</href>
        </Icon>
      </IconStyle>
    </Style>
    <Point>
      <coordinates>140.151149636682,37.0164439695351,389.510443364347</coordinates>
      <altitudeMode>absolute</altitudeMode>
    </Point>
  </Placemark>

  <Placemark>
    <Style>
      <IconStyle>
        <scale>0.578181818181818</scale>
        <color>FFCE6231</color>
        <Icon>
          <href>http://maps.google.com/mapfiles/kml/shapes/placemark_circle.png</href>
        </Icon>
      </IconStyle>
    </Style>
    <Point>
      <coordinates>140.151139053927,37.0164305295423,388.810443341947</coordinates>
      <altitudeMode>absolute</altitudeMode>
    </Point>
  </Placemark>

  <Placemark>
    <Style>
      <IconStyle>
        <scale>0.578181818181818</scale>
        <color>FFCE6231</color>
        <Icon>
          <href>http://maps.google.com/mapfiles/kml/shapes/placemark_circle.png</href>
        </Icon>
      </IconStyle>
    </Style>
    <Point>
      <coordinates>140.151139053927,37.0164305295423,388.810443341947</coordinates>
      <altitudeMode>absolute</altitudeMode>
    </Point>
  </Placemark>

  <Placemark>
    <Style>
      <IconStyle>
        <scale>0.604</scale>
        <color>FFCC6733</color>
        <Icon>
          <href>http://maps.google.com/mapfiles/kml/shapes/placemark_circle.png</href>
        </Icon>
      </IconStyle>
    </Style>
    <Point>
      <coordinates>140.151128075074,37.0164170089557,388.210443322747</coordinates>
      <altitudeMode>absolute</altitudeMode>
    </Point>
  </Placemark>

  <Placemark>
    <Style>
      <IconStyle>
        <scale>0.604</scale>
        <color>FFCC6733</color>
        <Icon>
          <href>http://maps.google.com/mapfiles/kml/shapes/placemark_circle.png</href>
        </Icon>
      </IconStyle>
    </Style>
    <Point>
      <coordinates>140.151128075074,37.0164170089557,388.210443322747</coordinates>
      <altitudeMode>absolute</altitudeMode>
    </Point>
  </Placemark>

  <Placemark>
    <Style>
      <IconStyle>
        <scale>0.576909090909091</scale>
        <color>FFCE6231</color>
        <Icon>
          <href>http://maps.google.com/mapfiles/kml/shapes/placemark_circle.png</href>
        </Icon>
      </IconStyle>
    </Style>
    <Point>
      <coordinates>140.151117087808,37.0164035333262,387.410443297147</coordinates>
      <altitudeMode>absolute</altitudeMode>
    </Point>
  </Placemark>

  <Placemark>
    <Style>
      <IconStyle>
        <scale>0.576909090909091</scale>
        <color>FFCE6231</color>
        <Icon>
          <href>http://maps.google.com/mapfiles/kml/shapes/placemark_circle.png</href>
        </Icon>
      </IconStyle>
    </Style>
    <Point>
      <coordinates>140.151117087808,37.0164035333262,387.410443297147</coordinates>
      <altitudeMode>absolute</altitudeMode>
    </Point>
  </Placemark>

  <Placemark>
    <Style>
      <IconStyle>
        <scale>0.571818181818182</scale>
        <color>FFCE6131</color>
        <Icon>
          <href>http://maps.google.com/mapfiles/kml/shapes/placemark_circle.png</href>
        </Icon>
      </IconStyle>
    </Style>
    <Point>
      <coordinates>140.151105870608,37.0163899969772,386.810443277947</coordinates>
      <altitudeMode>absolute</altitudeMode>
    </Point>
  </Placemark>

  <Placemark>
    <Style>
      <IconStyle>
        <scale>0.571818181818182</scale>
        <color>FFCE6131</color>
        <Icon>
          <href>http://maps.google.com/mapfiles/kml/shapes/placemark_circle.png</href>
        </Icon>
      </IconStyle>
    </Style>
    <Point>
      <coordinates>140.151105870608,37.0163899969772,386.810443277947</coordinates>
      <altitudeMode>absolute</altitudeMode>
    </Point>
  </Placemark>

  <Placemark>
    <Style>
      <IconStyle>
        <scale>0.523636363636364</scale>
        <color>FFD2592D</color>
        <Icon>
          <href>http://maps.google.com/mapfiles/kml/shapes/placemark_circle.png</href>
        </Icon>
      </IconStyle>
    </Style>
    <Point>
      <coordinates>140.15109494514,37.0163763435751,385.910443249147</coordinates>
      <altitudeMode>absolute</altitudeMode>
    </Point>
  </Placemark>

  <Placemark>
    <Style>
      <IconStyle>
        <scale>0.523636363636364</scale>
        <color>FFD2592D</color>
        <Icon>
          <href>http://maps.google.com/mapfiles/kml/shapes/placemark_circle.png</href>
        </Icon>
      </IconStyle>
    </Style>
    <Point>
      <coordinates>140.15109494514,37.0163763435751,385.910443249147</coordinates>
      <altitudeMode>absolute</altitudeMode>
    </Point>
  </Placemark>

  <Placemark>
    <Style>
      <IconStyle>
        <scale>0.544727272727273</scale>
        <color>FFD15D2E</color>
        <Icon>
          <href>http://maps.google.com/mapfiles/kml/shapes/placemark_circle.png</href>
        </Icon>
      </IconStyle>
    </Style>
    <Point>
      <coordinates>140.151084843197,37.016362843274,385.010443220347</coordinates>
      <altitudeMode>absolute</altitudeMode>
    </Point>
  </Placemark>

  <Placemark>
    <Style>
      <IconStyle>
        <scale>0.544727272727273</scale>
        <color>FFD15D2E</color>
        <Icon>
          <href>http://maps.google.com/mapfiles/kml/shapes/placemark_circle.png</href>
        </Icon>
      </IconStyle>
    </Style>
    <Point>
      <coordinates>140.151084843197,37.016362843274,385.010443220347</coordinates>
      <altitudeMode>absolute</altitudeMode>
    </Point>
  </Placemark>

  <Placemark>
    <Style>
      <IconStyle>
        <scale>0.530727272727273</scale>
        <color>FFD25A2D</color>
        <Icon>
          <href>http://maps.google.com/mapfiles/kml/shapes/placemark_circle.png</href>
        </Icon>
      </IconStyle>
    </Style>
    <Point>
      <coordinates>140.151073562227,37.0163488825733,383.910443185147</coordinates>
      <altitudeMode>absolute</altitudeMode>
    </Point>
  </Placemark>

  <Placemark>
    <Style>
      <IconStyle>
        <scale>0.530727272727273</scale>
        <color>FFD25A2D</color>
        <Icon>
          <href>http://maps.google.com/mapfiles/kml/shapes/placemark_circle.png</href>
        </Icon>
      </IconStyle>
    </Style>
    <Point>
      <coordinates>140.151073562227,37.0163488825733,383.910443185147</coordinates>
      <altitudeMode>absolute</altitudeMode>
    </Point>
  </Placemark>

  <Placemark>
    <Style>
      <IconStyle>
        <scale>0.500363636363637</scale>
        <color>FFD4552B</color>
        <Icon>
          <href>http://maps.google.com/mapfiles/kml/shapes/placemark_circle.png</href>
        </Icon>
      </IconStyle>
    </Style>
    <Point>
      <coordinates>140.151063409731,37.0163354547793,383.110443159547</coordinates>
      <altitudeMode>absolute</altitudeMode>
    </Point>
  </Placemark>

  <Placemark>
    <Style>
      <IconStyle>
        <scale>0.500363636363637</scale>
        <color>FFD4552B</color>
        <Icon>
          <href>http://maps.google.com/mapfiles/kml/shapes/placemark_circle.png</href>
        </Icon>
      </IconStyle>
    </Style>
    <Point>
      <coordinates>140.151063409731,37.0163354547793,383.110443159547</coordinates>
      <altitudeMode>absolute</altitudeMode>
    </Point>
  </Placemark>

  <Placemark>
    <Style>
      <IconStyle>
        <scale>0.598363636363637</scale>
        <color>FFCC6633</color>
        <Icon>
          <href>http://maps.google.com/mapfiles/kml/shapes/placemark_circle.png</href>
        </Icon>
      </IconStyle>
    </Style>
    <Point>
      <coordinates>140.151051955472,37.0163218041185,382.310443133947</coordinates>
      <altitudeMode>absolute</altitudeMode>
    </Point>
  </Placemark>

  <Placemark>
    <Style>
      <IconStyle>
        <scale>0.598363636363637</scale>
        <color>FFCC6633</color>
        <Icon>
          <href>http://maps.google.com/mapfiles/kml/shapes/placemark_circle.png</href>
        </Icon>
      </IconStyle>
    </Style>
    <Point>
      <coordinates>140.151051955472,37.0163218041185,382.310443133947</coordinates>
      <altitudeMode>absolute</altitudeMode>
    </Point>
  </Placemark>

  <Placemark>
    <Style>
      <IconStyle>
        <scale>0.554727272727273</scale>
        <color>FFD05E2F</color>
        <Icon>
          <href>http://maps.google.com/mapfiles/kml/shapes/placemark_circle.png</href>
        </Icon>
      </IconStyle>
    </Style>
    <Point>
      <coordinates>140.151039789694,37.0163075812136,381.410443105147</coordinates>
      <altitudeMode>absolute</altitudeMode>
    </Point>
  </Placemark>

  <Placemark>
    <Style>
      <IconStyle>
        <scale>0.554727272727273</scale>
        <color>FFD05E2F</color>
        <Icon>
          <href>http://maps.google.com/mapfiles/kml/shapes/placemark_circle.png</href>
        </Icon>
      </IconStyle>
    </Style>
    <Point>
      <coordinates>140.151039789694,37.0163075812136,381.410443105147</coordinates>
      <altitudeMode>absolute</altitudeMode>
    </Point>
  </Placemark>

  <Placemark>
    <Style>
      <IconStyle>
        <scale>0.595090909090909</scale>
        <color>FFCC6533</color>
        <Icon>
          <href>http://maps.google.com/mapfiles/kml/shapes/placemark_circle.png</href>
        </Icon>
      </IconStyle>
    </Style>
    <Point>
      <coordinates>140.151028270893,37.0162936052988,380.710443082747</coordinates>
      <altitudeMode>absolute</altitudeMode>
    </Point>
  </Placemark>

  <Placemark>
    <Style>
      <IconStyle>
        <scale>0.595090909090909</scale>
        <color>FFCC6533</color>
        <Icon>
          <href>http://maps.google.com/mapfiles/kml/shapes/placemark_circle.png</href>
        </Icon>
      </IconStyle>
    </Style>
    <Point>
      <coordinates>140.151028270893,37.0162936052988,380.710443082747</coordinates>
      <altitudeMode>absolute</altitudeMode>
    </Point>
  </Placemark>

  <Placemark>
    <Style>
      <IconStyle>
        <scale>0.537090909090909</scale>
        <color>FFD15B2E</color>
        <Icon>
          <href>http://maps.google.com/mapfiles/kml/shapes/placemark_circle.png</href>
        </Icon>
      </IconStyle>
    </Style>
    <Point>
      <coordinates>140.151017131711,37.0162796317141,380.110443063547</coordinates>
      <altitudeMode>absolute</altitudeMode>
    </Point>
  </Placemark>

  <Placemark>
    <Style>
      <IconStyle>
        <scale>0.537090909090909</scale>
        <color>FFD15B2E</color>
        <Icon>
          <href>http://maps.google.com/mapfiles/kml/shapes/placemark_circle.png</href>
        </Icon>
      </IconStyle>
    </Style>
    <Point>
      <coordinates>140.151017131711,37.0162796317141,380.110443063547</coordinates>
      <altitudeMode>absolute</altitudeMode>
    </Point>
  </Placemark>

  <Placemark>
    <Style>
      <IconStyle>
        <scale>0.565272727272727</scale>
        <color>FFCF6030</color>
        <Icon>
          <href>http://maps.google.com/mapfiles/kml/shapes/placemark_circle.png</href>
        </Icon>
      </IconStyle>
    </Style>
    <Point>
      <coordinates>140.151005983689,37.016266103726,379.410443041147</coordinates>
      <altitudeMode>absolute</altitudeMode>
    </Point>
  </Placemark>

  <Placemark>
    <Style>
      <IconStyle>
        <scale>0.565272727272727</scale>
        <color>FFCF6030</color>
        <Icon>
          <href>http://maps.google.com/mapfiles/kml/shapes/placemark_circle.png</href>
        </Icon>
      </IconStyle>
    </Style>
    <Point>
      <coordinates>140.151005983689,37.016266103726,379.410443041147</coordinates>
      <altitudeMode>absolute</altitudeMode>
    </Point>
  </Placemark>

  <Placemark>
    <Style>
      <IconStyle>
        <scale>0.652</scale>
        <color>FFC86F37</color>
        <Icon>
          <href>http://maps.google.com/mapfiles/kml/shapes/placemark_circle.png</href>
        </Icon>
      </IconStyle>
    </Style>
    <Point>
      <coordinates>140.150994556123,37.0162522892732,378.610443015547</coordinates>
      <altitudeMode>absolute</altitudeMode>
    </Point>
  </Placemark>

  <Placemark>
    <Style>
      <IconStyle>
        <scale>0.652</scale>
        <color>FFC86F37</color>
        <Icon>
          <href>http://maps.google.com/mapfiles/kml/shapes/placemark_circle.png</href>
        </Icon>
      </IconStyle>
    </Style>
    <Point>
      <coordinates>140.150994556123,37.0162522892732,378.610443015547</coordinates>
      <altitudeMode>absolute</altitudeMode>
    </Point>
  </Placemark>

  <Placemark>
    <Style>
      <IconStyle>
        <scale>0.694909090909091</scale>
        <color>FFC4763B</color>
        <Icon>
          <href>http://maps.google.com/mapfiles/kml/shapes/placemark_circle.png</href>
        </Icon>
      </IconStyle>
    </Style>
    <Point>
      <coordinates>140.150983803256,37.0162390720102,377.810442989947</coordinates>
      <altitudeMode>absolute</altitudeMode>
    </Point>
  </Placemark>

  <Placemark>
    <Style>
      <IconStyle>
        <scale>0.694909090909091</scale>
        <color>FFC4763B</color>
        <Icon>
          <href>http://maps.google.com/mapfiles/kml/shapes/placemark_circle.png</href>
        </Icon>
      </IconStyle>
    </Style>
    <Point>
      <coordinates>140.150983803256,37.0162390720102,377.810442989947</coordinates>
      <altitudeMode>absolute</altitudeMode>
    </Point>
  </Placemark>

  <Placemark>
    <Style>
      <IconStyle>
        <scale>0.675636363636364</scale>
        <color>FFC67339</color>
        <Icon>
          <href>http://maps.google.com/mapfiles/kml/shapes/placemark_circle.png</href>
        </Icon>
      </IconStyle>
    </Style>
    <Point>
      <coordinates>140.150972815132,37.0162255192134,377.210442970747</coordinates>
      <altitudeMode>absolute</altitudeMode>
    </Point>
  </Placemark>

  <Placemark>
    <Style>
      <IconStyle>
        <scale>0.675636363636364</scale>
        <color>FFC67339</color>
        <Icon>
          <href>http://maps.google.com/mapfiles/kml/shapes/placemark_circle.png</href>
        </Icon>
      </IconStyle>
    </Style>
    <Point>
      <coordinates>140.150972815132,37.0162255192134,377.210442970747</coordinates>
      <altitudeMode>absolute</altitudeMode>
    </Point>
  </Placemark>

  <Placemark>
    <Style>
      <IconStyle>
        <scale>0.767090909090909</scale>
        <color>FFBE8241</color>
        <Icon>
          <href>http://maps.google.com/mapfiles/kml/shapes/placemark_circle.png</href>
        </Icon>
      </IconStyle>
    </Style>
    <Point>
      <coordinates>140.150961491419,37.0162114269309,376.510442948347</coordinates>
      <altitudeMode>absolute</altitudeMode>
    </Point>
  </Placemark>

  <Placemark>
    <Style>
      <IconStyle>
        <scale>0.767090909090909</scale>
        <color>FFBE8241</color>
        <Icon>
          <href>http://maps.google.com/mapfiles/kml/shapes/placemark_circle.png</href>
        </Icon>
      </IconStyle>
    </Style>
    <Point>
      <coordinates>140.150961491419,37.0162114269309,376.510442948347</coordinates>
      <altitudeMode>absolute</altitudeMode>
    </Point>
  </Placemark>

  <Placemark>
    <Style>
      <IconStyle>
        <scale>0.736181818181818</scale>
        <color>FFC07D3F</color>
        <Icon>
          <href>http://maps.google.com/mapfiles/kml/shapes/placemark_circle.png</href>
        </Icon>
      </IconStyle>
    </Style>
    <Point>
      <coordinates>140.150949695305,37.016198178006,375.810442925947</coordinates>
      <altitudeMode>absolute</altitudeMode>
    </Point>
  </Placemark>

  <Placemark>
    <Style>
      <IconStyle>
        <scale>0.736181818181818</scale>
        <color>FFC07D3F</color>
        <Icon>
          <href>http://maps.google.com/mapfiles/kml/shapes/placemark_circle.png</href>
        </Icon>
      </IconStyle>
    </Style>
    <Point>
      <coordinates>140.150949695305,37.016198178006,375.810442925947</coordinates>
      <altitudeMode>absolute</altitudeMode>
    </Point>
  </Placemark>

  <Placemark>
    <Style>
      <IconStyle>
        <scale>0.706363636363636</scale>
        <color>FFC3783C</color>
        <Icon>
          <href>http://maps.google.com/mapfiles/kml/shapes/placemark_circle.png</href>
        </Icon>
      </IconStyle>
    </Style>
    <Point>
      <coordinates>140.150937709252,37.016184369447,375.210442906747</coordinates>
      <altitudeMode>absolute</altitudeMode>
    </Point>
  </Placemark>

  <Placemark>
    <Style>
      <IconStyle>
        <scale>0.706363636363636</scale>
        <color>FFC3783C</color>
        <Icon>
          <href>http://maps.google.com/mapfiles/kml/shapes/placemark_circle.png</href>
        </Icon>
      </IconStyle>
    </Style>
    <Point>
      <coordinates>140.150937709252,37.016184369447,375.210442906747</coordinates>
      <altitudeMode>absolute</altitudeMode>
    </Point>
  </Placemark>

  <Placemark>
    <Style>
      <IconStyle>
        <scale>0.595818181818182</scale>
        <color>FFCC6533</color>
        <Icon>
          <href>http://maps.google.com/mapfiles/kml/shapes/placemark_circle.png</href>
        </Icon>
      </IconStyle>
    </Style>
    <Point>
      <coordinates>140.150925763196,37.016170180397,374.310442877947</coordinates>
      <altitudeMode>absolute</altitudeMode>
    </Point>
  </Placemark>

  <Placemark>
    <Style>
      <IconStyle>
        <scale>0.595818181818182</scale>
        <color>FFCC6533</color>
        <Icon>
          <href>http://maps.google.com/mapfiles/kml/shapes/placemark_circle.png</href>
        </Icon>
      </IconStyle>
    </Style>
    <Point>
      <coordinates>140.150925763196,37.016170180397,374.310442877947</coordinates>
      <altitudeMode>absolute</altitudeMode>
    </Point>
  </Placemark>

  <Placemark>
    <Style>
      <IconStyle>
        <scale>0.557454545454545</scale>
        <color>FFD05F2F</color>
        <Icon>
          <href>http://maps.google.com/mapfiles/kml/shapes/placemark_circle.png</href>
        </Icon>
      </IconStyle>
    </Style>
    <Point>
      <coordinates>140.150914386269,37.0161561536998,373.510442852347</coordinates>
      <altitudeMode>absolute</altitudeMode>
    </Point>
  </Placemark>

  <Placemark>
    <Style>
      <IconStyle>
        <scale>0.557454545454545</scale>
        <color>FFD05F2F</color>
        <Icon>
          <href>http://maps.google.com/mapfiles/kml/shapes/placemark_circle.png</href>
        </Icon>
      </IconStyle>
    </Style>
    <Point>
      <coordinates>140.150914386269,37.0161561536998,373.510442852347</coordinates>
      <altitudeMode>absolute</altitudeMode>
    </Point>
  </Placemark>

  <Placemark>
    <Style>
      <IconStyle>
        <scale>0.568</scale>
        <color>FFCF6130</color>
        <Icon>
          <href>http://maps.google.com/mapfiles/kml/shapes/placemark_circle.png</href>
        </Icon>
      </IconStyle>
    </Style>
    <Point>
      <coordinates>140.150903079206,37.0161428640668,372.710442826747</coordinates>
      <altitudeMode>absolute</altitudeMode>
    </Point>
  </Placemark>

  <Placemark>
    <Style>
      <IconStyle>
        <scale>0.568</scale>
        <color>FFCF6130</color>
        <Icon>
          <href>http://maps.google.com/mapfiles/kml/shapes/placemark_circle.png</href>
        </Icon>
      </IconStyle>
    </Style>
    <Point>
      <coordinates>140.150903079206,37.0161428640668,372.710442826747</coordinates>
      <altitudeMode>absolute</altitudeMode>
    </Point>
  </Placemark>

  <Placemark>
    <Style>
      <IconStyle>
        <scale>0.560909090909091</scale>
        <color>FFCF5F30</color>
        <Icon>
          <href>http://maps.google.com/mapfiles/kml/shapes/placemark_circle.png</href>
        </Icon>
      </IconStyle>
    </Style>
    <Point>
      <coordinates>140.150891885266,37.016127575143,371.710442794747</coordinates>
      <altitudeMode>absolute</altitudeMode>
    </Point>
  </Placemark>

  <Placemark>
    <Style>
      <IconStyle>
        <scale>0.560909090909091</scale>
        <color>FFCF5F30</color>
        <Icon>
          <href>http://maps.google.com/mapfiles/kml/shapes/placemark_circle.png</href>
        </Icon>
      </IconStyle>
    </Style>
    <Point>
      <coordinates>140.150891885266,37.016127575143,371.710442794747</coordinates>
      <altitudeMode>absolute</altitudeMode>
    </Point>
  </Placemark>

  <Placemark>
    <Style>
      <IconStyle>
        <scale>0.541636363636364</scale>
        <color>FFD15C2E</color>
        <Icon>
          <href>http://maps.google.com/mapfiles/kml/shapes/placemark_circle.png</href>
        </Icon>
      </IconStyle>
    </Style>
    <Point>
      <coordinates>140.150879661897,37.0161126523869,370.810442765947</coordinates>
      <altitudeMode>absolute</altitudeMode>
    </Point>
  </Placemark>

  <Placemark>
    <Style>
      <IconStyle>
        <scale>0.541636363636364</scale>
        <color>FFD15C2E</color>
        <Icon>
          <href>http://maps.google.com/mapfiles/kml/shapes/placemark_circle.png</href>
        </Icon>
      </IconStyle>
    </Style>
    <Point>
      <coordinates>140.150879661897,37.0161126523869,370.810442765947</coordinates>
      <altitudeMode>absolute</altitudeMode>
    </Point>
  </Placemark>

  <Placemark>
    <Style>
      <IconStyle>
        <scale>0.480181818181818</scale>
        <color>FFD65229</color>
        <Icon>
          <href>http://maps.google.com/mapfiles/kml/shapes/placemark_circle.png</href>
        </Icon>
      </IconStyle>
    </Style>
    <Point>
      <coordinates>140.150867314849,37.0160976483516,369.810442733947</coordinates>
      <altitudeMode>absolute</altitudeMode>
    </Point>
  </Placemark>

  <Placemark>
    <Style>
      <IconStyle>
        <scale>0.480181818181818</scale>
        <color>FFD65229</color>
        <Icon>
          <href>http://maps.google.com/mapfiles/kml/shapes/placemark_circle.png</href>
        </Icon>
      </IconStyle>
    </Style>
    <Point>
      <coordinates>140.150867314849,37.0160976483516,369.810442733947</coordinates>
      <altitudeMode>absolute</altitudeMode>
    </Point>
  </Placemark>

  <Placemark>
    <Style>
      <IconStyle>
        <scale>0.433454545454546</scale>
        <color>FFDA4A25</color>
        <Icon>
          <href>http://maps.google.com/mapfiles/kml/shapes/placemark_circle.png</href>
        </Icon>
      </IconStyle>
    </Style>
    <Point>
      <coordinates>140.150853979656,37.0160820315011,368.910442705147</coordinates>
      <altitudeMode>absolute</altitudeMode>
    </Point>
  </Placemark>

  <Placemark>
    <Style>
      <IconStyle>
        <scale>0.433454545454546</scale>
        <color>FFDA4A25</color>
        <Icon>
          <href>http://maps.google.com/mapfiles/kml/shapes/placemark_circle.png</href>
        </Icon>
      </IconStyle>
    </Style>
    <Point>
      <coordinates>140.150853979656,37.0160820315011,368.910442705147</coordinates>
      <altitudeMode>absolute</altitudeMode>
    </Point>
  </Placemark>

  <Placemark>
    <Style>
      <IconStyle>
        <scale>0.433636363636364</scale>
        <color>FFDA4A25</color>
        <Icon>
          <href>http://maps.google.com/mapfiles/kml/shapes/placemark_circle.png</href>
        </Icon>
      </IconStyle>
    </Style>
    <Point>
      <coordinates>140.150841425161,37.0160667978829,367.710442666747</coordinates>
      <altitudeMode>absolute</altitudeMode>
    </Point>
  </Placemark>

  <Placemark>
    <Style>
      <IconStyle>
        <scale>0.433636363636364</scale>
        <color>FFDA4A25</color>
        <Icon>
          <href>http://maps.google.com/mapfiles/kml/shapes/placemark_circle.png</href>
        </Icon>
      </IconStyle>
    </Style>
    <Point>
      <coordinates>140.150841425161,37.0160667978829,367.710442666747</coordinates>
      <altitudeMode>absolute</altitudeMode>
    </Point>
  </Placemark>

  <Placemark>
    <Style>
      <IconStyle>
        <scale>0.326181818181818</scale>
        <color>FFE3371C</color>
        <Icon>
          <href>http://maps.google.com/mapfiles/kml/shapes/placemark_circle.png</href>
        </Icon>
      </IconStyle>
    </Style>
    <Point>
      <coordinates>140.150828761491,37.0160522934476,366.010442612347</coordinates>
      <altitudeMode>absolute</altitudeMode>
    </Point>
  </Placemark>

  <Placemark>
    <Style>
      <IconStyle>
        <scale>0.326181818181818</scale>
        <color>FFE3371C</color>
        <Icon>
          <href>http://maps.google.com/mapfiles/kml/shapes/placemark_circle.png</href>
        </Icon>
      </IconStyle>
    </Style>
    <Point>
      <coordinates>140.150828761491,37.0160522934476,366.010442612347</coordinates>
      <altitudeMode>absolute</altitudeMode>
    </Point>
  </Placemark>

  <Placemark>
    <Style>
      <IconStyle>
        <scale>0.356909090909091</scale>
        <color>FFE13D1E</color>
        <Icon>
          <href>http://maps.google.com/mapfiles/kml/shapes/placemark_circle.png</href>
        </Icon>
      </IconStyle>
    </Style>
    <Point>
      <coordinates>140.15081622296,37.0160360419201,364.810442573947</coordinates>
      <altitudeMode>absolute</altitudeMode>
    </Point>
  </Placemark>

  <Placemark>
    <Style>
      <IconStyle>
        <scale>0.356909090909091</scale>
        <color>FFE13D1E</color>
        <Icon>
          <href>http://maps.google.com/mapfiles/kml/shapes/placemark_circle.png</href>
        </Icon>
      </IconStyle>
    </Style>
    <Point>
      <coordinates>140.15081622296,37.0160360419201,364.810442573947</coordinates>
      <altitudeMode>absolute</altitudeMode>
    </Point>
  </Placemark>

  <Placemark>
    <Style>
      <IconStyle>
        <scale>0.361818181818182</scale>
        <color>FFE03E1F</color>
        <Icon>
          <href>http://maps.google.com/mapfiles/kml/shapes/placemark_circle.png</href>
        </Icon>
      </IconStyle>
    </Style>
    <Point>
      <coordinates>140.150803333732,37.0160205127908,364.210442554747</coordinates>
      <altitudeMode>absolute</altitudeMode>
    </Point>
  </Placemark>

  <Placemark>
    <Style>
      <IconStyle>
        <scale>0.361818181818182</scale>
        <color>FFE03E1F</color>
        <Icon>
          <href>http://maps.google.com/mapfiles/kml/shapes/placemark_circle.png</href>
        </Icon>
      </IconStyle>
    </Style>
    <Point>
      <coordinates>140.150803333732,37.0160205127908,364.210442554747</coordinates>
      <altitudeMode>absolute</altitudeMode>
    </Point>
  </Placemark>

  <Placemark>
    <Style>
      <IconStyle>
        <scale>0.372363636363637</scale>
        <color>FFDF3F20</color>
        <Icon>
          <href>http://maps.google.com/mapfiles/kml/shapes/placemark_circle.png</href>
        </Icon>
      </IconStyle>
    </Style>
    <Point>
      <coordinates>140.150790664999,37.0160051465627,363.310442525947</coordinates>
      <altitudeMode>absolute</altitudeMode>
    </Point>
  </Placemark>

  <Placemark>
    <Style>
      <IconStyle>
        <scale>0.372363636363637</scale>
        <color>FFDF3F20</color>
        <Icon>
          <href>http://maps.google.com/mapfiles/kml/shapes/placemark_circle.png</href>
        </Icon>
      </IconStyle>
    </Style>
    <Point>
      <coordinates>140.150790664999,37.0160051465627,363.310442525947</coordinates>
      <altitudeMode>absolute</altitudeMode>
    </Point>
  </Placemark>

  <Placemark>
    <Style>
      <IconStyle>
        <scale>0.432545454545455</scale>
        <color>FFDA4A25</color>
        <Icon>
          <href>http://maps.google.com/mapfiles/kml/shapes/placemark_circle.png</href>
        </Icon>
      </IconStyle>
    </Style>
    <Point>
      <coordinates>140.150777323455,37.0159886553095,361.910442481147</coordinates>
      <altitudeMode>absolute</altitudeMode>
    </Point>
  </Placemark>

  <Placemark>
    <Style>
      <IconStyle>
        <scale>0.432545454545455</scale>
        <color>FFDA4A25</color>
        <Icon>
          <href>http://maps.google.com/mapfiles/kml/shapes/placemark_circle.png</href>
        </Icon>
      </IconStyle>
    </Style>
    <Point>
      <coordinates>140.150777323455,37.0159886553095,361.910442481147</coordinates>
      <altitudeMode>absolute</altitudeMode>
    </Point>
  </Placemark>

  <Placemark>
    <Style>
      <IconStyle>
        <scale>0.388363636363636</scale>
        <color>FFDE4221</color>
        <Icon>
          <href>http://maps.google.com/mapfiles/kml/shapes/placemark_circle.png</href>
        </Icon>
      </IconStyle>
    </Style>
    <Point>
      <coordinates>140.150762366959,37.0159708052677,360.510442436347</coordinates>
      <altitudeMode>absolute</altitudeMode>
    </Point>
  </Placemark>

  <Placemark>
    <Style>
      <IconStyle>
        <scale>0.388363636363636</scale>
        <color>FFDE4221</color>
        <Icon>
          <href>http://maps.google.com/mapfiles/kml/shapes/placemark_circle.png</href>
        </Icon>
      </IconStyle>
    </Style>
    <Point>
      <coordinates>140.150762366959,37.0159708052677,360.510442436347</coordinates>
      <altitudeMode>absolute</altitudeMode>
    </Point>
  </Placemark>

  <Placemark>
    <Style>
      <IconStyle>
        <scale>0.379272727272727</scale>
        <color>FFDF4020</color>
        <Icon>
          <href>http://maps.google.com/mapfiles/kml/shapes/placemark_circle.png</href>
        </Icon>
      </IconStyle>
    </Style>
    <Point>
      <coordinates>140.15074773584,37.0159528459171,360.210442426747</coordinates>
      <altitudeMode>absolute</altitudeMode>
    </Point>
  </Placemark>

  <Placemark>
    <Style>
      <IconStyle>
        <scale>0.379272727272727</scale>
        <color>FFDF4020</color>
        <Icon>
          <href>http://maps.google.com/mapfiles/kml/shapes/placemark_circle.png</href>
        </Icon>
      </IconStyle>
    </Style>
    <Point>
      <coordinates>140.15074773584,37.0159528459171,360.210442426747</coordinates>
      <altitudeMode>absolute</altitudeMode>
    </Point>
  </Placemark>

  <Placemark>
    <Style>
      <IconStyle>
        <scale>0.300909090909091</scale>
        <color>FFE5331A</color>
        <Icon>
          <href>http://maps.google.com/mapfiles/kml/shapes/placemark_circle.png</href>
        </Icon>
      </IconStyle>
    </Style>
    <Point>
      <coordinates>140.150732612494,37.0159346221691,359.210442394747</coordinates>
      <altitudeMode>absolute</altitudeMode>
    </Point>
  </Placemark>

  <Placemark>
    <Style>
      <IconStyle>
        <scale>0.300909090909091</scale>
        <color>FFE5331A</color>
        <Icon>
          <href>http://maps.google.com/mapfiles/kml/shapes/placemark_circle.png</href>
        </Icon>
      </IconStyle>
    </Style>
    <Point>
      <coordinates>140.150732612494,37.0159346221691,359.210442394747</coordinates>
      <altitudeMode>absolute</altitudeMode>
    </Point>
  </Placemark>

  <Placemark>
    <Style>
      <IconStyle>
        <scale>0.323090909090909</scale>
        <color>FFE4371B</color>
        <Icon>
          <href>http://maps.google.com/mapfiles/kml/shapes/placemark_circle.png</href>
        </Icon>
      </IconStyle>
    </Style>
    <Point>
      <coordinates>140.150717194069,37.0159156681416,357.910442353147</coordinates>
      <altitudeMode>absolute</altitudeMode>
    </Point>
  </Placemark>

  <Placemark>
    <Style>
      <IconStyle>
        <scale>0.323090909090909</scale>
        <color>FFE4371B</color>
        <Icon>
          <href>http://maps.google.com/mapfiles/kml/shapes/placemark_circle.png</href>
        </Icon>
      </IconStyle>
    </Style>
    <Point>
      <coordinates>140.150717194069,37.0159156681416,357.910442353147</coordinates>
      <altitudeMode>absolute</altitudeMode>
    </Point>
  </Placemark>

  <Placemark>
    <Style>
      <IconStyle>
        <scale>0.328545454545454</scale>
        <color>FFE3381C</color>
        <Icon>
          <href>http://maps.google.com/mapfiles/kml/shapes/placemark_circle.png</href>
        </Icon>
      </IconStyle>
    </Style>
    <Point>
      <coordinates>140.15070221706,37.0158965301051,356.910442321147</coordinates>
      <altitudeMode>absolute</altitudeMode>
    </Point>
  </Placemark>

  <Placemark>
    <Style>
      <IconStyle>
        <scale>0.328545454545454</scale>
        <color>FFE3381C</color>
        <Icon>
          <href>http://maps.google.com/mapfiles/kml/shapes/placemark_circle.png</href>
        </Icon>
      </IconStyle>
    </Style>
    <Point>
      <coordinates>140.15070221706,37.0158965301051,356.910442321147</coordinates>
      <altitudeMode>absolute</altitudeMode>
    </Point>
  </Placemark>

  <Placemark>
    <Style>
      <IconStyle>
        <scale>0.366</scale>
        <color>FFE03E1F</color>
        <Icon>
          <href>http://maps.google.com/mapfiles/kml/shapes/placemark_circle.png</href>
        </Icon>
      </IconStyle>
    </Style>
    <Point>
      <coordinates>140.150686759154,37.0158772305382,354.810442253947</coordinates>
      <altitudeMode>absolute</altitudeMode>
    </Point>
  </Placemark>

  <Placemark>
    <Style>
      <IconStyle>
        <scale>0.366</scale>
        <color>FFE03E1F</color>
        <Icon>
          <href>http://maps.google.com/mapfiles/kml/shapes/placemark_circle.png</href>
        </Icon>
      </IconStyle>
    </Style>
    <Point>
      <coordinates>140.150686759154,37.0158772305382,354.810442253947</coordinates>
      <altitudeMode>absolute</altitudeMode>
    </Point>
  </Placemark>

  <Placemark>
    <Style>
      <IconStyle>
        <scale>0.381636363636363</scale>
        <color>FFDF4120</color>
        <Icon>
          <href>http://maps.google.com/mapfiles/kml/shapes/placemark_circle.png</href>
        </Icon>
      </IconStyle>
    </Style>
    <Point>
      <coordinates>140.150671882736,37.0158576540325,352.710442186747</coordinates>
      <altitudeMode>absolute</altitudeMode>
    </Point>
  </Placemark>

  <Placemark>
    <Style>
      <IconStyle>
        <scale>0.381636363636363</scale>
        <color>FFDF4120</color>
        <Icon>
          <href>http://maps.google.com/mapfiles/kml/shapes/placemark_circle.png</href>
        </Icon>
      </IconStyle>
    </Style>
    <Point>
      <coordinates>140.150671882736,37.0158576540325,352.710442186747</coordinates>
      <altitudeMode>absolute</altitudeMode>
    </Point>
  </Placemark>

  <Placemark>
    <Style>
      <IconStyle>
        <scale>0.357090909090909</scale>
        <color>FFE13D1E</color>
        <Icon>
          <href>http://maps.google.com/mapfiles/kml/shapes/placemark_circle.png</href>
        </Icon>
      </IconStyle>
    </Style>
    <Point>
      <coordinates>140.150656248881,37.0158385728778,351.510442148347</coordinates>
      <altitudeMode>absolute</altitudeMode>
    </Point>
  </Placemark>

  <Placemark>
    <Style>
      <IconStyle>
        <scale>0.357090909090909</scale>
        <color>FFE13D1E</color>
        <Icon>
          <href>http://maps.google.com/mapfiles/kml/shapes/placemark_circle.png</href>
        </Icon>
      </IconStyle>
    </Style>
    <Point>
      <coordinates>140.150656248881,37.0158385728778,351.510442148347</coordinates>
      <altitudeMode>absolute</altitudeMode>
    </Point>
  </Placemark>

  <Placemark>
    <Style>
      <IconStyle>
        <scale>0.371272727272727</scale>
        <color>FFDF3F20</color>
        <Icon>
          <href>http://maps.google.com/mapfiles/kml/shapes/placemark_circle.png</href>
        </Icon>
      </IconStyle>
    </Style>
    <Point>
      <coordinates>140.150641154073,37.0158199195697,351.010442132347</coordinates>
      <altitudeMode>absolute</altitudeMode>
    </Point>
  </Placemark>

  <Placemark>
    <Style>
      <IconStyle>
        <scale>0.371272727272727</scale>
        <color>FFDF3F20</color>
        <Icon>
          <href>http://maps.google.com/mapfiles/kml/shapes/placemark_circle.png</href>
        </Icon>
      </IconStyle>
    </Style>
    <Point>
      <coordinates>140.150641154073,37.0158199195697,351.010442132347</coordinates>
      <altitudeMode>absolute</altitudeMode>
    </Point>
  </Placemark>

  <Placemark>
    <Style>
      <IconStyle>
        <scale>0.359272727272727</scale>
        <color>FFE03D1F</color>
        <Icon>
          <href>http://maps.google.com/mapfiles/kml/shapes/placemark_circle.png</href>
        </Icon>
      </IconStyle>
    </Style>
    <Point>
      <coordinates>140.150625943182,37.015800556679,350.010442100347</coordinates>
      <altitudeMode>absolute</altitudeMode>
    </Point>
  </Placemark>

  <Placemark>
    <Style>
      <IconStyle>
        <scale>0.359272727272727</scale>
        <color>FFE03D1F</color>
        <Icon>
          <href>http://maps.google.com/mapfiles/kml/shapes/placemark_circle.png</href>
        </Icon>
      </IconStyle>
    </Style>
    <Point>
      <coordinates>140.150625943182,37.015800556679,350.010442100347</coordinates>
      <altitudeMode>absolute</altitudeMode>
    </Point>
  </Placemark>

  <Placemark>
    <Style>
      <IconStyle>
        <scale>0.296545454545455</scale>
        <color>FFE63219</color>
        <Icon>
          <href>http://maps.google.com/mapfiles/kml/shapes/placemark_circle.png</href>
        </Icon>
      </IconStyle>
    </Style>
    <Point>
      <coordinates>140.150610090335,37.0157815669463,349.410442081147</coordinates>
      <altitudeMode>absolute</altitudeMode>
    </Point>
  </Placemark>

  <Placemark>
    <Style>
      <IconStyle>
        <scale>0.296545454545455</scale>
        <color>FFE63219</color>
        <Icon>
          <href>http://maps.google.com/mapfiles/kml/shapes/placemark_circle.png</href>
        </Icon>
      </IconStyle>
    </Style>
    <Point>
      <coordinates>140.150610090335,37.0157815669463,349.410442081147</coordinates>
      <altitudeMode>absolute</altitudeMode>
    </Point>
  </Placemark>

  <Placemark>
    <Style>
      <IconStyle>
        <scale>0.299272727272728</scale>
        <color>FFE63319</color>
        <Icon>
          <href>http://maps.google.com/mapfiles/kml/shapes/placemark_circle.png</href>
        </Icon>
      </IconStyle>
    </Style>
    <Point>
      <coordinates>140.150594481456,37.015762600446,348.510442052347</coordinates>
      <altitudeMode>absolute</altitudeMode>
    </Point>
  </Placemark>

  <Placemark>
    <Style>
      <IconStyle>
        <scale>0.299272727272728</scale>
        <color>FFE63319</color>
        <Icon>
          <href>http://maps.google.com/mapfiles/kml/shapes/placemark_circle.png</href>
        </Icon>
      </IconStyle>
    </Style>
    <Point>
      <coordinates>140.150594481456,37.015762600446,348.510442052347</coordinates>
      <altitudeMode>absolute</altitudeMode>
    </Point>
  </Placemark>

  <Placemark>
    <Style>
      <IconStyle>
        <scale>0.314181818181818</scale>
        <color>FFE4351B</color>
        <Icon>
          <href>http://maps.google.com/mapfiles/kml/shapes/placemark_circle.png</href>
        </Icon>
      </IconStyle>
    </Style>
    <Point>
      <coordinates>140.15057857501,37.0157434279378,347.310442013947</coordinates>
      <altitudeMode>absolute</altitudeMode>
    </Point>
  </Placemark>

  <Placemark>
    <Style>
      <IconStyle>
        <scale>0.314181818181818</scale>
        <color>FFE4351B</color>
        <Icon>
          <href>http://maps.google.com/mapfiles/kml/shapes/placemark_circle.png</href>
        </Icon>
      </IconStyle>
    </Style>
    <Point>
      <coordinates>140.15057857501,37.0157434279378,347.310442013947</coordinates>
      <altitudeMode>absolute</altitudeMode>
    </Point>
  </Placemark>

  <Placemark>
    <Style>
      <IconStyle>
        <scale>0.316</scale>
        <color>FFE4361B</color>
        <Icon>
          <href>http://maps.google.com/mapfiles/kml/shapes/placemark_circle.png</href>
        </Icon>
      </IconStyle>
    </Style>
    <Point>
      <coordinates>140.150562564281,37.0157243803638,346.210441978747</coordinates>
      <altitudeMode>absolute</altitudeMode>
    </Point>
  </Placemark>

  <Placemark>
    <Style>
      <IconStyle>
        <scale>0.316</scale>
        <color>FFE4361B</color>
        <Icon>
          <href>http://maps.google.com/mapfiles/kml/shapes/placemark_circle.png</href>
        </Icon>
      </IconStyle>
    </Style>
    <Point>
      <coordinates>140.150562564281,37.0157243803638,346.210441978747</coordinates>
      <altitudeMode>absolute</altitudeMode>
    </Point>
  </Placemark>

  <Placemark>
    <Style>
      <IconStyle>
        <scale>0.351636363636364</scale>
        <color>FFE13C1E</color>
        <Icon>
          <href>http://maps.google.com/mapfiles/kml/shapes/placemark_circle.png</href>
        </Icon>
      </IconStyle>
    </Style>
    <Point>
      <coordinates>140.150546888585,37.0157058025098,345.310441949947</coordinates>
      <altitudeMode>absolute</altitudeMode>
    </Point>
  </Placemark>

  <Placemark>
    <Style>
      <IconStyle>
        <scale>0.351636363636364</scale>
        <color>FFE13C1E</color>
        <Icon>
          <href>http://maps.google.com/mapfiles/kml/shapes/placemark_circle.png</href>
        </Icon>
      </IconStyle>
    </Style>
    <Point>
      <coordinates>140.150546888585,37.0157058025098,345.310441949947</coordinates>
      <altitudeMode>absolute</altitudeMode>
    </Point>
  </Placemark>

  <Placemark>
    <Style>
      <IconStyle>
        <scale>0.345454545454546</scale>
        <color>FFE23B1D</color>
        <Icon>
          <href>http://maps.google.com/mapfiles/kml/shapes/placemark_circle.png</href>
        </Icon>
      </IconStyle>
    </Style>
    <Point>
      <coordinates>140.150531940029,37.015687097597,344.310441917947</coordinates>
      <altitudeMode>absolute</altitudeMode>
    </Point>
  </Placemark>

  <Placemark>
    <Style>
      <IconStyle>
        <scale>0.345454545454546</scale>
        <color>FFE23B1D</color>
        <Icon>
          <href>http://maps.google.com/mapfiles/kml/shapes/placemark_circle.png</href>
        </Icon>
      </IconStyle>
    </Style>
    <Point>
      <coordinates>140.150531940029,37.015687097597,344.310441917947</coordinates>
      <altitudeMode>absolute</altitudeMode>
    </Point>
  </Placemark>

  <Placemark>
    <Style>
      <IconStyle>
        <scale>0.322727272727273</scale>
        <color>FFE4371B</color>
        <Icon>
          <href>http://maps.google.com/mapfiles/kml/shapes/placemark_circle.png</href>
        </Icon>
      </IconStyle>
    </Style>
    <Point>
      <coordinates>140.150516615071,37.0156681310967,343.410441889147</coordinates>
      <altitudeMode>absolute</altitudeMode>
    </Point>
  </Placemark>

  <Placemark>
    <Style>
      <IconStyle>
        <scale>0.322727272727273</scale>
        <color>FFE4371B</color>
        <Icon>
          <href>http://maps.google.com/mapfiles/kml/shapes/placemark_circle.png</href>
        </Icon>
      </IconStyle>
    </Style>
    <Point>
      <coordinates>140.150516615071,37.0156681310967,343.410441889147</coordinates>
      <altitudeMode>absolute</altitudeMode>
    </Point>
  </Placemark>

  <Placemark>
    <Style>
      <IconStyle>
        <scale>0.292363636363637</scale>
        <color>FFE63219</color>
        <Icon>
          <href>http://maps.google.com/mapfiles/kml/shapes/placemark_circle.png</href>
        </Icon>
      </IconStyle>
    </Style>
    <Point>
      <coordinates>140.150501734019,37.0156497436252,342.410441857147</coordinates>
      <altitudeMode>absolute</altitudeMode>
    </Point>
  </Placemark>

  <Placemark>
    <Style>
      <IconStyle>
        <scale>0.292363636363637</scale>
        <color>FFE63219</color>
        <Icon>
          <href>http://maps.google.com/mapfiles/kml/shapes/placemark_circle.png</href>
        </Icon>
      </IconStyle>
    </Style>
    <Point>
      <coordinates>140.150501734019,37.0156497436252,342.410441857147</coordinates>
      <altitudeMode>absolute</altitudeMode>
    </Point>
  </Placemark>

  <Placemark>
    <Style>
      <IconStyle>
        <scale>0.284545454545455</scale>
        <color>FFE73018</color>
        <Icon>
          <href>http://maps.google.com/mapfiles/kml/shapes/placemark_circle.png</href>
        </Icon>
      </IconStyle>
    </Style>
    <Point>
      <coordinates>140.150486288815,37.0156313323045,341.310441821947</coordinates>
      <altitudeMode>absolute</altitudeMode>
    </Point>
  </Placemark>

  <Placemark>
    <Style>
      <IconStyle>
        <scale>0.284545454545455</scale>
        <color>FFE73018</color>
        <Icon>
          <href>http://maps.google.com/mapfiles/kml/shapes/placemark_circle.png</href>
        </Icon>
      </IconStyle>
    </Style>
    <Point>
      <coordinates>140.150486288815,37.0156313323045,341.310441821947</coordinates>
      <altitudeMode>absolute</altitudeMode>
    </Point>
  </Placemark>

  <Placemark>
    <Style>
      <IconStyle>
        <scale>0.296363636363636</scale>
        <color>FFE63219</color>
        <Icon>
          <href>http://maps.google.com/mapfiles/kml/shapes/placemark_circle.png</href>
        </Icon>
      </IconStyle>
    </Style>
    <Point>
      <coordinates>140.150471313094,37.0156127737765,340.110441783547</coordinates>
      <altitudeMode>absolute</altitudeMode>
    </Point>
  </Placemark>

  <Placemark>
    <Style>
      <IconStyle>
        <scale>0.296363636363636</scale>
        <color>FFE63219</color>
        <Icon>
          <href>http://maps.google.com/mapfiles/kml/shapes/placemark_circle.png</href>
        </Icon>
      </IconStyle>
    </Style>
    <Point>
      <coordinates>140.150471313094,37.0156127737765,340.110441783547</coordinates>
      <altitudeMode>absolute</altitudeMode>
    </Point>
  </Placemark>

  <Placemark>
    <Style>
      <IconStyle>
        <scale>0.353636363636364</scale>
        <color>FFE13C1E</color>
        <Icon>
          <href>http://maps.google.com/mapfiles/kml/shapes/placemark_circle.png</href>
        </Icon>
      </IconStyle>
    </Style>
    <Point>
      <coordinates>140.150455978781,37.0155945773044,339.010441748347</coordinates>
      <altitudeMode>absolute</altitudeMode>
    </Point>
  </Placemark>

  <Placemark>
    <Style>
      <IconStyle>
        <scale>0.353636363636364</scale>
        <color>FFE13C1E</color>
        <Icon>
          <href>http://maps.google.com/mapfiles/kml/shapes/placemark_circle.png</href>
        </Icon>
      </IconStyle>
    </Style>
    <Point>
      <coordinates>140.150455978781,37.0155945773044,339.010441748347</coordinates>
      <altitudeMode>absolute</altitudeMode>
    </Point>
  </Placemark>

  <Placemark>
    <Style>
      <IconStyle>
        <scale>0.409636363636364</scale>
        <color>FFDC4623</color>
        <Icon>
          <href>http://maps.google.com/mapfiles/kml/shapes/placemark_circle.png</href>
        </Icon>
      </IconStyle>
    </Style>
    <Point>
      <coordinates>140.150441591673,37.0155758686566,337.910441713147</coordinates>
      <altitudeMode>absolute</altitudeMode>
    </Point>
  </Placemark>

  <Placemark>
    <Style>
      <IconStyle>
        <scale>0.409636363636364</scale>
        <color>FFDC4623</color>
        <Icon>
          <href>http://maps.google.com/mapfiles/kml/shapes/placemark_circle.png</href>
        </Icon>
      </IconStyle>
    </Style>
    <Point>
      <coordinates>140.150441591673,37.0155758686566,337.910441713147</coordinates>
      <altitudeMode>absolute</altitudeMode>
    </Point>
  </Placemark>

  <Placemark>
    <Style>
      <IconStyle>
        <scale>0.447454545454545</scale>
        <color>FFD94C26</color>
        <Icon>
          <href>http://maps.google.com/mapfiles/kml/shapes/placemark_circle.png</href>
        </Icon>
      </IconStyle>
    </Style>
    <Point>
      <coordinates>140.150426748557,37.0155572659939,336.910441681147</coordinates>
      <altitudeMode>absolute</altitudeMode>
    </Point>
  </Placemark>

  <Placemark>
    <Style>
      <IconStyle>
        <scale>0.447454545454545</scale>
        <color>FFD94C26</color>
        <Icon>
          <href>http://maps.google.com/mapfiles/kml/shapes/placemark_circle.png</href>
        </Icon>
      </IconStyle>
    </Style>
    <Point>
      <coordinates>140.150426748557,37.0155572659939,336.910441681147</coordinates>
      <altitudeMode>absolute</altitudeMode>
    </Point>
  </Placemark>

  <Placemark>
    <Style>
      <IconStyle>
        <scale>0.406181818181818</scale>
        <color>FFDC4523</color>
        <Icon>
          <href>http://maps.google.com/mapfiles/kml/shapes/placemark_circle.png</href>
        </Icon>
      </IconStyle>
    </Style>
    <Point>
      <coordinates>140.150410998061,37.0155387956669,335.910441649147</coordinates>
      <altitudeMode>absolute</altitudeMode>
    </Point>
  </Placemark>

  <Placemark>
    <Style>
      <IconStyle>
        <scale>0.406181818181818</scale>
        <color>FFDC4523</color>
        <Icon>
          <href>http://maps.google.com/mapfiles/kml/shapes/placemark_circle.png</href>
        </Icon>
      </IconStyle>
    </Style>
    <Point>
      <coordinates>140.150410998061,37.0155387956669,335.910441649147</coordinates>
      <altitudeMode>absolute</altitudeMode>
    </Point>
  </Placemark>

  <Placemark>
    <Style>
      <IconStyle>
        <scale>0.447090909090909</scale>
        <color>FFD94C26</color>
        <Icon>
          <href>http://maps.google.com/mapfiles/kml/shapes/placemark_circle.png</href>
        </Icon>
      </IconStyle>
    </Style>
    <Point>
      <coordinates>140.150395639973,37.0155206694402,335.010441620347</coordinates>
      <altitudeMode>absolute</altitudeMode>
    </Point>
  </Placemark>

  <Placemark>
    <Style>
      <IconStyle>
        <scale>0.447090909090909</scale>
        <color>FFD94C26</color>
        <Icon>
          <href>http://maps.google.com/mapfiles/kml/shapes/placemark_circle.png</href>
        </Icon>
      </IconStyle>
    </Style>
    <Point>
      <coordinates>140.150395639973,37.0155206694402,335.010441620347</coordinates>
      <altitudeMode>absolute</altitudeMode>
    </Point>
  </Placemark>

  <Placemark>
    <Style>
      <IconStyle>
        <scale>0.385454545454545</scale>
        <color>FFDE4221</color>
        <Icon>
          <href>http://maps.google.com/mapfiles/kml/shapes/placemark_circle.png</href>
        </Icon>
      </IconStyle>
    </Style>
    <Point>
      <coordinates>140.150380364882,37.0155029921683,334.210441594747</coordinates>
      <altitudeMode>absolute</altitudeMode>
    </Point>
  </Placemark>

  <Placemark>
    <Style>
      <IconStyle>
        <scale>0.385454545454545</scale>
        <color>FFDE4221</color>
        <Icon>
          <href>http://maps.google.com/mapfiles/kml/shapes/placemark_circle.png</href>
        </Icon>
      </IconStyle>
    </Style>
    <Point>
      <coordinates>140.150380364882,37.0155029921683,334.210441594747</coordinates>
      <altitudeMode>absolute</altitudeMode>
    </Point>
  </Placemark>

  <Placemark>
    <Style>
      <IconStyle>
        <scale>0.430181818181818</scale>
        <color>FFDA4925</color>
        <Icon>
          <href>http://maps.google.com/mapfiles/kml/shapes/placemark_circle.png</href>
        </Icon>
      </IconStyle>
    </Style>
    <Point>
      <coordinates>140.150364877043,37.0154843323154,333.310441565947</coordinates>
      <altitudeMode>absolute</altitudeMode>
    </Point>
  </Placemark>

  <Placemark>
    <Style>
      <IconStyle>
        <scale>0.430181818181818</scale>
        <color>FFDA4925</color>
        <Icon>
          <href>http://maps.google.com/mapfiles/kml/shapes/placemark_circle.png</href>
        </Icon>
      </IconStyle>
    </Style>
    <Point>
      <coordinates>140.150364877043,37.0154843323154,333.310441565947</coordinates>
      <altitudeMode>absolute</altitudeMode>
    </Point>
  </Placemark>

  <Placemark>
    <Style>
      <IconStyle>
        <scale>0.462363636363636</scale>
        <color>FFD84F27</color>
        <Icon>
          <href>http://maps.google.com/mapfiles/kml/shapes/placemark_circle.png</href>
        </Icon>
      </IconStyle>
    </Style>
    <Point>
      <coordinates>140.150349556999,37.0154653186649,332.310441533947</coordinates>
      <altitudeMode>absolute</altitudeMode>
    </Point>
  </Placemark>

  <Placemark>
    <Style>
      <IconStyle>
        <scale>0.462363636363636</scale>
        <color>FFD84F27</color>
        <Icon>
          <href>http://maps.google.com/mapfiles/kml/shapes/placemark_circle.png</href>
        </Icon>
      </IconStyle>
    </Style>
    <Point>
      <coordinates>140.150349556999,37.0154653186649,332.310441533947</coordinates>
      <altitudeMode>absolute</altitudeMode>
    </Point>
  </Placemark>

  <Placemark>
    <Style>
      <IconStyle>
        <scale>0.458</scale>
        <color>FFD84E27</color>
        <Icon>
          <href>http://maps.google.com/mapfiles/kml/shapes/placemark_circle.png</href>
        </Icon>
      </IconStyle>
    </Style>
    <Point>
      <coordinates>140.150334678629,37.0154470500283,331.410441505147</coordinates>
      <altitudeMode>absolute</altitudeMode>
    </Point>
  </Placemark>

  <Placemark>
    <Style>
      <IconStyle>
        <scale>0.458</scale>
        <color>FFD84E27</color>
        <Icon>
          <href>http://maps.google.com/mapfiles/kml/shapes/placemark_circle.png</href>
        </Icon>
      </IconStyle>
    </Style>
    <Point>
      <coordinates>140.150334678629,37.0154470500283,331.410441505147</coordinates>
      <altitudeMode>absolute</altitudeMode>
    </Point>
  </Placemark>

  <Placemark>
    <Style>
      <IconStyle>
        <scale>0.484181818181818</scale>
        <color>FFD65229</color>
        <Icon>
          <href>http://maps.google.com/mapfiles/kml/shapes/placemark_circle.png</href>
        </Icon>
      </IconStyle>
    </Style>
    <Point>
      <coordinates>140.150319712971,37.0154294882674,330.510441476347</coordinates>
      <altitudeMode>absolute</altitudeMode>
    </Point>
  </Placemark>

  <Placemark>
    <Style>
      <IconStyle>
        <scale>0.484181818181818</scale>
        <color>FFD65229</color>
        <Icon>
          <href>http://maps.google.com/mapfiles/kml/shapes/placemark_circle.png</href>
        </Icon>
      </IconStyle>
    </Style>
    <Point>
      <coordinates>140.150319712971,37.0154294882674,330.510441476347</coordinates>
      <altitudeMode>absolute</altitudeMode>
    </Point>
  </Placemark>

  <Placemark>
    <Style>
      <IconStyle>
        <scale>0.459272727272727</scale>
        <color>FFD84E27</color>
        <Icon>
          <href>http://maps.google.com/mapfiles/kml/shapes/placemark_circle.png</href>
        </Icon>
      </IconStyle>
    </Style>
    <Point>
      <coordinates>140.150304989071,37.0154114584999,329.510441444347</coordinates>
      <altitudeMode>absolute</altitudeMode>
    </Point>
  </Placemark>

  <Placemark>
    <Style>
      <IconStyle>
        <scale>0.459272727272727</scale>
        <color>FFD84E27</color>
        <Icon>
          <href>http://maps.google.com/mapfiles/kml/shapes/placemark_circle.png</href>
        </Icon>
      </IconStyle>
    </Style>
    <Point>
      <coordinates>140.150304989071,37.0154114584999,329.510441444347</coordinates>
      <altitudeMode>absolute</altitudeMode>
    </Point>
  </Placemark>

  <Placemark>
    <Style>
      <IconStyle>
        <scale>0.396181818181818</scale>
        <color>FFDD4322</color>
        <Icon>
          <href>http://maps.google.com/mapfiles/kml/shapes/placemark_circle.png</href>
        </Icon>
      </IconStyle>
    </Style>
    <Point>
      <coordinates>140.150289930139,37.0153928793094,328.510441412347</coordinates>
      <altitudeMode>absolute</altitudeMode>
    </Point>
  </Placemark>

  <Placemark>
    <Style>
      <IconStyle>
        <scale>0.396181818181818</scale>
        <color>FFDD4322</color>
        <Icon>
          <href>http://maps.google.com/mapfiles/kml/shapes/placemark_circle.png</href>
        </Icon>
      </IconStyle>
    </Style>
    <Point>
      <coordinates>140.150289930139,37.0153928793094,328.510441412347</coordinates>
      <altitudeMode>absolute</altitudeMode>
    </Point>
  </Placemark>

  <Placemark>
    <Style>
      <IconStyle>
        <scale>0.357090909090909</scale>
        <color>FFE13D1E</color>
        <Icon>
          <href>http://maps.google.com/mapfiles/kml/shapes/placemark_circle.png</href>
        </Icon>
      </IconStyle>
    </Style>
    <Point>
      <coordinates>140.150274523344,37.0153739750021,327.410441377147</coordinates>
      <altitudeMode>absolute</altitudeMode>
    </Point>
  </Placemark>

  <Placemark>
    <Style>
      <IconStyle>
        <scale>0.357090909090909</scale>
        <color>FFE13D1E</color>
        <Icon>
          <href>http://maps.google.com/mapfiles/kml/shapes/placemark_circle.png</href>
        </Icon>
      </IconStyle>
    </Style>
    <Point>
      <coordinates>140.150274523344,37.0153739750021,327.410441377147</coordinates>
      <altitudeMode>absolute</altitudeMode>
    </Point>
  </Placemark>

  <Placemark>
    <Style>
      <IconStyle>
        <scale>0.345818181818182</scale>
        <color>FFE23B1D</color>
        <Icon>
          <href>http://maps.google.com/mapfiles/kml/shapes/placemark_circle.png</href>
        </Icon>
      </IconStyle>
    </Style>
    <Point>
      <coordinates>140.15025936925,37.0153551659203,326.310441341947</coordinates>
      <altitudeMode>absolute</altitudeMode>
    </Point>
  </Placemark>

  <Placemark>
    <Style>
      <IconStyle>
        <scale>0.345818181818182</scale>
        <color>FFE23B1D</color>
        <Icon>
          <href>http://maps.google.com/mapfiles/kml/shapes/placemark_circle.png</href>
        </Icon>
      </IconStyle>
    </Style>
    <Point>
      <coordinates>140.15025936925,37.0153551659203,326.310441341947</coordinates>
      <altitudeMode>absolute</altitudeMode>
    </Point>
  </Placemark>

  <Placemark>
    <Style>
      <IconStyle>
        <scale>0.393636363636364</scale>
        <color>FFDE4321</color>
        <Icon>
          <href>http://maps.google.com/mapfiles/kml/shapes/placemark_circle.png</href>
        </Icon>
      </IconStyle>
    </Style>
    <Point>
      <coordinates>140.150244663824,37.0153367567241,325.110441303547</coordinates>
      <altitudeMode>absolute</altitudeMode>
    </Point>
  </Placemark>

  <Placemark>
    <Style>
      <IconStyle>
        <scale>0.393636363636364</scale>
        <color>FFDE4321</color>
        <Icon>
          <href>http://maps.google.com/mapfiles/kml/shapes/placemark_circle.png</href>
        </Icon>
      </IconStyle>
    </Style>
    <Point>
      <coordinates>140.150244663824,37.0153367567241,325.110441303547</coordinates>
      <altitudeMode>absolute</altitudeMode>
    </Point>
  </Placemark>

  <Placemark>
    <Style>
      <IconStyle>
        <scale>0.436</scale>
        <color>FFDA4A25</color>
        <Icon>
          <href>http://maps.google.com/mapfiles/kml/shapes/placemark_circle.png</href>
        </Icon>
      </IconStyle>
    </Style>
    <Point>
      <coordinates>140.150230103385,37.015318567465,324.110441271547</coordinates>
      <altitudeMode>absolute</altitudeMode>
    </Point>
  </Placemark>

  <Placemark>
    <Style>
      <IconStyle>
        <scale>0.436</scale>
        <color>FFDA4A25</color>
        <Icon>
          <href>http://maps.google.com/mapfiles/kml/shapes/placemark_circle.png</href>
        </Icon>
      </IconStyle>
    </Style>
    <Point>
      <coordinates>140.150230103385,37.015318567465,324.110441271547</coordinates>
      <altitudeMode>absolute</altitudeMode>
    </Point>
  </Placemark>

  <Placemark>
    <Style>
      <IconStyle>
        <scale>0.420727272727273</scale>
        <color>FFDB4824</color>
        <Icon>
          <href>http://maps.google.com/mapfiles/kml/shapes/placemark_circle.png</href>
        </Icon>
      </IconStyle>
    </Style>
    <Point>
      <coordinates>140.150215274173,37.0152998189143,322.810441229947</coordinates>
      <altitudeMode>absolute</altitudeMode>
    </Point>
  </Placemark>

  <Placemark>
    <Style>
      <IconStyle>
        <scale>0.420727272727273</scale>
        <color>FFDB4824</color>
        <Icon>
          <href>http://maps.google.com/mapfiles/kml/shapes/placemark_circle.png</href>
        </Icon>
      </IconStyle>
    </Style>
    <Point>
      <coordinates>140.150215274173,37.0152998189143,322.810441229947</coordinates>
      <altitudeMode>absolute</altitudeMode>
    </Point>
  </Placemark>

  <Placemark>
    <Style>
      <IconStyle>
        <scale>0.397818181818182</scale>
        <color>FFDD4422</color>
        <Icon>
          <href>http://maps.google.com/mapfiles/kml/shapes/placemark_circle.png</href>
        </Icon>
      </IconStyle>
    </Style>
    <Point>
      <coordinates>140.150200369583,37.0152814723908,321.510441188347</coordinates>
      <altitudeMode>absolute</altitudeMode>
    </Point>
  </Placemark>

  <Placemark>
    <Style>
      <IconStyle>
        <scale>0.397818181818182</scale>
        <color>FFDD4422</color>
        <Icon>
          <href>http://maps.google.com/mapfiles/kml/shapes/placemark_circle.png</href>
        </Icon>
      </IconStyle>
    </Style>
    <Point>
      <coordinates>140.150200369583,37.0152814723908,321.510441188347</coordinates>
      <altitudeMode>absolute</altitudeMode>
    </Point>
  </Placemark>

  <Placemark>
    <Style>
      <IconStyle>
        <scale>0.395636363636364</scale>
        <color>FFDD4322</color>
        <Icon>
          <href>http://maps.google.com/mapfiles/kml/shapes/placemark_circle.png</href>
        </Icon>
      </IconStyle>
    </Style>
    <Point>
      <coordinates>140.150184930151,37.0152631001506,320.310441149947</coordinates>
      <altitudeMode>absolute</altitudeMode>
    </Point>
  </Placemark>

  <Placemark>
    <Style>
      <IconStyle>
        <scale>0.395636363636364</scale>
        <color>FFDD4322</color>
        <Icon>
          <href>http://maps.google.com/mapfiles/kml/shapes/placemark_circle.png</href>
        </Icon>
      </IconStyle>
    </Style>
    <Point>
      <coordinates>140.150184930151,37.0152631001506,320.310441149947</coordinates>
      <altitudeMode>absolute</altitudeMode>
    </Point>
  </Placemark>

  <Placemark>
    <Style>
      <IconStyle>
        <scale>0.383454545454546</scale>
        <color>FFDE4121</color>
        <Icon>
          <href>http://maps.google.com/mapfiles/kml/shapes/placemark_circle.png</href>
        </Icon>
      </IconStyle>
    </Style>
    <Point>
      <coordinates>140.150169619141,37.0152440047583,318.710441098747</coordinates>
      <altitudeMode>absolute</altitudeMode>
    </Point>
  </Placemark>

  <Placemark>
    <Style>
      <IconStyle>
        <scale>0.383454545454546</scale>
        <color>FFDE4121</color>
        <Icon>
          <href>http://maps.google.com/mapfiles/kml/shapes/placemark_circle.png</href>
        </Icon>
      </IconStyle>
    </Style>
    <Point>
      <coordinates>140.150169619141,37.0152440047583,318.710441098747</coordinates>
      <altitudeMode>absolute</altitudeMode>
    </Point>
  </Placemark>

  <Placemark>
    <Style>
      <IconStyle>
        <scale>0.381090909090909</scale>
        <color>FFDF4120</color>
        <Icon>
          <href>http://maps.google.com/mapfiles/kml/shapes/placemark_circle.png</href>
        </Icon>
      </IconStyle>
    </Style>
    <Point>
      <coordinates>140.150154435875,37.0152254825182,317.810441069947</coordinates>
      <altitudeMode>absolute</altitudeMode>
    </Point>
  </Placemark>

  <Placemark>
    <Style>
      <IconStyle>
        <scale>0.381090909090909</scale>
        <color>FFDF4120</color>
        <Icon>
          <href>http://maps.google.com/mapfiles/kml/shapes/placemark_circle.png</href>
        </Icon>
      </IconStyle>
    </Style>
    <Point>
      <coordinates>140.150154435875,37.0152254825182,317.810441069947</coordinates>
      <altitudeMode>absolute</altitudeMode>
    </Point>
  </Placemark>

  <Placemark>
    <Style>
      <IconStyle>
        <scale>0.386</scale>
        <color>FFDE4221</color>
        <Icon>
          <href>http://maps.google.com/mapfiles/kml/shapes/placemark_circle.png</href>
        </Icon>
      </IconStyle>
    </Style>
    <Point>
      <coordinates>140.150139495376,37.0152070532763,316.310441021947</coordinates>
      <altitudeMode>absolute</altitudeMode>
    </Point>
  </Placemark>

  <Placemark>
    <Style>
      <IconStyle>
        <scale>0.386</scale>
        <color>FFDE4221</color>
        <Icon>
          <href>http://maps.google.com/mapfiles/kml/shapes/placemark_circle.png</href>
        </Icon>
      </IconStyle>
    </Style>
    <Point>
      <coordinates>140.150139495376,37.0152070532763,316.310441021947</coordinates>
      <altitudeMode>absolute</altitudeMode>
    </Point>
  </Placemark>

  <Placemark>
    <Style>
      <IconStyle>
        <scale>0.496</scale>
        <color>FFD5542A</color>
        <Icon>
          <href>http://maps.google.com/mapfiles/kml/shapes/placemark_circle.png</href>
        </Icon>
      </IconStyle>
    </Style>
    <Point>
      <coordinates>140.150124501395,37.0151883892087,315.210440986747</coordinates>
      <altitudeMode>absolute</altitudeMode>
    </Point>
  </Placemark>

  <Placemark>
    <Style>
      <IconStyle>
        <scale>0.496</scale>
        <color>FFD5542A</color>
        <Icon>
          <href>http://maps.google.com/mapfiles/kml/shapes/placemark_circle.png</href>
        </Icon>
      </IconStyle>
    </Style>
    <Point>
      <coordinates>140.150124501395,37.0151883892087,315.210440986747</coordinates>
      <altitudeMode>absolute</altitudeMode>
    </Point>
  </Placemark>

  <Placemark>
    <Style>
      <IconStyle>
        <scale>0.504909090909091</scale>
        <color>FFD4562B</color>
        <Icon>
          <href>http://maps.google.com/mapfiles/kml/shapes/placemark_circle.png</href>
        </Icon>
      </IconStyle>
    </Style>
    <Point>
      <coordinates>140.150109380527,37.0151699129537,313.610440935547</coordinates>
      <altitudeMode>absolute</altitudeMode>
    </Point>
  </Placemark>

  <Placemark>
    <Style>
      <IconStyle>
        <scale>0.504909090909091</scale>
        <color>FFD4562B</color>
        <Icon>
          <href>http://maps.google.com/mapfiles/kml/shapes/placemark_circle.png</href>
        </Icon>
      </IconStyle>
    </Style>
    <Point>
      <coordinates>140.150109380527,37.0151699129537,313.610440935547</coordinates>
      <altitudeMode>absolute</altitudeMode>
    </Point>
  </Placemark>

  <Placemark>
    <Style>
      <IconStyle>
        <scale>0.481090909090909</scale>
        <color>FFD65229</color>
        <Icon>
          <href>http://maps.google.com/mapfiles/kml/shapes/placemark_circle.png</href>
        </Icon>
      </IconStyle>
    </Style>
    <Point>
      <coordinates>140.150094687745,37.0151502955685,312.610440903547</coordinates>
      <altitudeMode>absolute</altitudeMode>
    </Point>
  </Placemark>

  <Placemark>
    <Style>
      <IconStyle>
        <scale>0.481090909090909</scale>
        <color>FFD65229</color>
        <Icon>
          <href>http://maps.google.com/mapfiles/kml/shapes/placemark_circle.png</href>
        </Icon>
      </IconStyle>
    </Style>
    <Point>
      <coordinates>140.150094687745,37.0151502955685,312.610440903547</coordinates>
      <altitudeMode>absolute</altitudeMode>
    </Point>
  </Placemark>

  <Placemark>
    <Style>
      <IconStyle>
        <scale>0.458181818181818</scale>
        <color>FFD84E27</color>
        <Icon>
          <href>http://maps.google.com/mapfiles/kml/shapes/placemark_circle.png</href>
        </Icon>
      </IconStyle>
    </Style>
    <Point>
      <coordinates>140.150080058514,37.0151313391938,311.610440871547</coordinates>
      <altitudeMode>absolute</altitudeMode>
    </Point>
  </Placemark>

  <Placemark>
    <Style>
      <IconStyle>
        <scale>0.458181818181818</scale>
        <color>FFD84E27</color>
        <Icon>
          <href>http://maps.google.com/mapfiles/kml/shapes/placemark_circle.png</href>
        </Icon>
      </IconStyle>
    </Style>
    <Point>
      <coordinates>140.150080058514,37.0151313391938,311.610440871547</coordinates>
      <altitudeMode>absolute</altitudeMode>
    </Point>
  </Placemark>

  <Placemark>
    <Style>
      <IconStyle>
        <scale>0.360909090909091</scale>
        <color>FFE03D1F</color>
        <Icon>
          <href>http://maps.google.com/mapfiles/kml/shapes/placemark_circle.png</href>
        </Icon>
      </IconStyle>
    </Style>
    <Point>
      <coordinates>140.150064630482,37.0151124302606,310.710440842747</coordinates>
      <altitudeMode>absolute</altitudeMode>
    </Point>
  </Placemark>

  <Placemark>
    <Style>
      <IconStyle>
        <scale>0.360909090909091</scale>
        <color>FFE03D1F</color>
        <Icon>
          <href>http://maps.google.com/mapfiles/kml/shapes/placemark_circle.png</href>
        </Icon>
      </IconStyle>
    </Style>
    <Point>
      <coordinates>140.150064630482,37.0151124302606,310.710440842747</coordinates>
      <altitudeMode>absolute</altitudeMode>
    </Point>
  </Placemark>

  <Placemark>
    <Style>
      <IconStyle>
        <scale>0.361272727272727</scale>
        <color>FFE03D1F</color>
        <Icon>
          <href>http://maps.google.com/mapfiles/kml/shapes/placemark_circle.png</href>
        </Icon>
      </IconStyle>
    </Style>
    <Point>
      <coordinates>140.150049676424,37.015093637014,309.810440813947</coordinates>
      <altitudeMode>absolute</altitudeMode>
    </Point>
  </Placemark>

  <Placemark>
    <Style>
      <IconStyle>
        <scale>0.361272727272727</scale>
        <color>FFE03D1F</color>
        <Icon>
          <href>http://maps.google.com/mapfiles/kml/shapes/placemark_circle.png</href>
        </Icon>
      </IconStyle>
    </Style>
    <Point>
      <coordinates>140.150049676424,37.015093637014,309.810440813947</coordinates>
      <altitudeMode>absolute</altitudeMode>
    </Point>
  </Placemark>

  <Placemark>
    <Style>
      <IconStyle>
        <scale>0.354545454545455</scale>
        <color>FFE13C1E</color>
        <Icon>
          <href>http://maps.google.com/mapfiles/kml/shapes/placemark_circle.png</href>
        </Icon>
      </IconStyle>
    </Style>
    <Point>
      <coordinates>140.150035761001,37.0150756670794,309.110440791547</coordinates>
      <altitudeMode>absolute</altitudeMode>
    </Point>
  </Placemark>

  <Placemark>
    <Style>
      <IconStyle>
        <scale>0.354545454545455</scale>
        <color>FFE13C1E</color>
        <Icon>
          <href>http://maps.google.com/mapfiles/kml/shapes/placemark_circle.png</href>
        </Icon>
      </IconStyle>
    </Style>
    <Point>
      <coordinates>140.150035761001,37.0150756670794,309.110440791547</coordinates>
      <altitudeMode>absolute</altitudeMode>
    </Point>
  </Placemark>

  <Placemark>
    <Style>
      <IconStyle>
        <scale>0.361636363636364</scale>
        <color>FFE03D1F</color>
        <Icon>
          <href>http://maps.google.com/mapfiles/kml/shapes/placemark_circle.png</href>
        </Icon>
      </IconStyle>
    </Style>
    <Point>
      <coordinates>140.150029983096,37.015067622687,309.010440788347</coordinates>
      <altitudeMode>absolute</altitudeMode>
    </Point>
  </Placemark>

  <Placemark>
    <Style>
      <IconStyle>
        <scale>0.361636363636364</scale>
        <color>FFE03D1F</color>
        <Icon>
          <href>http://maps.google.com/mapfiles/kml/shapes/placemark_circle.png</href>
        </Icon>
      </IconStyle>
    </Style>
    <Point>
      <coordinates>140.150029983096,37.015067622687,309.010440788347</coordinates>
      <altitudeMode>absolute</altitudeMode>
    </Point>
  </Placemark>

  <Placemark>
    <Style>
      <IconStyle>
        <scale>0.367090909090909</scale>
        <color>FFE03E1F</color>
        <Icon>
          <href>http://maps.google.com/mapfiles/kml/shapes/placemark_circle.png</href>
        </Icon>
      </IconStyle>
    </Style>
    <Point>
      <coordinates>140.150030340643,37.0150669676581,309.010440788347</coordinates>
      <altitudeMode>absolute</altitudeMode>
    </Point>
  </Placemark>

  <Placemark>
    <Style>
      <IconStyle>
        <scale>0.367090909090909</scale>
        <color>FFE03E1F</color>
        <Icon>
          <href>http://maps.google.com/mapfiles/kml/shapes/placemark_circle.png</href>
        </Icon>
      </IconStyle>
    </Style>
    <Point>
      <coordinates>140.150030340643,37.0150669676581,309.010440788347</coordinates>
      <altitudeMode>absolute</altitudeMode>
    </Point>
  </Placemark>

  <Placemark>
    <Style>
      <IconStyle>
        <scale>0.359818181818182</scale>
        <color>FFE03D1F</color>
        <Icon>
          <href>http://maps.google.com/mapfiles/kml/shapes/placemark_circle.png</href>
        </Icon>
      </IconStyle>
    </Style>
    <Point>
      <coordinates>140.150030795547,37.0150676127006,309.010440788347</coordinates>
      <altitudeMode>absolute</altitudeMode>
    </Point>
  </Placemark>

  <Placemark>
    <Style>
      <IconStyle>
        <scale>0.359818181818182</scale>
        <color>FFE03D1F</color>
        <Icon>
          <href>http://maps.google.com/mapfiles/kml/shapes/placemark_circle.png</href>
        </Icon>
      </IconStyle>
    </Style>
    <Point>
      <coordinates>140.150030795547,37.0150676127006,309.010440788347</coordinates>
      <altitudeMode>absolute</altitudeMode>
    </Point>
  </Placemark>

  <Placemark>
    <Style>
      <IconStyle>
        <scale>0.359454545454546</scale>
        <color>FFE03D1F</color>
        <Icon>
          <href>http://maps.google.com/mapfiles/kml/shapes/placemark_circle.png</href>
        </Icon>
      </IconStyle>
    </Style>
    <Point>
      <coordinates>140.150030800226,37.0150681706772,309.010440788347</coordinates>
      <altitudeMode>absolute</altitudeMode>
    </Point>
  </Placemark>

  <Placemark>
    <Style>
      <IconStyle>
        <scale>0.359454545454546</scale>
        <color>FFE03D1F</color>
        <Icon>
          <href>http://maps.google.com/mapfiles/kml/shapes/placemark_circle.png</href>
        </Icon>
      </IconStyle>
    </Style>
    <Point>
      <coordinates>140.150030800226,37.0150681706772,309.010440788347</coordinates>
      <altitudeMode>absolute</altitudeMode>
    </Point>
  </Placemark>

  <Placemark>
    <Style>
      <IconStyle>
        <scale>0.241818181818182</scale>
        <color>FFEA2915</color>
        <Icon>
          <href>http://maps.google.com/mapfiles/kml/shapes/placemark_circle.png</href>
        </Icon>
      </IconStyle>
    </Style>
    <Point>
      <coordinates>140.150030533836,37.015068685744,309.010440788347</coordinates>
      <altitudeMode>absolute</altitudeMode>
    </Point>
  </Placemark>

  <Placemark>
    <Style>
      <IconStyle>
        <scale>0.241818181818182</scale>
        <color>FFEA2915</color>
        <Icon>
          <href>http://maps.google.com/mapfiles/kml/shapes/placemark_circle.png</href>
        </Icon>
      </IconStyle>
    </Style>
    <Point>
      <coordinates>140.150030533836,37.015068685744,309.010440788347</coordinates>
      <altitudeMode>absolute</altitudeMode>
    </Point>
  </Placemark>

  <Placemark>
    <Style>
      <IconStyle>
        <scale>0.213454545454545</scale>
        <color>FFED2412</color>
        <Icon>
          <href>http://maps.google.com/mapfiles/kml/shapes/placemark_circle.png</href>
        </Icon>
      </IconStyle>
    </Style>
    <Point>
      <coordinates>140.150030348209,37.0150691662406,309.010440788347</coordinates>
      <altitudeMode>absolute</altitudeMode>
    </Point>
  </Placemark>

  <Placemark>
    <Style>
      <IconStyle>
        <scale>0.213454545454545</scale>
        <color>FFED2412</color>
        <Icon>
          <href>http://maps.google.com/mapfiles/kml/shapes/placemark_circle.png</href>
        </Icon>
      </IconStyle>
    </Style>
    <Point>
      <coordinates>140.150030348209,37.0150691662406,309.010440788347</coordinates>
      <altitudeMode>absolute</altitudeMode>
    </Point>
  </Placemark>

  <Placemark>
    <Style>
      <IconStyle>
        <scale>0.222363636363636</scale>
        <color>FFEC2613</color>
        <Icon>
          <href>http://maps.google.com/mapfiles/kml/shapes/placemark_circle.png</href>
        </Icon>
      </IconStyle>
    </Style>
    <Point>
      <coordinates>140.15003024133,37.0150694080865,309.010440788347</coordinates>
      <altitudeMode>absolute</altitudeMode>
    </Point>
  </Placemark>

  <Placemark>
    <Style>
      <IconStyle>
        <scale>0.222363636363636</scale>
        <color>FFEC2613</color>
        <Icon>
          <href>http://maps.google.com/mapfiles/kml/shapes/placemark_circle.png</href>
        </Icon>
      </IconStyle>
    </Style>
    <Point>
      <coordinates>140.15003024133,37.0150694080865,309.010440788347</coordinates>
      <altitudeMode>absolute</altitudeMode>
    </Point>
  </Placemark>

  <Placemark>
    <Style>
      <IconStyle>
        <scale>0.216363636363636</scale>
        <color>FFED2512</color>
        <Icon>
          <href>http://maps.google.com/mapfiles/kml/shapes/placemark_circle.png</href>
        </Icon>
      </IconStyle>
    </Style>
    <Point>
      <coordinates>140.150029251741,37.0150696934633,309.010440788347</coordinates>
      <altitudeMode>absolute</altitudeMode>
    </Point>
  </Placemark>

  <Placemark>
    <Style>
      <IconStyle>
        <scale>0.216363636363636</scale>
        <color>FFED2512</color>
        <Icon>
          <href>http://maps.google.com/mapfiles/kml/shapes/placemark_circle.png</href>
        </Icon>
      </IconStyle>
    </Style>
    <Point>
      <coordinates>140.150029251741,37.0150696934633,309.010440788347</coordinates>
      <altitudeMode>absolute</altitudeMode>
    </Point>
  </Placemark>

  <Placemark>
    <Style>
      <IconStyle>
        <scale>0.268909090909091</scale>
        <color>FFE82E17</color>
        <Icon>
          <href>http://maps.google.com/mapfiles/kml/shapes/placemark_circle.png</href>
        </Icon>
      </IconStyle>
    </Style>
    <Point>
      <coordinates>140.150028232565,37.0150708087311,309.110440791547</coordinates>
      <altitudeMode>absolute</altitudeMode>
    </Point>
  </Placemark>

  <Placemark>
    <Style>
      <IconStyle>
        <scale>0.268909090909091</scale>
        <color>FFE82E17</color>
        <Icon>
          <href>http://maps.google.com/mapfiles/kml/shapes/placemark_circle.png</href>
        </Icon>
      </IconStyle>
    </Style>
    <Point>
      <coordinates>140.150028232565,37.0150708087311,309.110440791547</coordinates>
      <altitudeMode>absolute</altitudeMode>
    </Point>
  </Placemark>

  <Placemark>
    <Style>
      <IconStyle>
        <scale>0.265454545454545</scale>
        <color>FFE82D17</color>
        <Icon>
          <href>http://maps.google.com/mapfiles/kml/shapes/placemark_circle.png</href>
        </Icon>
      </IconStyle>
    </Style>
    <Point>
      <coordinates>140.150027864542,37.0150709174618,309.010440788347</coordinates>
      <altitudeMode>absolute</altitudeMode>
    </Point>
  </Placemark>

  <Placemark>
    <Style>
      <IconStyle>
        <scale>0.265454545454545</scale>
        <color>FFE82D17</color>
        <Icon>
          <href>http://maps.google.com/mapfiles/kml/shapes/placemark_circle.png</href>
        </Icon>
      </IconStyle>
    </Style>
    <Point>
      <coordinates>140.150027864542,37.0150709174618,309.010440788347</coordinates>
      <altitudeMode>absolute</altitudeMode>
    </Point>
  </Placemark>

  <Placemark>
    <Style>
      <IconStyle>
        <scale>0.269636363636364</scale>
        <color>FFE82E17</color>
        <Icon>
          <href>http://maps.google.com/mapfiles/kml/shapes/placemark_circle.png</href>
        </Icon>
      </IconStyle>
    </Style>
    <Point>
      <coordinates>140.150027916173,37.0150706046807,309.010440788347</coordinates>
      <altitudeMode>absolute</altitudeMode>
    </Point>
  </Placemark>

  <Placemark>
    <Style>
      <IconStyle>
        <scale>0.269636363636364</scale>
        <color>FFE82E17</color>
        <Icon>
          <href>http://maps.google.com/mapfiles/kml/shapes/placemark_circle.png</href>
        </Icon>
      </IconStyle>
    </Style>
    <Point>
      <coordinates>140.150027916173,37.0150706046807,309.010440788347</coordinates>
      <altitudeMode>absolute</altitudeMode>
    </Point>
  </Placemark>

  <Placemark>
    <Style>
      <IconStyle>
        <scale>0.248181818181818</scale>
        <color>FFEA2A15</color>
        <Icon>
          <href>http://maps.google.com/mapfiles/kml/shapes/placemark_circle.png</href>
        </Icon>
      </IconStyle>
    </Style>
    <Point>
      <coordinates>140.15002842187,37.0150699573167,309.010440788347</coordinates>
      <altitudeMode>absolute</altitudeMode>
    </Point>
  </Placemark>

  <Placemark>
    <Style>
      <IconStyle>
        <scale>0.248181818181818</scale>
        <color>FFEA2A15</color>
        <Icon>
          <href>http://maps.google.com/mapfiles/kml/shapes/placemark_circle.png</href>
        </Icon>
      </IconStyle>
    </Style>
    <Point>
      <coordinates>140.15002842187,37.0150699573167,309.010440788347</coordinates>
      <altitudeMode>absolute</altitudeMode>
    </Point>
  </Placemark>

  <Placemark>
    <Style>
      <IconStyle>
        <scale>0.242727272727273</scale>
        <color>FFEA2915</color>
        <Icon>
          <href>http://maps.google.com/mapfiles/kml/shapes/placemark_circle.png</href>
        </Icon>
      </IconStyle>
    </Style>
    <Point>
      <coordinates>140.150029004502,37.0150693716103,309.110440791547</coordinates>
      <altitudeMode>absolute</altitudeMode>
    </Point>
  </Placemark>

  <Placemark>
    <Style>
      <IconStyle>
        <scale>0.242727272727273</scale>
        <color>FFEA2915</color>
        <Icon>
          <href>http://maps.google.com/mapfiles/kml/shapes/placemark_circle.png</href>
        </Icon>
      </IconStyle>
    </Style>
    <Point>
      <coordinates>140.150029004502,37.0150693716103,309.110440791547</coordinates>
      <altitudeMode>absolute</altitudeMode>
    </Point>
  </Placemark>

  <Placemark>
    <Style>
      <IconStyle>
        <scale>0.248909090909091</scale>
        <color>FFEA2A15</color>
        <Icon>
          <href>http://maps.google.com/mapfiles/kml/shapes/placemark_circle.png</href>
        </Icon>
      </IconStyle>
    </Style>
    <Point>
      <coordinates>140.150031785183,37.0150674455762,309.210440794747</coordinates>
      <altitudeMode>absolute</altitudeMode>
    </Point>
  </Placemark>

  <Placemark>
    <Style>
      <IconStyle>
        <scale>0.248909090909091</scale>
        <color>FFEA2A15</color>
        <Icon>
          <href>http://maps.google.com/mapfiles/kml/shapes/placemark_circle.png</href>
        </Icon>
      </IconStyle>
    </Style>
    <Point>
      <coordinates>140.150031785183,37.0150674455762,309.210440794747</coordinates>
      <altitudeMode>absolute</altitudeMode>
    </Point>
  </Placemark>

  <Placemark>
    <Style>
      <IconStyle>
        <scale>0.234727272727273</scale>
        <color>FFEB2814</color>
        <Icon>
          <href>http://maps.google.com/mapfiles/kml/shapes/placemark_circle.png</href>
        </Icon>
      </IconStyle>
    </Style>
    <Point>
      <coordinates>140.150038005097,37.0150639950426,309.310440797947</coordinates>
      <altitudeMode>absolute</altitudeMode>
    </Point>
  </Placemark>

  <Placemark>
    <Style>
      <IconStyle>
        <scale>0.234727272727273</scale>
        <color>FFEB2814</color>
        <Icon>
          <href>http://maps.google.com/mapfiles/kml/shapes/placemark_circle.png</href>
        </Icon>
      </IconStyle>
    </Style>
    <Point>
      <coordinates>140.150038005097,37.0150639950426,309.310440797947</coordinates>
      <altitudeMode>absolute</altitudeMode>
    </Point>
  </Placemark>

  <Placemark>
    <Style>
      <IconStyle>
        <scale>0.237636363636364</scale>
        <color>FFEB2814</color>
        <Icon>
          <href>http://maps.google.com/mapfiles/kml/shapes/placemark_circle.png</href>
        </Icon>
      </IconStyle>
    </Style>
    <Point>
      <coordinates>140.150046673603,37.0150596039128,309.510440804347</coordinates>
      <altitudeMode>absolute</altitudeMode>
    </Point>
  </Placemark>

  <Placemark>
    <Style>
      <IconStyle>
        <scale>0.237636363636364</scale>
        <color>FFEB2814</color>
        <Icon>
          <href>http://maps.google.com/mapfiles/kml/shapes/placemark_circle.png</href>
        </Icon>
      </IconStyle>
    </Style>
    <Point>
      <coordinates>140.150046673603,37.0150596039128,309.510440804347</coordinates>
      <altitudeMode>absolute</altitudeMode>
    </Point>
  </Placemark>

  <Placemark>
    <Style>
      <IconStyle>
        <scale>0.238727272727273</scale>
        <color>FFEB2914</color>
        <Icon>
          <href>http://maps.google.com/mapfiles/kml/shapes/placemark_circle.png</href>
        </Icon>
      </IconStyle>
    </Style>
    <Point>
      <coordinates>140.150056555087,37.0150541740378,309.810440813947</coordinates>
      <altitudeMode>absolute</altitudeMode>
    </Point>
  </Placemark>

  <Placemark>
    <Style>
      <IconStyle>
        <scale>0.238727272727273</scale>
        <color>FFEB2914</color>
        <Icon>
          <href>http://maps.google.com/mapfiles/kml/shapes/placemark_circle.png</href>
        </Icon>
      </IconStyle>
    </Style>
    <Point>
      <coordinates>140.150056555087,37.0150541740378,309.810440813947</coordinates>
      <altitudeMode>absolute</altitudeMode>
    </Point>
  </Placemark>

  <Placemark>
    <Style>
      <IconStyle>
        <scale>0.246545454545455</scale>
        <color>FFEA2A15</color>
        <Icon>
          <href>http://maps.google.com/mapfiles/kml/shapes/placemark_circle.png</href>
        </Icon>
      </IconStyle>
    </Style>
    <Point>
      <coordinates>140.15006795316,37.0150478299407,310.110440823547</coordinates>
      <altitudeMode>absolute</altitudeMode>
    </Point>
  </Placemark>

  <Placemark>
    <Style>
      <IconStyle>
        <scale>0.246545454545455</scale>
        <color>FFEA2A15</color>
        <Icon>
          <href>http://maps.google.com/mapfiles/kml/shapes/placemark_circle.png</href>
        </Icon>
      </IconStyle>
    </Style>
    <Point>
      <coordinates>140.15006795316,37.0150478299407,310.110440823547</coordinates>
      <altitudeMode>absolute</altitudeMode>
    </Point>
  </Placemark>

  <Placemark>
    <Style>
      <IconStyle>
        <scale>0.269272727272727</scale>
        <color>FFE82E17</color>
        <Icon>
          <href>http://maps.google.com/mapfiles/kml/shapes/placemark_circle.png</href>
        </Icon>
      </IconStyle>
    </Style>
    <Point>
      <coordinates>140.150080332742,37.0150414815229,310.410440833147</coordinates>
      <altitudeMode>absolute</altitudeMode>
    </Point>
  </Placemark>

  <Placemark>
    <Style>
      <IconStyle>
        <scale>0.269272727272727</scale>
        <color>FFE82E17</color>
        <Icon>
          <href>http://maps.google.com/mapfiles/kml/shapes/placemark_circle.png</href>
        </Icon>
      </IconStyle>
    </Style>
    <Point>
      <coordinates>140.150080332742,37.0150414815229,310.410440833147</coordinates>
      <altitudeMode>absolute</altitudeMode>
    </Point>
  </Placemark>

  <Placemark>
    <Style>
      <IconStyle>
        <scale>0.231818181818182</scale>
        <color>FFEB2714</color>
        <Icon>
          <href>http://maps.google.com/mapfiles/kml/shapes/placemark_circle.png</href>
        </Icon>
      </IconStyle>
    </Style>
    <Point>
      <coordinates>140.150093376177,37.0150352752425,310.810440845947</coordinates>
      <altitudeMode>absolute</altitudeMode>
    </Point>
  </Placemark>

  <Placemark>
    <Style>
      <IconStyle>
        <scale>0.231818181818182</scale>
        <color>FFEB2714</color>
        <Icon>
          <href>http://maps.google.com/mapfiles/kml/shapes/placemark_circle.png</href>
        </Icon>
      </IconStyle>
    </Style>
    <Point>
      <coordinates>140.150093376177,37.0150352752425,310.810440845947</coordinates>
      <altitudeMode>absolute</altitudeMode>
    </Point>
  </Placemark>

  <Placemark>
    <Style>
      <IconStyle>
        <scale>0.227454545454545</scale>
        <color>FFEC2713</color>
        <Icon>
          <href>http://maps.google.com/mapfiles/kml/shapes/placemark_circle.png</href>
        </Icon>
      </IconStyle>
    </Style>
    <Point>
      <coordinates>140.150106277393,37.0150286884174,311.310440861947</coordinates>
      <altitudeMode>absolute</altitudeMode>
    </Point>
  </Placemark>

  <Placemark>
    <Style>
      <IconStyle>
        <scale>0.227454545454545</scale>
        <color>FFEC2713</color>
        <Icon>
          <href>http://maps.google.com/mapfiles/kml/shapes/placemark_circle.png</href>
        </Icon>
      </IconStyle>
    </Style>
    <Point>
      <coordinates>140.150106277393,37.0150286884174,311.310440861947</coordinates>
      <altitudeMode>absolute</altitudeMode>
    </Point>
  </Placemark>

  <Placemark>
    <Style>
      <IconStyle>
        <scale>0.224</scale>
        <color>FFEC2613</color>
        <Icon>
          <href>http://maps.google.com/mapfiles/kml/shapes/placemark_circle.png</href>
        </Icon>
      </IconStyle>
    </Style>
    <Point>
      <coordinates>140.150116857766,37.0150226393989,311.710440874747</coordinates>
      <altitudeMode>absolute</altitudeMode>
    </Point>
  </Placemark>

  <Placemark>
    <Style>
      <IconStyle>
        <scale>0.224</scale>
        <color>FFEC2613</color>
        <Icon>
          <href>http://maps.google.com/mapfiles/kml/shapes/placemark_circle.png</href>
        </Icon>
      </IconStyle>
    </Style>
    <Point>
      <coordinates>140.150116857766,37.0150226393989,311.710440874747</coordinates>
      <altitudeMode>absolute</altitudeMode>
    </Point>
  </Placemark>

  <Placemark>
    <Style>
      <IconStyle>
        <scale>0.201454545454545</scale>
        <color>FFEE2211</color>
        <Icon>
          <href>http://maps.google.com/mapfiles/kml/shapes/placemark_circle.png</href>
        </Icon>
      </IconStyle>
    </Style>
    <Point>
      <coordinates>140.15012542475,37.0150177672521,312.410440897147</coordinates>
      <altitudeMode>absolute</altitudeMode>
    </Point>
  </Placemark>

  <Placemark>
    <Style>
      <IconStyle>
        <scale>0.201454545454545</scale>
        <color>FFEE2211</color>
        <Icon>
          <href>http://maps.google.com/mapfiles/kml/shapes/placemark_circle.png</href>
        </Icon>
      </IconStyle>
    </Style>
    <Point>
      <coordinates>140.15012542475,37.0150177672521,312.410440897147</coordinates>
      <altitudeMode>absolute</altitudeMode>
    </Point>
  </Placemark>

  <Placemark>
    <Style>
      <IconStyle>
        <scale>0.239090909090909</scale>
        <color>FFEB2914</color>
        <Icon>
          <href>http://maps.google.com/mapfiles/kml/shapes/placemark_circle.png</href>
        </Icon>
      </IconStyle>
    </Style>
    <Point>
      <coordinates>140.150132812191,37.0150133095218,313.010440916347</coordinates>
      <altitudeMode>absolute</altitudeMode>
    </Point>
  </Placemark>

  <Placemark>
    <Style>
      <IconStyle>
        <scale>0.239090909090909</scale>
        <color>FFEB2914</color>
        <Icon>
          <href>http://maps.google.com/mapfiles/kml/shapes/placemark_circle.png</href>
        </Icon>
      </IconStyle>
    </Style>
    <Point>
      <coordinates>140.150132812191,37.0150133095218,313.010440916347</coordinates>
      <altitudeMode>absolute</altitudeMode>
    </Point>
  </Placemark>

  <Placemark>
    <Style>
      <IconStyle>
        <scale>0.224909090909091</scale>
        <color>FFEC2613</color>
        <Icon>
          <href>http://maps.google.com/mapfiles/kml/shapes/placemark_circle.png</href>
        </Icon>
      </IconStyle>
    </Style>
    <Point>
      <coordinates>140.150138764771,37.0150103807819,313.410440929147</coordinates>
      <altitudeMode>absolute</altitudeMode>
    </Point>
  </Placemark>

  <Placemark>
    <Style>
      <IconStyle>
        <scale>0.224909090909091</scale>
        <color>FFEC2613</color>
        <Icon>
          <href>http://maps.google.com/mapfiles/kml/shapes/placemark_circle.png</href>
        </Icon>
      </IconStyle>
    </Style>
    <Point>
      <coordinates>140.150138764771,37.0150103807819,313.410440929147</coordinates>
      <altitudeMode>absolute</altitudeMode>
    </Point>
  </Placemark>

  <Placemark>
    <Style>
      <IconStyle>
        <scale>0.222363636363636</scale>
        <color>FFEC2613</color>
        <Icon>
          <href>http://maps.google.com/mapfiles/kml/shapes/placemark_circle.png</href>
        </Icon>
      </IconStyle>
    </Style>
    <Point>
      <coordinates>140.150143867679,37.0150074169579,313.810440941947</coordinates>
      <altitudeMode>absolute</altitudeMode>
    </Point>
  </Placemark>

  <Placemark>
    <Style>
      <IconStyle>
        <scale>0.222363636363636</scale>
        <color>FFEC2613</color>
        <Icon>
          <href>http://maps.google.com/mapfiles/kml/shapes/placemark_circle.png</href>
        </Icon>
      </IconStyle>
    </Style>
    <Point>
      <coordinates>140.150143867679,37.0150074169579,313.810440941947</coordinates>
      <altitudeMode>absolute</altitudeMode>
    </Point>
  </Placemark>

  <Placemark>
    <Style>
      <IconStyle>
        <scale>0.250909090909091</scale>
        <color>FFEA2B15</color>
        <Icon>
          <href>http://maps.google.com/mapfiles/kml/shapes/placemark_circle.png</href>
        </Icon>
      </IconStyle>
    </Style>
    <Point>
      <coordinates>140.15014877698,37.0150048132642,314.310440957947</coordinates>
      <altitudeMode>absolute</altitudeMode>
    </Point>
  </Placemark>

  <Placemark>
    <Style>
      <IconStyle>
        <scale>0.250909090909091</scale>
        <color>FFEA2B15</color>
        <Icon>
          <href>http://maps.google.com/mapfiles/kml/shapes/placemark_circle.png</href>
        </Icon>
      </IconStyle>
    </Style>
    <Point>
      <coordinates>140.15014877698,37.0150048132642,314.310440957947</coordinates>
      <altitudeMode>absolute</altitudeMode>
    </Point>
  </Placemark>

  <Placemark>
    <Style>
      <IconStyle>
        <scale>0.288</scale>
        <color>FFE73118</color>
        <Icon>
          <href>http://maps.google.com/mapfiles/kml/shapes/placemark_circle.png</href>
        </Icon>
      </IconStyle>
    </Style>
    <Point>
      <coordinates>140.150153719539,37.0150019198335,314.610440967547</coordinates>
      <altitudeMode>absolute</altitudeMode>
    </Point>
  </Placemark>

  <Placemark>
    <Style>
      <IconStyle>
        <scale>0.288</scale>
        <color>FFE73118</color>
        <Icon>
          <href>http://maps.google.com/mapfiles/kml/shapes/placemark_circle.png</href>
        </Icon>
      </IconStyle>
    </Style>
    <Point>
      <coordinates>140.150153719539,37.0150019198335,314.610440967547</coordinates>
      <altitudeMode>absolute</altitudeMode>
    </Point>
  </Placemark>

  <Placemark>
    <Style>
      <IconStyle>
        <scale>0.266909090909091</scale>
        <color>FFE82D17</color>
        <Icon>
          <href>http://maps.google.com/mapfiles/kml/shapes/placemark_circle.png</href>
        </Icon>
      </IconStyle>
    </Style>
    <Point>
      <coordinates>140.150157908984,37.0149994383457,315.010440980347</coordinates>
      <altitudeMode>absolute</altitudeMode>
    </Point>
  </Placemark>

  <Placemark>
    <Style>
      <IconStyle>
        <scale>0.266909090909091</scale>
        <color>FFE82D17</color>
        <Icon>
          <href>http://maps.google.com/mapfiles/kml/shapes/placemark_circle.png</href>
        </Icon>
      </IconStyle>
    </Style>
    <Point>
      <coordinates>140.150157908984,37.0149994383457,315.010440980347</coordinates>
      <altitudeMode>absolute</altitudeMode>
    </Point>
  </Placemark>

  <Placemark>
    <Style>
      <IconStyle>
        <scale>0.319818181818182</scale>
        <color>FFE4361B</color>
        <Icon>
          <href>http://maps.google.com/mapfiles/kml/shapes/placemark_circle.png</href>
        </Icon>
      </IconStyle>
    </Style>
    <Point>
      <coordinates>140.150162300041,37.0149965956052,315.410440993147</coordinates>
      <altitudeMode>absolute</altitudeMode>
    </Point>
  </Placemark>

  <Placemark>
    <Style>
      <IconStyle>
        <scale>0.319818181818182</scale>
        <color>FFE4361B</color>
        <Icon>
          <href>http://maps.google.com/mapfiles/kml/shapes/placemark_circle.png</href>
        </Icon>
      </IconStyle>
    </Style>
    <Point>
      <coordinates>140.150162300041,37.0149965956052,315.410440993147</coordinates>
      <altitudeMode>absolute</altitudeMode>
    </Point>
  </Placemark>

  <Placemark>
    <Style>
      <IconStyle>
        <scale>0.444909090909091</scale>
        <color>FFD94C26</color>
        <Icon>
          <href>http://maps.google.com/mapfiles/kml/shapes/placemark_circle.png</href>
        </Icon>
      </IconStyle>
    </Style>
    <Point>
      <coordinates>140.15016868053,37.0149928638261,315.910441009147</coordinates>
      <altitudeMode>absolute</altitudeMode>
    </Point>
  </Placemark>

  <Placemark>
    <Style>
      <IconStyle>
        <scale>0.444909090909091</scale>
        <color>FFD94C26</color>
        <Icon>
          <href>http://maps.google.com/mapfiles/kml/shapes/placemark_circle.png</href>
        </Icon>
      </IconStyle>
    </Style>
    <Point>
      <coordinates>140.15016868053,37.0149928638261,315.910441009147</coordinates>
      <altitudeMode>absolute</altitudeMode>
    </Point>
  </Placemark>

  <Placemark>
    <Style>
      <IconStyle>
        <scale>0.492181818181818</scale>
        <color>FFD5542A</color>
        <Icon>
          <href>http://maps.google.com/mapfiles/kml/shapes/placemark_circle.png</href>
        </Icon>
      </IconStyle>
    </Style>
    <Point>
      <coordinates>140.150178222505,37.0149875147356,316.310441021947</coordinates>
      <altitudeMode>absolute</altitudeMode>
    </Point>
  </Placemark>

  <Placemark>
    <Style>
      <IconStyle>
        <scale>0.492181818181818</scale>
        <color>FFD5542A</color>
        <Icon>
          <href>http://maps.google.com/mapfiles/kml/shapes/placemark_circle.png</href>
        </Icon>
      </IconStyle>
    </Style>
    <Point>
      <coordinates>140.150178222505,37.0149875147356,316.310441021947</coordinates>
      <altitudeMode>absolute</altitudeMode>
    </Point>
  </Placemark>

  <Placemark>
    <Style>
      <IconStyle>
        <scale>0.484</scale>
        <color>FFD65229</color>
        <Icon>
          <href>http://maps.google.com/mapfiles/kml/shapes/placemark_circle.png</href>
        </Icon>
      </IconStyle>
    </Style>
    <Point>
      <coordinates>140.150190332977,37.0149810818293,316.810441037947</coordinates>
      <altitudeMode>absolute</altitudeMode>
    </Point>
  </Placemark>

  <Placemark>
    <Style>
      <IconStyle>
        <scale>0.484</scale>
        <color>FFD65229</color>
        <Icon>
          <href>http://maps.google.com/mapfiles/kml/shapes/placemark_circle.png</href>
        </Icon>
      </IconStyle>
    </Style>
    <Point>
      <coordinates>140.150190332977,37.0149810818293,316.810441037947</coordinates>
      <altitudeMode>absolute</altitudeMode>
    </Point>
  </Placemark>

  <Placemark>
    <Style>
      <IconStyle>
        <scale>0.594727272727273</scale>
        <color>FFCC6533</color>
        <Icon>
          <href>http://maps.google.com/mapfiles/kml/shapes/placemark_circle.png</href>
        </Icon>
      </IconStyle>
    </Style>
    <Point>
      <coordinates>140.150205472459,37.014972665883,317.310441053947</coordinates>
      <altitudeMode>absolute</altitudeMode>
    </Point>
  </Placemark>

  <Placemark>
    <Style>
      <IconStyle>
        <scale>0.594727272727273</scale>
        <color>FFCC6533</color>
        <Icon>
          <href>http://maps.google.com/mapfiles/kml/shapes/placemark_circle.png</href>
        </Icon>
      </IconStyle>
    </Style>
    <Point>
      <coordinates>140.150205472459,37.014972665883,317.310441053947</coordinates>
      <altitudeMode>absolute</altitudeMode>
    </Point>
  </Placemark>

  <Placemark>
    <Style>
      <IconStyle>
        <scale>0.672</scale>
        <color>FFC67239</color>
        <Icon>
          <href>http://maps.google.com/mapfiles/kml/shapes/placemark_circle.png</href>
        </Icon>
      </IconStyle>
    </Style>
    <Point>
      <coordinates>140.150222183978,37.0149636473413,318.010441076347</coordinates>
      <altitudeMode>absolute</altitudeMode>
    </Point>
  </Placemark>

  <Placemark>
    <Style>
      <IconStyle>
        <scale>0.672</scale>
        <color>FFC67239</color>
        <Icon>
          <href>http://maps.google.com/mapfiles/kml/shapes/placemark_circle.png</href>
        </Icon>
      </IconStyle>
    </Style>
    <Point>
      <coordinates>140.150222183978,37.0149636473413,318.010441076347</coordinates>
      <altitudeMode>absolute</altitudeMode>
    </Point>
  </Placemark>

  <Placemark>
    <Style>
      <IconStyle>
        <scale>0.733272727272727</scale>
        <color>FFC17D3E</color>
        <Icon>
          <href>http://maps.google.com/mapfiles/kml/shapes/placemark_circle.png</href>
        </Icon>
      </IconStyle>
    </Style>
    <Point>
      <coordinates>140.150238504677,37.0149546027103,318.810441101947</coordinates>
      <altitudeMode>absolute</altitudeMode>
    </Point>
  </Placemark>

  <Placemark>
    <Style>
      <IconStyle>
        <scale>0.733272727272727</scale>
        <color>FFC17D3E</color>
        <Icon>
          <href>http://maps.google.com/mapfiles/kml/shapes/placemark_circle.png</href>
        </Icon>
      </IconStyle>
    </Style>
    <Point>
      <coordinates>140.150238504677,37.0149546027103,318.810441101947</coordinates>
      <altitudeMode>absolute</altitudeMode>
    </Point>
  </Placemark>

  <Placemark>
    <Style>
      <IconStyle>
        <scale>0.850545454545454</scale>
        <color>FFB79148</color>
        <Icon>
          <href>http://maps.google.com/mapfiles/kml/shapes/placemark_circle.png</href>
        </Icon>
      </IconStyle>
    </Style>
    <Point>
      <coordinates>140.150254942188,37.0149455602509,319.610441127547</coordinates>
      <altitudeMode>absolute</altitudeMode>
    </Point>
  </Placemark>

  <Placemark>
    <Style>
      <IconStyle>
        <scale>0.850545454545454</scale>
        <color>FFB79148</color>
        <Icon>
          <href>http://maps.google.com/mapfiles/kml/shapes/placemark_circle.png</href>
        </Icon>
      </IconStyle>
    </Style>
    <Point>
      <coordinates>140.150254942188,37.0149455602509,319.610441127547</coordinates>
      <altitudeMode>absolute</altitudeMode>
    </Point>
  </Placemark>

  <Placemark>
    <Style>
      <IconStyle>
        <scale>0.858363636363636</scale>
        <color>FFB69249</color>
        <Icon>
          <href>http://maps.google.com/mapfiles/kml/shapes/placemark_circle.png</href>
        </Icon>
      </IconStyle>
    </Style>
    <Point>
      <coordinates>140.150272762334,37.0149365963379,320.310441149947</coordinates>
      <altitudeMode>absolute</altitudeMode>
    </Point>
  </Placemark>

  <Placemark>
    <Style>
      <IconStyle>
        <scale>0.858363636363636</scale>
        <color>FFB69249</color>
        <Icon>
          <href>http://maps.google.com/mapfiles/kml/shapes/placemark_circle.png</href>
        </Icon>
      </IconStyle>
    </Style>
    <Point>
      <coordinates>140.150272762334,37.0149365963379,320.310441149947</coordinates>
      <altitudeMode>absolute</altitudeMode>
    </Point>
  </Placemark>

  <Placemark>
    <Style>
      <IconStyle>
        <scale>0.852</scale>
        <color>FFB79148</color>
        <Icon>
          <href>http://maps.google.com/mapfiles/kml/shapes/placemark_circle.png</href>
        </Icon>
      </IconStyle>
    </Style>
    <Point>
      <coordinates>140.150290576364,37.0149277809001,321.010441172347</coordinates>
      <altitudeMode>absolute</altitudeMode>
    </Point>
  </Placemark>

  <Placemark>
    <Style>
      <IconStyle>
        <scale>0.852</scale>
        <color>FFB79148</color>
        <Icon>
          <href>http://maps.google.com/mapfiles/kml/shapes/placemark_circle.png</href>
        </Icon>
      </IconStyle>
    </Style>
    <Point>
      <coordinates>140.150290576364,37.0149277809001,321.010441172347</coordinates>
      <altitudeMode>absolute</altitudeMode>
    </Point>
  </Placemark>

  <Placemark>
    <Style>
      <IconStyle>
        <scale>0.845272727272727</scale>
        <color>FFB79048</color>
        <Icon>
          <href>http://maps.google.com/mapfiles/kml/shapes/placemark_circle.png</href>
        </Icon>
      </IconStyle>
    </Style>
    <Point>
      <coordinates>140.15030884475,37.0149184622044,321.910441201147</coordinates>
      <altitudeMode>absolute</altitudeMode>
    </Point>
  </Placemark>

  <Placemark>
    <Style>
      <IconStyle>
        <scale>0.845272727272727</scale>
        <color>FFB79048</color>
        <Icon>
          <href>http://maps.google.com/mapfiles/kml/shapes/placemark_circle.png</href>
        </Icon>
      </IconStyle>
    </Style>
    <Point>
      <coordinates>140.15030884475,37.0149184622044,321.910441201147</coordinates>
      <altitudeMode>absolute</altitudeMode>
    </Point>
  </Placemark>

  <Placemark>
    <Style>
      <IconStyle>
        <scale>0.775272727272727</scale>
        <color>FFBD8442</color>
        <Icon>
          <href>http://maps.google.com/mapfiles/kml/shapes/placemark_circle.png</href>
        </Icon>
      </IconStyle>
    </Style>
    <Point>
      <coordinates>140.150328129068,37.0149084448397,322.710441226747</coordinates>
      <altitudeMode>absolute</altitudeMode>
    </Point>
  </Placemark>

  <Placemark>
    <Style>
      <IconStyle>
        <scale>0.775272727272727</scale>
        <color>FFBD8442</color>
        <Icon>
          <href>http://maps.google.com/mapfiles/kml/shapes/placemark_circle.png</href>
        </Icon>
      </IconStyle>
    </Style>
    <Point>
      <coordinates>140.150328129068,37.0149084448397,322.710441226747</coordinates>
      <altitudeMode>absolute</altitudeMode>
    </Point>
  </Placemark>

  <Placemark>
    <Style>
      <IconStyle>
        <scale>0.692545454545455</scale>
        <color>FFC4763B</color>
        <Icon>
          <href>http://maps.google.com/mapfiles/kml/shapes/placemark_circle.png</href>
        </Icon>
      </IconStyle>
    </Style>
    <Point>
      <coordinates>140.150348623698,37.0148978639517,323.510441252347</coordinates>
      <altitudeMode>absolute</altitudeMode>
    </Point>
  </Placemark>

  <Placemark>
    <Style>
      <IconStyle>
        <scale>0.692545454545455</scale>
        <color>FFC4763B</color>
        <Icon>
          <href>http://maps.google.com/mapfiles/kml/shapes/placemark_circle.png</href>
        </Icon>
      </IconStyle>
    </Style>
    <Point>
      <coordinates>140.150348623698,37.0148978639517,323.510441252347</coordinates>
      <altitudeMode>absolute</altitudeMode>
    </Point>
  </Placemark>

  <Placemark>
    <Style>
      <IconStyle>
        <scale>0.786363636363636</scale>
        <color>FFBC8643</color>
        <Icon>
          <href>http://maps.google.com/mapfiles/kml/shapes/placemark_circle.png</href>
        </Icon>
      </IconStyle>
    </Style>
    <Point>
      <coordinates>140.150369866454,37.0148872649112,324.310441277947</coordinates>
      <altitudeMode>absolute</altitudeMode>
    </Point>
  </Placemark>

  <Placemark>
    <Style>
      <IconStyle>
        <scale>0.786363636363636</scale>
        <color>FFBC8643</color>
        <Icon>
          <href>http://maps.google.com/mapfiles/kml/shapes/placemark_circle.png</href>
        </Icon>
      </IconStyle>
    </Style>
    <Point>
      <coordinates>140.150369866454,37.0148872649112,324.310441277947</coordinates>
      <altitudeMode>absolute</altitudeMode>
    </Point>
  </Placemark>

  <Placemark>
    <Style>
      <IconStyle>
        <scale>0.860909090909091</scale>
        <color>FFB69249</color>
        <Icon>
          <href>http://maps.google.com/mapfiles/kml/shapes/placemark_circle.png</href>
        </Icon>
      </IconStyle>
    </Style>
    <Point>
      <coordinates>140.150391346911,37.0148767103994,325.110441303547</coordinates>
      <altitudeMode>absolute</altitudeMode>
    </Point>
  </Placemark>

  <Placemark>
    <Style>
      <IconStyle>
        <scale>0.860909090909091</scale>
        <color>FFB69249</color>
        <Icon>
          <href>http://maps.google.com/mapfiles/kml/shapes/placemark_circle.png</href>
        </Icon>
      </IconStyle>
    </Style>
    <Point>
      <coordinates>140.150391346911,37.0148767103994,325.110441303547</coordinates>
      <altitudeMode>absolute</altitudeMode>
    </Point>
  </Placemark>

  <Placemark>
    <Style>
      <IconStyle>
        <scale>0.767818181818182</scale>
        <color>FFBE8341</color>
        <Icon>
          <href>http://maps.google.com/mapfiles/kml/shapes/placemark_circle.png</href>
        </Icon>
      </IconStyle>
    </Style>
    <Point>
      <coordinates>140.150413834654,37.0148651441978,326.010441332347</coordinates>
      <altitudeMode>absolute</altitudeMode>
    </Point>
  </Placemark>

  <Placemark>
    <Style>
      <IconStyle>
        <scale>0.767818181818182</scale>
        <color>FFBE8341</color>
        <Icon>
          <href>http://maps.google.com/mapfiles/kml/shapes/placemark_circle.png</href>
        </Icon>
      </IconStyle>
    </Style>
    <Point>
      <coordinates>140.150413834654,37.0148651441978,326.010441332347</coordinates>
      <altitudeMode>absolute</altitudeMode>
    </Point>
  </Placemark>

  <Placemark>
    <Style>
      <IconStyle>
        <scale>0.668363636363637</scale>
        <color>FFC67239</color>
        <Icon>
          <href>http://maps.google.com/mapfiles/kml/shapes/placemark_circle.png</href>
        </Icon>
      </IconStyle>
    </Style>
    <Point>
      <coordinates>140.150438268689,37.0148523569403,326.910441361147</coordinates>
      <altitudeMode>absolute</altitudeMode>
    </Point>
  </Placemark>

  <Placemark>
    <Style>
      <IconStyle>
        <scale>0.668363636363637</scale>
        <color>FFC67239</color>
        <Icon>
          <href>http://maps.google.com/mapfiles/kml/shapes/placemark_circle.png</href>
        </Icon>
      </IconStyle>
    </Style>
    <Point>
      <coordinates>140.150438268689,37.0148523569403,326.910441361147</coordinates>
      <altitudeMode>absolute</altitudeMode>
    </Point>
  </Placemark>

  <Placemark>
    <Style>
      <IconStyle>
        <scale>0.648909090909091</scale>
        <color>FFC86E37</color>
        <Icon>
          <href>http://maps.google.com/mapfiles/kml/shapes/placemark_circle.png</href>
        </Icon>
      </IconStyle>
    </Style>
    <Point>
      <coordinates>140.150462419404,37.0148395078153,327.910441393147</coordinates>
      <altitudeMode>absolute</altitudeMode>
    </Point>
  </Placemark>

  <Placemark>
    <Style>
      <IconStyle>
        <scale>0.648909090909091</scale>
        <color>FFC86E37</color>
        <Icon>
          <href>http://maps.google.com/mapfiles/kml/shapes/placemark_circle.png</href>
        </Icon>
      </IconStyle>
    </Style>
    <Point>
      <coordinates>140.150462419404,37.0148395078153,327.910441393147</coordinates>
      <altitudeMode>absolute</altitudeMode>
    </Point>
  </Placemark>

  <Placemark>
    <Style>
      <IconStyle>
        <scale>0.575272727272727</scale>
        <color>FFCE6231</color>
        <Icon>
          <href>http://maps.google.com/mapfiles/kml/shapes/placemark_circle.png</href>
        </Icon>
      </IconStyle>
    </Style>
    <Point>
      <coordinates>140.150486722121,37.0148264426768,328.810441421947</coordinates>
      <altitudeMode>absolute</altitudeMode>
    </Point>
  </Placemark>

  <Placemark>
    <Style>
      <IconStyle>
        <scale>0.575272727272727</scale>
        <color>FFCE6231</color>
        <Icon>
          <href>http://maps.google.com/mapfiles/kml/shapes/placemark_circle.png</href>
        </Icon>
      </IconStyle>
    </Style>
    <Point>
      <coordinates>140.150486722121,37.0148264426768,328.810441421947</coordinates>
      <altitudeMode>absolute</altitudeMode>
    </Point>
  </Placemark>

  <Placemark>
    <Style>
      <IconStyle>
        <scale>0.585636363636364</scale>
        <color>FFCD6432</color>
        <Icon>
          <href>http://maps.google.com/mapfiles/kml/shapes/placemark_circle.png</href>
        </Icon>
      </IconStyle>
    </Style>
    <Point>
      <coordinates>140.150515864929,37.0148108721027,329.910441457147</coordinates>
      <altitudeMode>absolute</altitudeMode>
    </Point>
  </Placemark>

  <Placemark>
    <Style>
      <IconStyle>
        <scale>0.585636363636364</scale>
        <color>FFCD6432</color>
        <Icon>
          <href>http://maps.google.com/mapfiles/kml/shapes/placemark_circle.png</href>
        </Icon>
      </IconStyle>
    </Style>
    <Point>
      <coordinates>140.150515864929,37.0148108721027,329.910441457147</coordinates>
      <altitudeMode>absolute</altitudeMode>
    </Point>
  </Placemark>

  <Placemark>
    <Style>
      <IconStyle>
        <scale>0.623636363636364</scale>
        <color>FFCA6A35</color>
        <Icon>
          <href>http://maps.google.com/mapfiles/kml/shapes/placemark_circle.png</href>
        </Icon>
      </IconStyle>
    </Style>
    <Point>
      <coordinates>140.150535651172,37.0148010132787,330.610441479547</coordinates>
      <altitudeMode>absolute</altitudeMode>
    </Point>
  </Placemark>

  <Placemark>
    <Style>
      <IconStyle>
        <scale>0.623636363636364</scale>
        <color>FFCA6A35</color>
        <Icon>
          <href>http://maps.google.com/mapfiles/kml/shapes/placemark_circle.png</href>
        </Icon>
      </IconStyle>
    </Style>
    <Point>
      <coordinates>140.150535651172,37.0148010132787,330.610441479547</coordinates>
      <altitudeMode>absolute</altitudeMode>
    </Point>
  </Placemark>

  <Placemark>
    <Style>
      <IconStyle>
        <scale>0.620181818181818</scale>
        <color>FFCA6935</color>
        <Icon>
          <href>http://maps.google.com/mapfiles/kml/shapes/placemark_circle.png</href>
        </Icon>
      </IconStyle>
    </Style>
    <Point>
      <coordinates>140.150560097223,37.0147884187167,331.410441505147</coordinates>
      <altitudeMode>absolute</altitudeMode>
    </Point>
  </Placemark>

  <Placemark>
    <Style>
      <IconStyle>
        <scale>0.620181818181818</scale>
        <color>FFCA6935</color>
        <Icon>
          <href>http://maps.google.com/mapfiles/kml/shapes/placemark_circle.png</href>
        </Icon>
      </IconStyle>
    </Style>
    <Point>
      <coordinates>140.150560097223,37.0147884187167,331.410441505147</coordinates>
      <altitudeMode>absolute</altitudeMode>
    </Point>
  </Placemark>

  <Placemark>
    <Style>
      <IconStyle>
        <scale>0.648545454545455</scale>
        <color>FFC86E37</color>
        <Icon>
          <href>http://maps.google.com/mapfiles/kml/shapes/placemark_circle.png</href>
        </Icon>
      </IconStyle>
    </Style>
    <Point>
      <coordinates>140.15058366572,37.0147756383296,332.210441530747</coordinates>
      <altitudeMode>absolute</altitudeMode>
    </Point>
  </Placemark>

  <Placemark>
    <Style>
      <IconStyle>
        <scale>0.648545454545455</scale>
        <color>FFC86E37</color>
        <Icon>
          <href>http://maps.google.com/mapfiles/kml/shapes/placemark_circle.png</href>
        </Icon>
      </IconStyle>
    </Style>
    <Point>
      <coordinates>140.15058366572,37.0147756383296,332.210441530747</coordinates>
      <altitudeMode>absolute</altitudeMode>
    </Point>
  </Placemark>

  <Placemark>
    <Style>
      <IconStyle>
        <scale>0.638363636363637</scale>
        <color>FFC96D36</color>
        <Icon>
          <href>http://maps.google.com/mapfiles/kml/shapes/placemark_circle.png</href>
        </Icon>
      </IconStyle>
    </Style>
    <Point>
      <coordinates>140.150608282527,37.0147638260458,333.210441562747</coordinates>
      <altitudeMode>absolute</altitudeMode>
    </Point>
  </Placemark>

  <Placemark>
    <Style>
      <IconStyle>
        <scale>0.638363636363637</scale>
        <color>FFC96D36</color>
        <Icon>
          <href>http://maps.google.com/mapfiles/kml/shapes/placemark_circle.png</href>
        </Icon>
      </IconStyle>
    </Style>
    <Point>
      <coordinates>140.150608282527,37.0147638260458,333.210441562747</coordinates>
      <altitudeMode>absolute</altitudeMode>
    </Point>
  </Placemark>

  <Placemark>
    <Style>
      <IconStyle>
        <scale>0.495454545454546</scale>
        <color>FFD5542A</color>
        <Icon>
          <href>http://maps.google.com/mapfiles/kml/shapes/placemark_circle.png</href>
        </Icon>
      </IconStyle>
    </Style>
    <Point>
      <coordinates>140.150632180176,37.0147515157041,334.110441591547</coordinates>
      <altitudeMode>absolute</altitudeMode>
    </Point>
  </Placemark>

  <Placemark>
    <Style>
      <IconStyle>
        <scale>0.495454545454546</scale>
        <color>FFD5542A</color>
        <Icon>
          <href>http://maps.google.com/mapfiles/kml/shapes/placemark_circle.png</href>
        </Icon>
      </IconStyle>
    </Style>
    <Point>
      <coordinates>140.150632180176,37.0147515157041,334.110441591547</coordinates>
      <altitudeMode>absolute</altitudeMode>
    </Point>
  </Placemark>

  <Placemark>
    <Style>
      <IconStyle>
        <scale>0.482181818181818</scale>
        <color>FFD65229</color>
        <Icon>
          <href>http://maps.google.com/mapfiles/kml/shapes/placemark_circle.png</href>
        </Icon>
      </IconStyle>
    </Style>
    <Point>
      <coordinates>140.150655596627,37.0147381860826,335.010441620347</coordinates>
      <altitudeMode>absolute</altitudeMode>
    </Point>
  </Placemark>

  <Placemark>
    <Style>
      <IconStyle>
        <scale>0.482181818181818</scale>
        <color>FFD65229</color>
        <Icon>
          <href>http://maps.google.com/mapfiles/kml/shapes/placemark_circle.png</href>
        </Icon>
      </IconStyle>
    </Style>
    <Point>
      <coordinates>140.150655596627,37.0147381860826,335.010441620347</coordinates>
      <altitudeMode>absolute</altitudeMode>
    </Point>
  </Placemark>

  <Placemark>
    <Style>
      <IconStyle>
        <scale>0.447818181818182</scale>
        <color>FFD94C26</color>
        <Icon>
          <href>http://maps.google.com/mapfiles/kml/shapes/placemark_circle.png</href>
        </Icon>
      </IconStyle>
    </Style>
    <Point>
      <coordinates>140.150680040747,37.0147263588588,335.910441649147</coordinates>
      <altitudeMode>absolute</altitudeMode>
    </Point>
  </Placemark>

  <Placemark>
    <Style>
      <IconStyle>
        <scale>0.447818181818182</scale>
        <color>FFD94C26</color>
        <Icon>
          <href>http://maps.google.com/mapfiles/kml/shapes/placemark_circle.png</href>
        </Icon>
      </IconStyle>
    </Style>
    <Point>
      <coordinates>140.150680040747,37.0147263588588,335.910441649147</coordinates>
      <altitudeMode>absolute</altitudeMode>
    </Point>
  </Placemark>

  <Placemark>
    <Style>
      <IconStyle>
        <scale>0.496545454545455</scale>
        <color>FFD5542A</color>
        <Icon>
          <href>http://maps.google.com/mapfiles/kml/shapes/placemark_circle.png</href>
        </Icon>
      </IconStyle>
    </Style>
    <Point>
      <coordinates>140.150703678764,37.0147136937942,336.910441681147</coordinates>
      <altitudeMode>absolute</altitudeMode>
    </Point>
  </Placemark>

  <Placemark>
    <Style>
      <IconStyle>
        <scale>0.496545454545455</scale>
        <color>FFD5542A</color>
        <Icon>
          <href>http://maps.google.com/mapfiles/kml/shapes/placemark_circle.png</href>
        </Icon>
      </IconStyle>
    </Style>
    <Point>
      <coordinates>140.150703678764,37.0147136937942,336.910441681147</coordinates>
      <altitudeMode>absolute</altitudeMode>
    </Point>
  </Placemark>

  <Placemark>
    <Style>
      <IconStyle>
        <scale>0.485454545454545</scale>
        <color>FFD65329</color>
        <Icon>
          <href>http://maps.google.com/mapfiles/kml/shapes/placemark_circle.png</href>
        </Icon>
      </IconStyle>
    </Style>
    <Point>
      <coordinates>140.150726531622,37.0147004130019,337.710441706747</coordinates>
      <altitudeMode>absolute</altitudeMode>
    </Point>
  </Placemark>

  <Placemark>
    <Style>
      <IconStyle>
        <scale>0.485454545454545</scale>
        <color>FFD65329</color>
        <Icon>
          <href>http://maps.google.com/mapfiles/kml/shapes/placemark_circle.png</href>
        </Icon>
      </IconStyle>
    </Style>
    <Point>
      <coordinates>140.150726531622,37.0147004130019,337.710441706747</coordinates>
      <altitudeMode>absolute</altitudeMode>
    </Point>
  </Placemark>

  <Placemark>
    <Style>
      <IconStyle>
        <scale>0.492</scale>
        <color>FFD5542A</color>
        <Icon>
          <href>http://maps.google.com/mapfiles/kml/shapes/placemark_circle.png</href>
        </Icon>
      </IconStyle>
    </Style>
    <Point>
      <coordinates>140.150750012444,37.0146877084285,338.610441735547</coordinates>
      <altitudeMode>absolute</altitudeMode>
    </Point>
  </Placemark>

  <Placemark>
    <Style>
      <IconStyle>
        <scale>0.492</scale>
        <color>FFD5542A</color>
        <Icon>
          <href>http://maps.google.com/mapfiles/kml/shapes/placemark_circle.png</href>
        </Icon>
      </IconStyle>
    </Style>
    <Point>
      <coordinates>140.150750012444,37.0146877084285,338.610441735547</coordinates>
      <altitudeMode>absolute</altitudeMode>
    </Point>
  </Placemark>

  <Placemark>
    <Style>
      <IconStyle>
        <scale>0.439272727272727</scale>
        <color>FFDA4B25</color>
        <Icon>
          <href>http://maps.google.com/mapfiles/kml/shapes/placemark_circle.png</href>
        </Icon>
      </IconStyle>
    </Style>
    <Point>
      <coordinates>140.150773838984,37.0146753894517,339.410441761147</coordinates>
      <altitudeMode>absolute</altitudeMode>
    </Point>
  </Placemark>

  <Placemark>
    <Style>
      <IconStyle>
        <scale>0.439272727272727</scale>
        <color>FFDA4B25</color>
        <Icon>
          <href>http://maps.google.com/mapfiles/kml/shapes/placemark_circle.png</href>
        </Icon>
      </IconStyle>
    </Style>
    <Point>
      <coordinates>140.150773838984,37.0146753894517,339.410441761147</coordinates>
      <altitudeMode>absolute</altitudeMode>
    </Point>
  </Placemark>

  <Placemark>
    <Style>
      <IconStyle>
        <scale>0.429818181818182</scale>
        <color>FFDA4925</color>
        <Icon>
          <href>http://maps.google.com/mapfiles/kml/shapes/placemark_circle.png</href>
        </Icon>
      </IconStyle>
    </Style>
    <Point>
      <coordinates>140.150797152183,37.0146628518229,340.610441799547</coordinates>
      <altitudeMode>absolute</altitudeMode>
    </Point>
  </Placemark>

  <Placemark>
    <Style>
      <IconStyle>
        <scale>0.429818181818182</scale>
        <color>FFDA4925</color>
        <Icon>
          <href>http://maps.google.com/mapfiles/kml/shapes/placemark_circle.png</href>
        </Icon>
      </IconStyle>
    </Style>
    <Point>
      <coordinates>140.150797152183,37.0146628518229,340.610441799547</coordinates>
      <altitudeMode>absolute</altitudeMode>
    </Point>
  </Placemark>

  <Placemark>
    <Style>
      <IconStyle>
        <scale>0.460181818181818</scale>
        <color>FFD84E27</color>
        <Icon>
          <href>http://maps.google.com/mapfiles/kml/shapes/placemark_circle.png</href>
        </Icon>
      </IconStyle>
    </Style>
    <Point>
      <coordinates>140.150820195881,37.0146508539196,341.610441831547</coordinates>
      <altitudeMode>absolute</altitudeMode>
    </Point>
  </Placemark>

  <Placemark>
    <Style>
      <IconStyle>
        <scale>0.460181818181818</scale>
        <color>FFD84E27</color>
        <Icon>
          <href>http://maps.google.com/mapfiles/kml/shapes/placemark_circle.png</href>
        </Icon>
      </IconStyle>
    </Style>
    <Point>
      <coordinates>140.150820195881,37.0146508539196,341.610441831547</coordinates>
      <altitudeMode>absolute</altitudeMode>
    </Point>
  </Placemark>

  <Placemark>
    <Style>
      <IconStyle>
        <scale>0.411090909090909</scale>
        <color>FFDC4623</color>
        <Icon>
          <href>http://maps.google.com/mapfiles/kml/shapes/placemark_circle.png</href>
        </Icon>
      </IconStyle>
    </Style>
    <Point>
      <coordinates>140.150843431061,37.014638671322,342.510441860347</coordinates>
      <altitudeMode>absolute</altitudeMode>
    </Point>
  </Placemark>

  <Placemark>
    <Style>
      <IconStyle>
        <scale>0.411090909090909</scale>
        <color>FFDC4623</color>
        <Icon>
          <href>http://maps.google.com/mapfiles/kml/shapes/placemark_circle.png</href>
        </Icon>
      </IconStyle>
    </Style>
    <Point>
      <coordinates>140.150843431061,37.014638671322,342.510441860347</coordinates>
      <altitudeMode>absolute</altitudeMode>
    </Point>
  </Placemark>

  <Placemark>
    <Style>
      <IconStyle>
        <scale>0.383090909090909</scale>
        <color>FFDE4121</color>
        <Icon>
          <href>http://maps.google.com/mapfiles/kml/shapes/placemark_circle.png</href>
        </Icon>
      </IconStyle>
    </Style>
    <Point>
      <coordinates>140.150868049971,37.0146260400781,343.510441892347</coordinates>
      <altitudeMode>absolute</altitudeMode>
    </Point>
  </Placemark>

  <Placemark>
    <Style>
      <IconStyle>
        <scale>0.383090909090909</scale>
        <color>FFDE4121</color>
        <Icon>
          <href>http://maps.google.com/mapfiles/kml/shapes/placemark_circle.png</href>
        </Icon>
      </IconStyle>
    </Style>
    <Point>
      <coordinates>140.150868049971,37.0146260400781,343.510441892347</coordinates>
      <altitudeMode>absolute</altitudeMode>
    </Point>
  </Placemark>

  <Placemark>
    <Style>
      <IconStyle>
        <scale>0.386</scale>
        <color>FFDE4221</color>
        <Icon>
          <href>http://maps.google.com/mapfiles/kml/shapes/placemark_circle.png</href>
        </Icon>
      </IconStyle>
    </Style>
    <Point>
      <coordinates>140.150890399058,37.0146130564757,344.510441924347</coordinates>
      <altitudeMode>absolute</altitudeMode>
    </Point>
  </Placemark>

  <Placemark>
    <Style>
      <IconStyle>
        <scale>0.386</scale>
        <color>FFDE4221</color>
        <Icon>
          <href>http://maps.google.com/mapfiles/kml/shapes/placemark_circle.png</href>
        </Icon>
      </IconStyle>
    </Style>
    <Point>
      <coordinates>140.150890399058,37.0146130564757,344.510441924347</coordinates>
      <altitudeMode>absolute</altitudeMode>
    </Point>
  </Placemark>

  <Placemark>
    <Style>
      <IconStyle>
        <scale>0.397090909090909</scale>
        <color>FFDD4422</color>
        <Icon>
          <href>http://maps.google.com/mapfiles/kml/shapes/placemark_circle.png</href>
        </Icon>
      </IconStyle>
    </Style>
    <Point>
      <coordinates>140.150914233408,37.0146006730786,345.210441946747</coordinates>
      <altitudeMode>absolute</altitudeMode>
    </Point>
  </Placemark>

  <Placemark>
    <Style>
      <IconStyle>
        <scale>0.397090909090909</scale>
        <color>FFDD4422</color>
        <Icon>
          <href>http://maps.google.com/mapfiles/kml/shapes/placemark_circle.png</href>
        </Icon>
      </IconStyle>
    </Style>
    <Point>
      <coordinates>140.150914233408,37.0146006730786,345.210441946747</coordinates>
      <altitudeMode>absolute</altitudeMode>
    </Point>
  </Placemark>

  <Placemark>
    <Style>
      <IconStyle>
        <scale>0.428727272727273</scale>
        <color>FFDB4924</color>
        <Icon>
          <href>http://maps.google.com/mapfiles/kml/shapes/placemark_circle.png</href>
        </Icon>
      </IconStyle>
    </Style>
    <Point>
      <coordinates>140.150937971802,37.0145885792302,345.810441965947</coordinates>
      <altitudeMode>absolute</altitudeMode>
    </Point>
  </Placemark>

  <Placemark>
    <Style>
      <IconStyle>
        <scale>0.428727272727273</scale>
        <color>FFDB4924</color>
        <Icon>
          <href>http://maps.google.com/mapfiles/kml/shapes/placemark_circle.png</href>
        </Icon>
      </IconStyle>
    </Style>
    <Point>
      <coordinates>140.150937971802,37.0145885792302,345.810441965947</coordinates>
      <altitudeMode>absolute</altitudeMode>
    </Point>
  </Placemark>

  <Placemark>
    <Style>
      <IconStyle>
        <scale>0.440545454545455</scale>
        <color>FFDA4B25</color>
        <Icon>
          <href>http://maps.google.com/mapfiles/kml/shapes/placemark_circle.png</href>
        </Icon>
      </IconStyle>
    </Style>
    <Point>
      <coordinates>140.150961359501,37.0145766082601,346.610441991547</coordinates>
      <altitudeMode>absolute</altitudeMode>
    </Point>
  </Placemark>

  <Placemark>
    <Style>
      <IconStyle>
        <scale>0.440545454545455</scale>
        <color>FFDA4B25</color>
        <Icon>
          <href>http://maps.google.com/mapfiles/kml/shapes/placemark_circle.png</href>
        </Icon>
      </IconStyle>
    </Style>
    <Point>
      <coordinates>140.150961359501,37.0145766082601,346.610441991547</coordinates>
      <altitudeMode>absolute</altitudeMode>
    </Point>
  </Placemark>

  <Placemark>
    <Style>
      <IconStyle>
        <scale>0.418909090909091</scale>
        <color>FFDB4724</color>
        <Icon>
          <href>http://maps.google.com/mapfiles/kml/shapes/placemark_circle.png</href>
        </Icon>
      </IconStyle>
    </Style>
    <Point>
      <coordinates>140.150984221241,37.0145646198486,347.710442026747</coordinates>
      <altitudeMode>absolute</altitudeMode>
    </Point>
  </Placemark>

  <Placemark>
    <Style>
      <IconStyle>
        <scale>0.418909090909091</scale>
        <color>FFDB4724</color>
        <Icon>
          <href>http://maps.google.com/mapfiles/kml/shapes/placemark_circle.png</href>
        </Icon>
      </IconStyle>
    </Style>
    <Point>
      <coordinates>140.150984221241,37.0145646198486,347.710442026747</coordinates>
      <altitudeMode>absolute</altitudeMode>
    </Point>
  </Placemark>

  <Placemark>
    <Style>
      <IconStyle>
        <scale>0.382727272727273</scale>
        <color>FFDE4121</color>
        <Icon>
          <href>http://maps.google.com/mapfiles/kml/shapes/placemark_circle.png</href>
        </Icon>
      </IconStyle>
    </Style>
    <Point>
      <coordinates>140.151006930893,37.0145526123165,348.810442061947</coordinates>
      <altitudeMode>absolute</altitudeMode>
    </Point>
  </Placemark>

  <Placemark>
    <Style>
      <IconStyle>
        <scale>0.382727272727273</scale>
        <color>FFDE4121</color>
        <Icon>
          <href>http://maps.google.com/mapfiles/kml/shapes/placemark_circle.png</href>
        </Icon>
      </IconStyle>
    </Style>
    <Point>
      <coordinates>140.151006930893,37.0145526123165,348.810442061947</coordinates>
      <altitudeMode>absolute</altitudeMode>
    </Point>
  </Placemark>

  <Placemark>
    <Style>
      <IconStyle>
        <scale>0.377454545454546</scale>
        <color>FFDF4020</color>
        <Icon>
          <href>http://maps.google.com/mapfiles/kml/shapes/placemark_circle.png</href>
        </Icon>
      </IconStyle>
    </Style>
    <Point>
      <coordinates>140.151030667056,37.0145402915579,349.710442090747</coordinates>
      <altitudeMode>absolute</altitudeMode>
    </Point>
  </Placemark>

  <Placemark>
    <Style>
      <IconStyle>
        <scale>0.377454545454546</scale>
        <color>FFDF4020</color>
        <Icon>
          <href>http://maps.google.com/mapfiles/kml/shapes/placemark_circle.png</href>
        </Icon>
      </IconStyle>
    </Style>
    <Point>
      <coordinates>140.151030667056,37.0145402915579,349.710442090747</coordinates>
      <altitudeMode>absolute</altitudeMode>
    </Point>
  </Placemark>

  <Placemark>
    <Style>
      <IconStyle>
        <scale>0.328727272727273</scale>
        <color>FFE3381C</color>
        <Icon>
          <href>http://maps.google.com/mapfiles/kml/shapes/placemark_circle.png</href>
        </Icon>
      </IconStyle>
    </Style>
    <Point>
      <coordinates>140.151057471678,37.0145266788297,350.810442125947</coordinates>
      <altitudeMode>absolute</altitudeMode>
    </Point>
  </Placemark>

  <Placemark>
    <Style>
      <IconStyle>
        <scale>0.328727272727273</scale>
        <color>FFE3381C</color>
        <Icon>
          <href>http://maps.google.com/mapfiles/kml/shapes/placemark_circle.png</href>
        </Icon>
      </IconStyle>
    </Style>
    <Point>
      <coordinates>140.151057471678,37.0145266788297,350.810442125947</coordinates>
      <altitudeMode>absolute</altitudeMode>
    </Point>
  </Placemark>

  <Placemark>
    <Style>
      <IconStyle>
        <scale>0.329090909090909</scale>
        <color>FFE3381C</color>
        <Icon>
          <href>http://maps.google.com/mapfiles/kml/shapes/placemark_circle.png</href>
        </Icon>
      </IconStyle>
    </Style>
    <Point>
      <coordinates>140.151085096134,37.0145131544052,351.810442157947</coordinates>
      <altitudeMode>absolute</altitudeMode>
    </Point>
  </Placemark>

  <Placemark>
    <Style>
      <IconStyle>
        <scale>0.329090909090909</scale>
        <color>FFE3381C</color>
        <Icon>
          <href>http://maps.google.com/mapfiles/kml/shapes/placemark_circle.png</href>
        </Icon>
      </IconStyle>
    </Style>
    <Point>
      <coordinates>140.151085096134,37.0145131544052,351.810442157947</coordinates>
      <altitudeMode>absolute</altitudeMode>
    </Point>
  </Placemark>

  <Placemark>
    <Style>
      <IconStyle>
        <scale>0.318545454545455</scale>
        <color>FFE4361B</color>
        <Icon>
          <href>http://maps.google.com/mapfiles/kml/shapes/placemark_circle.png</href>
        </Icon>
      </IconStyle>
    </Style>
    <Point>
      <coordinates>140.151114183883,37.0144975685656,353.010442196347</coordinates>
      <altitudeMode>absolute</altitudeMode>
    </Point>
  </Placemark>

  <Placemark>
    <Style>
      <IconStyle>
        <scale>0.318545454545455</scale>
        <color>FFE4361B</color>
        <Icon>
          <href>http://maps.google.com/mapfiles/kml/shapes/placemark_circle.png</href>
        </Icon>
      </IconStyle>
    </Style>
    <Point>
      <coordinates>140.151114183883,37.0144975685656,353.010442196347</coordinates>
      <altitudeMode>absolute</altitudeMode>
    </Point>
  </Placemark>

  <Placemark>
    <Style>
      <IconStyle>
        <scale>0.319090909090909</scale>
        <color>FFE4361B</color>
        <Icon>
          <href>http://maps.google.com/mapfiles/kml/shapes/placemark_circle.png</href>
        </Icon>
      </IconStyle>
    </Style>
    <Point>
      <coordinates>140.151145126903,37.0144810281062,354.010442228347</coordinates>
      <altitudeMode>absolute</altitudeMode>
    </Point>
  </Placemark>

  <Placemark>
    <Style>
      <IconStyle>
        <scale>0.319090909090909</scale>
        <color>FFE4361B</color>
        <Icon>
          <href>http://maps.google.com/mapfiles/kml/shapes/placemark_circle.png</href>
        </Icon>
      </IconStyle>
    </Style>
    <Point>
      <coordinates>140.151145126903,37.0144810281062,354.010442228347</coordinates>
      <altitudeMode>absolute</altitudeMode>
    </Point>
  </Placemark>

  <Placemark>
    <Style>
      <IconStyle>
        <scale>0.330727272727273</scale>
        <color>FFE3381C</color>
        <Icon>
          <href>http://maps.google.com/mapfiles/kml/shapes/placemark_circle.png</href>
        </Icon>
      </IconStyle>
    </Style>
    <Point>
      <coordinates>140.151176980908,37.0144643957794,355.010442260347</coordinates>
      <altitudeMode>absolute</altitudeMode>
    </Point>
  </Placemark>

  <Placemark>
    <Style>
      <IconStyle>
        <scale>0.330727272727273</scale>
        <color>FFE3381C</color>
        <Icon>
          <href>http://maps.google.com/mapfiles/kml/shapes/placemark_circle.png</href>
        </Icon>
      </IconStyle>
    </Style>
    <Point>
      <coordinates>140.151176980908,37.0144643957794,355.010442260347</coordinates>
      <altitudeMode>absolute</altitudeMode>
    </Point>
  </Placemark>

  <Placemark>
    <Style>
      <IconStyle>
        <scale>0.265454545454545</scale>
        <color>FFE82D17</color>
        <Icon>
          <href>http://maps.google.com/mapfiles/kml/shapes/placemark_circle.png</href>
        </Icon>
      </IconStyle>
    </Style>
    <Point>
      <coordinates>140.151209412025,37.0144473657258,355.910442289147</coordinates>
      <altitudeMode>absolute</altitudeMode>
    </Point>
  </Placemark>

  <Placemark>
    <Style>
      <IconStyle>
        <scale>0.265454545454545</scale>
        <color>FFE82D17</color>
        <Icon>
          <href>http://maps.google.com/mapfiles/kml/shapes/placemark_circle.png</href>
        </Icon>
      </IconStyle>
    </Style>
    <Point>
      <coordinates>140.151209412025,37.0144473657258,355.910442289147</coordinates>
      <altitudeMode>absolute</altitudeMode>
    </Point>
  </Placemark>

  <Placemark>
    <Style>
      <IconStyle>
        <scale>0.292682268784353</scale>
        <color>FFE63219</color>
        <Icon>
          <href>http://maps.google.com/mapfiles/kml/shapes/placemark_circle.png</href>
        </Icon>
      </IconStyle>
    </Style>
    <Point>
      <coordinates>140.151242079428,37.0144297552727,357.110442327547</coordinates>
      <altitudeMode>absolute</altitudeMode>
    </Point>
  </Placemark>

  <Placemark>
    <Style>
      <IconStyle>
        <scale>0.292682268784353</scale>
        <color>FFE63219</color>
        <Icon>
          <href>http://maps.google.com/mapfiles/kml/shapes/placemark_circle.png</href>
        </Icon>
      </IconStyle>
    </Style>
    <Point>
      <coordinates>140.151242079428,37.0144297552727,357.110442327547</coordinates>
      <altitudeMode>absolute</altitudeMode>
    </Point>
  </Placemark>

  <Placemark>
    <Style>
      <IconStyle>
        <scale>0.237637273156345</scale>
        <color>FFEB2814</color>
        <Icon>
          <href>http://maps.google.com/mapfiles/kml/shapes/placemark_circle.png</href>
        </Icon>
      </IconStyle>
    </Style>
    <Point>
      <coordinates>140.151276022416,37.014413179108,358.110442359547</coordinates>
      <altitudeMode>absolute</altitudeMode>
    </Point>
  </Placemark>

  <Placemark>
    <Style>
      <IconStyle>
        <scale>0.237637273156345</scale>
        <color>FFEB2814</color>
        <Icon>
          <href>http://maps.google.com/mapfiles/kml/shapes/placemark_circle.png</href>
        </Icon>
      </IconStyle>
    </Style>
    <Point>
      <coordinates>140.151276022416,37.014413179108,358.110442359547</coordinates>
      <altitudeMode>absolute</altitudeMode>
    </Point>
  </Placemark>

  <Placemark>
    <Style>
      <IconStyle>
        <scale>0.238000909519982</scale>
        <color>FFEB2814</color>
        <Icon>
          <href>http://maps.google.com/mapfiles/kml/shapes/placemark_circle.png</href>
        </Icon>
      </IconStyle>
    </Style>
    <Point>
      <coordinates>140.151309067293,37.014394901014,359.110442391547</coordinates>
      <altitudeMode>absolute</altitudeMode>
    </Point>
  </Placemark>

  <Placemark>
    <Style>
      <IconStyle>
        <scale>0.238000909519982</scale>
        <color>FFEB2814</color>
        <Icon>
          <href>http://maps.google.com/mapfiles/kml/shapes/placemark_circle.png</href>
        </Icon>
      </IconStyle>
    </Style>
    <Point>
      <coordinates>140.151309067293,37.014394901014,359.110442391547</coordinates>
      <altitudeMode>absolute</altitudeMode>
    </Point>
  </Placemark>

  <Placemark>
    <Style>
      <IconStyle>
        <scale>0.248546364065436</scale>
        <color>FFEA2A15</color>
        <Icon>
          <href>http://maps.google.com/mapfiles/kml/shapes/placemark_circle.png</href>
        </Icon>
      </IconStyle>
    </Style>
    <Point>
      <coordinates>140.151342866261,37.0143774583278,360.110442423547</coordinates>
      <altitudeMode>absolute</altitudeMode>
    </Point>
  </Placemark>

  <Placemark>
    <Style>
      <IconStyle>
        <scale>0.248546364065436</scale>
        <color>FFEA2A15</color>
        <Icon>
          <href>http://maps.google.com/mapfiles/kml/shapes/placemark_circle.png</href>
        </Icon>
      </IconStyle>
    </Style>
    <Point>
      <coordinates>140.151342866261,37.0143774583278,360.110442423547</coordinates>
      <altitudeMode>absolute</altitudeMode>
    </Point>
  </Placemark>

  <Placemark>
    <Style>
      <IconStyle>
        <scale>0.303819091338164</scale>
        <color>FFE5341A</color>
        <Icon>
          <href>http://maps.google.com/mapfiles/kml/shapes/placemark_circle.png</href>
        </Icon>
      </IconStyle>
    </Style>
    <Point>
      <coordinates>140.151376941597,37.0143595674408,361.110442455547</coordinates>
      <altitudeMode>absolute</altitudeMode>
    </Point>
  </Placemark>

  <Placemark>
    <Style>
      <IconStyle>
        <scale>0.303819091338164</scale>
        <color>FFE5341A</color>
        <Icon>
          <href>http://maps.google.com/mapfiles/kml/shapes/placemark_circle.png</href>
        </Icon>
      </IconStyle>
    </Style>
    <Point>
      <coordinates>140.151376941597,37.0143595674408,361.110442455547</coordinates>
      <altitudeMode>absolute</altitudeMode>
    </Point>
  </Placemark>

  <Placemark>
    <Style>
      <IconStyle>
        <scale>0.353637273156345</scale>
        <color>FFE13C1E</color>
        <Icon>
          <href>http://maps.google.com/mapfiles/kml/shapes/placemark_circle.png</href>
        </Icon>
      </IconStyle>
    </Style>
    <Point>
      <coordinates>140.151410763051,37.0143421078958,362.110442487547</coordinates>
      <altitudeMode>absolute</altitudeMode>
    </Point>
  </Placemark>

  <Placemark>
    <Style>
      <IconStyle>
        <scale>0.353637273156345</scale>
        <color>FFE13C1E</color>
        <Icon>
          <href>http://maps.google.com/mapfiles/kml/shapes/placemark_circle.png</href>
        </Icon>
      </IconStyle>
    </Style>
    <Point>
      <coordinates>140.151410763051,37.0143421078958,362.110442487547</coordinates>
      <altitudeMode>absolute</altitudeMode>
    </Point>
  </Placemark>

  <Placemark>
    <Style>
      <IconStyle>
        <scale>0.356546364065436</scale>
        <color>FFE13D1E</color>
        <Icon>
          <href>http://maps.google.com/mapfiles/kml/shapes/placemark_circle.png</href>
        </Icon>
      </IconStyle>
    </Style>
    <Point>
      <coordinates>140.151445420219,37.0143242136507,363.110442519547</coordinates>
      <altitudeMode>absolute</altitudeMode>
    </Point>
  </Placemark>

  <Placemark>
    <Style>
      <IconStyle>
        <scale>0.356546364065436</scale>
        <color>FFE13D1E</color>
        <Icon>
          <href>http://maps.google.com/mapfiles/kml/shapes/placemark_circle.png</href>
        </Icon>
      </IconStyle>
    </Style>
    <Point>
      <coordinates>140.151445420219,37.0143242136507,363.110442519547</coordinates>
      <altitudeMode>absolute</altitudeMode>
    </Point>
  </Placemark>

  <Placemark>
    <Style>
      <IconStyle>
        <scale>0.412910000429073</scale>
        <color>FFDC4623</color>
        <Icon>
          <href>http://maps.google.com/mapfiles/kml/shapes/placemark_circle.png</href>
        </Icon>
      </IconStyle>
    </Style>
    <Point>
      <coordinates>140.151479679486,37.0143063810847,363.910442545147</coordinates>
      <altitudeMode>absolute</altitudeMode>
    </Point>
  </Placemark>

  <Placemark>
    <Style>
      <IconStyle>
        <scale>0.412910000429073</scale>
        <color>FFDC4623</color>
        <Icon>
          <href>http://maps.google.com/mapfiles/kml/shapes/placemark_circle.png</href>
        </Icon>
      </IconStyle>
    </Style>
    <Point>
      <coordinates>140.151479679486,37.0143063810847,363.910442545147</coordinates>
      <altitudeMode>absolute</altitudeMode>
    </Point>
  </Placemark>

  <Placemark>
    <Style>
      <IconStyle>
        <scale>0.462000909519982</scale>
        <color>FFD84F27</color>
        <Icon>
          <href>http://maps.google.com/mapfiles/kml/shapes/placemark_circle.png</href>
        </Icon>
      </IconStyle>
    </Style>
    <Point>
      <coordinates>140.151514456728,37.01428860355,364.910442577147</coordinates>
      <altitudeMode>absolute</altitudeMode>
    </Point>
  </Placemark>

  <Placemark>
    <Style>
      <IconStyle>
        <scale>0.462000909519982</scale>
        <color>FFD84F27</color>
        <Icon>
          <href>http://maps.google.com/mapfiles/kml/shapes/placemark_circle.png</href>
        </Icon>
      </IconStyle>
    </Style>
    <Point>
      <coordinates>140.151514456728,37.01428860355,364.910442577147</coordinates>
      <altitudeMode>absolute</altitudeMode>
    </Point>
  </Placemark>

  <Placemark>
    <Style>
      <IconStyle>
        <scale>0.551455454974527</scale>
        <color>FFD05E2F</color>
        <Icon>
          <href>http://maps.google.com/mapfiles/kml/shapes/placemark_circle.png</href>
        </Icon>
      </IconStyle>
    </Style>
    <Point>
      <coordinates>140.151549292162,37.0142699904019,365.810442605947</coordinates>
      <altitudeMode>absolute</altitudeMode>
    </Point>
  </Placemark>

  <Placemark>
    <Style>
      <IconStyle>
        <scale>0.551455454974527</scale>
        <color>FFD05E2F</color>
        <Icon>
          <href>http://maps.google.com/mapfiles/kml/shapes/placemark_circle.png</href>
        </Icon>
      </IconStyle>
    </Style>
    <Point>
      <coordinates>140.151549292162,37.0142699904019,365.810442605947</coordinates>
      <altitudeMode>absolute</altitudeMode>
    </Point>
  </Placemark>

  <Placemark>
    <Style>
      <IconStyle>
        <scale>0.726546364065436</scale>
        <color>FFC17C3E</color>
        <Icon>
          <href>http://maps.google.com/mapfiles/kml/shapes/placemark_circle.png</href>
        </Icon>
      </IconStyle>
    </Style>
    <Point>
      <coordinates>140.151583014055,37.0142513538843,366.810442637947</coordinates>
      <altitudeMode>absolute</altitudeMode>
    </Point>
  </Placemark>

  <Placemark>
    <Style>
      <IconStyle>
        <scale>0.726546364065436</scale>
        <color>FFC17C3E</color>
        <Icon>
          <href>http://maps.google.com/mapfiles/kml/shapes/placemark_circle.png</href>
        </Icon>
      </IconStyle>
    </Style>
    <Point>
      <coordinates>140.151583014055,37.0142513538843,366.810442637947</coordinates>
      <altitudeMode>absolute</altitudeMode>
    </Point>
  </Placemark>

  <Placemark>
    <Style>
      <IconStyle>
        <scale>0.729136822553811</scale>
        <color>FFC17C3E</color>
        <Icon>
          <href>http://maps.google.com/mapfiles/kml/shapes/placemark_circle.png</href>
        </Icon>
      </IconStyle>
    </Style>
    <Point>
      <coordinates>140.151616354355,37.0142327442313,367.810442669947</coordinates>
      <altitudeMode>absolute</altitudeMode>
    </Point>
  </Placemark>

  <Placemark>
    <Style>
      <IconStyle>
        <scale>0.729136822553811</scale>
        <color>FFC17C3E</color>
        <Icon>
          <href>http://maps.google.com/mapfiles/kml/shapes/placemark_circle.png</href>
        </Icon>
      </IconStyle>
    </Style>
    <Point>
      <coordinates>140.151616354355,37.0142327442313,367.810442669947</coordinates>
      <altitudeMode>absolute</altitudeMode>
    </Point>
  </Placemark>

  <Placemark>
    <Style>
      <IconStyle>
        <scale>0.746</scale>
        <color>FFC07F3F</color>
        <Icon>
          <href>http://maps.google.com/mapfiles/kml/shapes/placemark_circle.png</href>
        </Icon>
      </IconStyle>
    </Style>
    <Point>
      <coordinates>140.151651879164,37.014214676257,368.910442705147</coordinates>
      <altitudeMode>absolute</altitudeMode>
    </Point>
  </Placemark>

  <Placemark>
    <Style>
      <IconStyle>
        <scale>0.746</scale>
        <color>FFC07F3F</color>
        <Icon>
          <href>http://maps.google.com/mapfiles/kml/shapes/placemark_circle.png</href>
        </Icon>
      </IconStyle>
    </Style>
    <Point>
      <coordinates>140.151651879164,37.014214676257,368.910442705147</coordinates>
      <altitudeMode>absolute</altitudeMode>
    </Point>
  </Placemark>

  <Placemark>
    <Style>
      <IconStyle>
        <scale>0.825636363636364</scale>
        <color>FFB98C46</color>
        <Icon>
          <href>http://maps.google.com/mapfiles/kml/shapes/placemark_circle.png</href>
        </Icon>
      </IconStyle>
    </Style>
    <Point>
      <coordinates>140.151687335654,37.0141961423322,369.910442737147</coordinates>
      <altitudeMode>absolute</altitudeMode>
    </Point>
  </Placemark>

  <Placemark>
    <Style>
      <IconStyle>
        <scale>0.825636363636364</scale>
        <color>FFB98C46</color>
        <Icon>
          <href>http://maps.google.com/mapfiles/kml/shapes/placemark_circle.png</href>
        </Icon>
      </IconStyle>
    </Style>
    <Point>
      <coordinates>140.151687335654,37.0141961423322,369.910442737147</coordinates>
      <altitudeMode>absolute</altitudeMode>
    </Point>
  </Placemark>

  <Placemark>
    <Style>
      <IconStyle>
        <scale>0.836909090909091</scale>
        <color>FFB88E47</color>
        <Icon>
          <href>http://maps.google.com/mapfiles/kml/shapes/placemark_circle.png</href>
        </Icon>
      </IconStyle>
    </Style>
    <Point>
      <coordinates>140.151722600059,37.0141778093438,370.810442765947</coordinates>
      <altitudeMode>absolute</altitudeMode>
    </Point>
  </Placemark>

  <Placemark>
    <Style>
      <IconStyle>
        <scale>0.836909090909091</scale>
        <color>FFB88E47</color>
        <Icon>
          <href>http://maps.google.com/mapfiles/kml/shapes/placemark_circle.png</href>
        </Icon>
      </IconStyle>
    </Style>
    <Point>
      <coordinates>140.151722600059,37.0141778093438,370.810442765947</coordinates>
      <altitudeMode>absolute</altitudeMode>
    </Point>
  </Placemark>

  <Placemark>
    <Style>
      <IconStyle>
        <scale>0.863636363636363</scale>
        <color>FFB69349</color>
        <Icon>
          <href>http://maps.google.com/mapfiles/kml/shapes/placemark_circle.png</href>
        </Icon>
      </IconStyle>
    </Style>
    <Point>
      <coordinates>140.151759304669,37.0141593403875,371.810442797947</coordinates>
      <altitudeMode>absolute</altitudeMode>
    </Point>
  </Placemark>

  <Placemark>
    <Style>
      <IconStyle>
        <scale>0.863636363636363</scale>
        <color>FFB69349</color>
        <Icon>
          <href>http://maps.google.com/mapfiles/kml/shapes/placemark_circle.png</href>
        </Icon>
      </IconStyle>
    </Style>
    <Point>
      <coordinates>140.151759304669,37.0141593403875,371.810442797947</coordinates>
      <altitudeMode>absolute</altitudeMode>
    </Point>
  </Placemark>

  <Placemark>
    <Style>
      <IconStyle>
        <scale>0.821272727272727</scale>
        <color>FFB98C46</color>
        <Icon>
          <href>http://maps.google.com/mapfiles/kml/shapes/placemark_circle.png</href>
        </Icon>
      </IconStyle>
    </Style>
    <Point>
      <coordinates>140.151794410292,37.0141400388331,372.710442826747</coordinates>
      <altitudeMode>absolute</altitudeMode>
    </Point>
  </Placemark>

  <Placemark>
    <Style>
      <IconStyle>
        <scale>0.821272727272727</scale>
        <color>FFB98C46</color>
        <Icon>
          <href>http://maps.google.com/mapfiles/kml/shapes/placemark_circle.png</href>
        </Icon>
      </IconStyle>
    </Style>
    <Point>
      <coordinates>140.151794410292,37.0141400388331,372.710442826747</coordinates>
      <altitudeMode>absolute</altitudeMode>
    </Point>
  </Placemark>

  <Placemark>
    <Style>
      <IconStyle>
        <scale>0.794</scale>
        <color>FFBC8743</color>
        <Icon>
          <href>http://maps.google.com/mapfiles/kml/shapes/placemark_circle.png</href>
        </Icon>
      </IconStyle>
    </Style>
    <Point>
      <coordinates>140.151830668592,37.0141212019957,373.510442852347</coordinates>
      <altitudeMode>absolute</altitudeMode>
    </Point>
  </Placemark>

  <Placemark>
    <Style>
      <IconStyle>
        <scale>0.794</scale>
        <color>FFBC8743</color>
        <Icon>
          <href>http://maps.google.com/mapfiles/kml/shapes/placemark_circle.png</href>
        </Icon>
      </IconStyle>
    </Style>
    <Point>
      <coordinates>140.151830668592,37.0141212019957,373.510442852347</coordinates>
      <altitudeMode>absolute</altitudeMode>
    </Point>
  </Placemark>

  <Placemark>
    <Style>
      <IconStyle>
        <scale>0.787090909090909</scale>
        <color>FFBC8643</color>
        <Icon>
          <href>http://maps.google.com/mapfiles/kml/shapes/placemark_circle.png</href>
        </Icon>
      </IconStyle>
    </Style>
    <Point>
      <coordinates>140.151865888195,37.0141025900812,374.410442881147</coordinates>
      <altitudeMode>absolute</altitudeMode>
    </Point>
  </Placemark>

  <Placemark>
    <Style>
      <IconStyle>
        <scale>0.787090909090909</scale>
        <color>FFBC8643</color>
        <Icon>
          <href>http://maps.google.com/mapfiles/kml/shapes/placemark_circle.png</href>
        </Icon>
      </IconStyle>
    </Style>
    <Point>
      <coordinates>140.151865888195,37.0141025900812,374.410442881147</coordinates>
      <altitudeMode>absolute</altitudeMode>
    </Point>
  </Placemark>

  <Placemark>
    <Style>
      <IconStyle>
        <scale>0.738363636363636</scale>
        <color>FFC07E3F</color>
        <Icon>
          <href>http://maps.google.com/mapfiles/kml/shapes/placemark_circle.png</href>
        </Icon>
      </IconStyle>
    </Style>
    <Point>
      <coordinates>140.151901192597,37.0140839265619,375.410442913147</coordinates>
      <altitudeMode>absolute</altitudeMode>
    </Point>
  </Placemark>

  <Placemark>
    <Style>
      <IconStyle>
        <scale>0.738363636363636</scale>
        <color>FFC07E3F</color>
        <Icon>
          <href>http://maps.google.com/mapfiles/kml/shapes/placemark_circle.png</href>
        </Icon>
      </IconStyle>
    </Style>
    <Point>
      <coordinates>140.151901192597,37.0140839265619,375.410442913147</coordinates>
      <altitudeMode>absolute</altitudeMode>
    </Point>
  </Placemark>

  <Placemark>
    <Style>
      <IconStyle>
        <scale>0.656545454545454</scale>
        <color>FFC77038</color>
        <Icon>
          <href>http://maps.google.com/mapfiles/kml/shapes/placemark_circle.png</href>
        </Icon>
      </IconStyle>
    </Style>
    <Point>
      <coordinates>140.151935767798,37.0140654737106,376.710442954747</coordinates>
      <altitudeMode>absolute</altitudeMode>
    </Point>
  </Placemark>

  <Placemark>
    <Style>
      <IconStyle>
        <scale>0.656545454545454</scale>
        <color>FFC77038</color>
        <Icon>
          <href>http://maps.google.com/mapfiles/kml/shapes/placemark_circle.png</href>
        </Icon>
      </IconStyle>
    </Style>
    <Point>
      <coordinates>140.151935767798,37.0140654737106,376.710442954747</coordinates>
      <altitudeMode>absolute</altitudeMode>
    </Point>
  </Placemark>

  <Placemark>
    <Style>
      <IconStyle>
        <scale>0.469454545454545</scale>
        <color>FFD75028</color>
        <Icon>
          <href>http://maps.google.com/mapfiles/kml/shapes/placemark_circle.png</href>
        </Icon>
      </IconStyle>
    </Style>
    <Point>
      <coordinates>140.15197155799,37.0140465510709,377.510442980347</coordinates>
      <altitudeMode>absolute</altitudeMode>
    </Point>
  </Placemark>

  <Placemark>
    <Style>
      <IconStyle>
        <scale>0.469454545454545</scale>
        <color>FFD75028</color>
        <Icon>
          <href>http://maps.google.com/mapfiles/kml/shapes/placemark_circle.png</href>
        </Icon>
      </IconStyle>
    </Style>
    <Point>
      <coordinates>140.15197155799,37.0140465510709,377.510442980347</coordinates>
      <altitudeMode>absolute</altitudeMode>
    </Point>
  </Placemark>

  <Placemark>
    <Style>
      <IconStyle>
        <scale>0.463636363636364</scale>
        <color>FFD84F27</color>
        <Icon>
          <href>http://maps.google.com/mapfiles/kml/shapes/placemark_circle.png</href>
        </Icon>
      </IconStyle>
    </Style>
    <Point>
      <coordinates>140.152006561648,37.014028059499,378.410443009147</coordinates>
      <altitudeMode>absolute</altitudeMode>
    </Point>
  </Placemark>

  <Placemark>
    <Style>
      <IconStyle>
        <scale>0.463636363636364</scale>
        <color>FFD84F27</color>
        <Icon>
          <href>http://maps.google.com/mapfiles/kml/shapes/placemark_circle.png</href>
        </Icon>
      </IconStyle>
    </Style>
    <Point>
      <coordinates>140.152006561648,37.014028059499,378.410443009147</coordinates>
      <altitudeMode>absolute</altitudeMode>
    </Point>
  </Placemark>

  <Placemark>
    <Style>
      <IconStyle>
        <scale>0.587636363636364</scale>
        <color>FFCD6432</color>
        <Icon>
          <href>http://maps.google.com/mapfiles/kml/shapes/placemark_circle.png</href>
        </Icon>
      </IconStyle>
    </Style>
    <Point>
      <coordinates>140.152041642209,37.0140100609479,379.310443037947</coordinates>
      <altitudeMode>absolute</altitudeMode>
    </Point>
  </Placemark>

  <Placemark>
    <Style>
      <IconStyle>
        <scale>0.587636363636364</scale>
        <color>FFCD6432</color>
        <Icon>
          <href>http://maps.google.com/mapfiles/kml/shapes/placemark_circle.png</href>
        </Icon>
      </IconStyle>
    </Style>
    <Point>
      <coordinates>140.152041642209,37.0140100609479,379.310443037947</coordinates>
      <altitudeMode>absolute</altitudeMode>
    </Point>
  </Placemark>

  <Placemark>
    <Style>
      <IconStyle>
        <scale>0.521636363636364</scale>
        <color>FFD3592C</color>
        <Icon>
          <href>http://maps.google.com/mapfiles/kml/shapes/placemark_circle.png</href>
        </Icon>
      </IconStyle>
    </Style>
    <Point>
      <coordinates>140.152076716074,37.0139916359207,380.310443069947</coordinates>
      <altitudeMode>absolute</altitudeMode>
    </Point>
  </Placemark>

  <Placemark>
    <Style>
      <IconStyle>
        <scale>0.521636363636364</scale>
        <color>FFD3592C</color>
        <Icon>
          <href>http://maps.google.com/mapfiles/kml/shapes/placemark_circle.png</href>
        </Icon>
      </IconStyle>
    </Style>
    <Point>
      <coordinates>140.152076716074,37.0139916359207,380.310443069947</coordinates>
      <altitudeMode>absolute</altitudeMode>
    </Point>
  </Placemark>

  <Placemark>
    <Style>
      <IconStyle>
        <scale>0.505272727272727</scale>
        <color>FFD4562B</color>
        <Icon>
          <href>http://maps.google.com/mapfiles/kml/shapes/placemark_circle.png</href>
        </Icon>
      </IconStyle>
    </Style>
    <Point>
      <coordinates>140.152111411779,37.013973186222,381.210443098747</coordinates>
      <altitudeMode>absolute</altitudeMode>
    </Point>
  </Placemark>

  <Placemark>
    <Style>
      <IconStyle>
        <scale>0.505272727272727</scale>
        <color>FFD4562B</color>
        <Icon>
          <href>http://maps.google.com/mapfiles/kml/shapes/placemark_circle.png</href>
        </Icon>
      </IconStyle>
    </Style>
    <Point>
      <coordinates>140.152111411779,37.013973186222,381.210443098747</coordinates>
      <altitudeMode>absolute</altitudeMode>
    </Point>
  </Placemark>

  <Placemark>
    <Style>
      <IconStyle>
        <scale>0.429272727272727</scale>
        <color>FFDB4924</color>
        <Icon>
          <href>http://maps.google.com/mapfiles/kml/shapes/placemark_circle.png</href>
        </Icon>
      </IconStyle>
    </Style>
    <Point>
      <coordinates>140.152146492855,37.013954895655,382.110443127547</coordinates>
      <altitudeMode>absolute</altitudeMode>
    </Point>
  </Placemark>

  <Placemark>
    <Style>
      <IconStyle>
        <scale>0.429272727272727</scale>
        <color>FFDB4924</color>
        <Icon>
          <href>http://maps.google.com/mapfiles/kml/shapes/placemark_circle.png</href>
        </Icon>
      </IconStyle>
    </Style>
    <Point>
      <coordinates>140.152146492855,37.013954895655,382.110443127547</coordinates>
      <altitudeMode>absolute</altitudeMode>
    </Point>
  </Placemark>

  <Placemark>
    <Style>
      <IconStyle>
        <scale>0.436181818181818</scale>
        <color>FFDA4A25</color>
        <Icon>
          <href>http://maps.google.com/mapfiles/kml/shapes/placemark_circle.png</href>
        </Icon>
      </IconStyle>
    </Style>
    <Point>
      <coordinates>140.152181888063,37.0139364360191,383.010443156347</coordinates>
      <altitudeMode>absolute</altitudeMode>
    </Point>
  </Placemark>

  <Placemark>
    <Style>
      <IconStyle>
        <scale>0.436181818181818</scale>
        <color>FFDA4A25</color>
        <Icon>
          <href>http://maps.google.com/mapfiles/kml/shapes/placemark_circle.png</href>
        </Icon>
      </IconStyle>
    </Style>
    <Point>
      <coordinates>140.152181888063,37.0139364360191,383.010443156347</coordinates>
      <altitudeMode>absolute</altitudeMode>
    </Point>
  </Placemark>

  <Placemark>
    <Style>
      <IconStyle>
        <scale>0.537636363636363</scale>
        <color>FFD15B2E</color>
        <Icon>
          <href>http://maps.google.com/mapfiles/kml/shapes/placemark_circle.png</href>
        </Icon>
      </IconStyle>
    </Style>
    <Point>
      <coordinates>140.152217065267,37.0139175779368,384.010443188347</coordinates>
      <altitudeMode>absolute</altitudeMode>
    </Point>
  </Placemark>

  <Placemark>
    <Style>
      <IconStyle>
        <scale>0.537636363636363</scale>
        <color>FFD15B2E</color>
        <Icon>
          <href>http://maps.google.com/mapfiles/kml/shapes/placemark_circle.png</href>
        </Icon>
      </IconStyle>
    </Style>
    <Point>
      <coordinates>140.152217065267,37.0139175779368,384.010443188347</coordinates>
      <altitudeMode>absolute</altitudeMode>
    </Point>
  </Placemark>

  <Placemark>
    <Style>
      <IconStyle>
        <scale>0.555636363636363</scale>
        <color>FFD05E2F</color>
        <Icon>
          <href>http://maps.google.com/mapfiles/kml/shapes/placemark_circle.png</href>
        </Icon>
      </IconStyle>
    </Style>
    <Point>
      <coordinates>140.152252871766,37.0138983904886,385.010443220347</coordinates>
      <altitudeMode>absolute</altitudeMode>
    </Point>
  </Placemark>

  <Placemark>
    <Style>
      <IconStyle>
        <scale>0.555636363636363</scale>
        <color>FFD05E2F</color>
        <Icon>
          <href>http://maps.google.com/mapfiles/kml/shapes/placemark_circle.png</href>
        </Icon>
      </IconStyle>
    </Style>
    <Point>
      <coordinates>140.152252871766,37.0138983904886,385.010443220347</coordinates>
      <altitudeMode>absolute</altitudeMode>
    </Point>
  </Placemark>

  <Placemark>
    <Style>
      <IconStyle>
        <scale>0.569272727272727</scale>
        <color>FFCF6130</color>
        <Icon>
          <href>http://maps.google.com/mapfiles/kml/shapes/placemark_circle.png</href>
        </Icon>
      </IconStyle>
    </Style>
    <Point>
      <coordinates>140.152288415114,37.0138796715267,385.910443249147</coordinates>
      <altitudeMode>absolute</altitudeMode>
    </Point>
  </Placemark>

  <Placemark>
    <Style>
      <IconStyle>
        <scale>0.569272727272727</scale>
        <color>FFCF6130</color>
        <Icon>
          <href>http://maps.google.com/mapfiles/kml/shapes/placemark_circle.png</href>
        </Icon>
      </IconStyle>
    </Style>
    <Point>
      <coordinates>140.152288415114,37.0138796715267,385.910443249147</coordinates>
      <altitudeMode>absolute</altitudeMode>
    </Point>
  </Placemark>

  <Placemark>
    <Style>
      <IconStyle>
        <scale>0.607636363636364</scale>
        <color>FFCB6734</color>
        <Icon>
          <href>http://maps.google.com/mapfiles/kml/shapes/placemark_circle.png</href>
        </Icon>
      </IconStyle>
    </Style>
    <Point>
      <coordinates>140.152324404256,37.0138620373614,386.810443277947</coordinates>
      <altitudeMode>absolute</altitudeMode>
    </Point>
  </Placemark>

  <Placemark>
    <Style>
      <IconStyle>
        <scale>0.607636363636364</scale>
        <color>FFCB6734</color>
        <Icon>
          <href>http://maps.google.com/mapfiles/kml/shapes/placemark_circle.png</href>
        </Icon>
      </IconStyle>
    </Style>
    <Point>
      <coordinates>140.152324404256,37.0138620373614,386.810443277947</coordinates>
      <altitudeMode>absolute</altitudeMode>
    </Point>
  </Placemark>

  <Placemark>
    <Style>
      <IconStyle>
        <scale>0.607454545454546</scale>
        <color>FFCB6734</color>
        <Icon>
          <href>http://maps.google.com/mapfiles/kml/shapes/placemark_circle.png</href>
        </Icon>
      </IconStyle>
    </Style>
    <Point>
      <coordinates>140.152360205949,37.0138436697643,387.710443306747</coordinates>
      <altitudeMode>absolute</altitudeMode>
    </Point>
  </Placemark>

  <Placemark>
    <Style>
      <IconStyle>
        <scale>0.607454545454546</scale>
        <color>FFCB6734</color>
        <Icon>
          <href>http://maps.google.com/mapfiles/kml/shapes/placemark_circle.png</href>
        </Icon>
      </IconStyle>
    </Style>
    <Point>
      <coordinates>140.152360205949,37.0138436697643,387.710443306747</coordinates>
      <altitudeMode>absolute</altitudeMode>
    </Point>
  </Placemark>

  <Placemark>
    <Style>
      <IconStyle>
        <scale>0.608363636363636</scale>
        <color>FFCB6734</color>
        <Icon>
          <href>http://maps.google.com/mapfiles/kml/shapes/placemark_circle.png</href>
        </Icon>
      </IconStyle>
    </Style>
    <Point>
      <coordinates>140.152395133391,37.0138246493291,388.610443335547</coordinates>
      <altitudeMode>absolute</altitudeMode>
    </Point>
  </Placemark>

  <Placemark>
    <Style>
      <IconStyle>
        <scale>0.608363636363636</scale>
        <color>FFCB6734</color>
        <Icon>
          <href>http://maps.google.com/mapfiles/kml/shapes/placemark_circle.png</href>
        </Icon>
      </IconStyle>
    </Style>
    <Point>
      <coordinates>140.152395133391,37.0138246493291,388.610443335547</coordinates>
      <altitudeMode>absolute</altitudeMode>
    </Point>
  </Placemark>

  <Placemark>
    <Style>
      <IconStyle>
        <scale>0.492363636363636</scale>
        <color>FFD5542A</color>
        <Icon>
          <href>http://maps.google.com/mapfiles/kml/shapes/placemark_circle.png</href>
        </Icon>
      </IconStyle>
    </Style>
    <Point>
      <coordinates>140.152430533749,37.0138054614012,389.510443364347</coordinates>
      <altitudeMode>absolute</altitudeMode>
    </Point>
  </Placemark>

  <Placemark>
    <Style>
      <IconStyle>
        <scale>0.492363636363636</scale>
        <color>FFD5542A</color>
        <Icon>
          <href>http://maps.google.com/mapfiles/kml/shapes/placemark_circle.png</href>
        </Icon>
      </IconStyle>
    </Style>
    <Point>
      <coordinates>140.152430533749,37.0138054614012,389.510443364347</coordinates>
      <altitudeMode>absolute</altitudeMode>
    </Point>
  </Placemark>

  <Placemark>
    <Style>
      <IconStyle>
        <scale>0.499454545454545</scale>
        <color>FFD5552A</color>
        <Icon>
          <href>http://maps.google.com/mapfiles/kml/shapes/placemark_circle.png</href>
        </Icon>
      </IconStyle>
    </Style>
    <Point>
      <coordinates>140.152466046714,37.0137869334386,390.510443396347</coordinates>
      <altitudeMode>absolute</altitudeMode>
    </Point>
  </Placemark>

  <Placemark>
    <Style>
      <IconStyle>
        <scale>0.499454545454545</scale>
        <color>FFD5552A</color>
        <Icon>
          <href>http://maps.google.com/mapfiles/kml/shapes/placemark_circle.png</href>
        </Icon>
      </IconStyle>
    </Style>
    <Point>
      <coordinates>140.152466046714,37.0137869334386,390.510443396347</coordinates>
      <altitudeMode>absolute</altitudeMode>
    </Point>
  </Placemark>

  <Placemark>
    <Style>
      <IconStyle>
        <scale>0.520363636363636</scale>
        <color>FFD3582C</color>
        <Icon>
          <href>http://maps.google.com/mapfiles/kml/shapes/placemark_circle.png</href>
        </Icon>
      </IconStyle>
    </Style>
    <Point>
      <coordinates>140.152501979896,37.0137683654532,391.310443421947</coordinates>
      <altitudeMode>absolute</altitudeMode>
    </Point>
  </Placemark>

  <Placemark>
    <Style>
      <IconStyle>
        <scale>0.520363636363636</scale>
        <color>FFD3582C</color>
        <Icon>
          <href>http://maps.google.com/mapfiles/kml/shapes/placemark_circle.png</href>
        </Icon>
      </IconStyle>
    </Style>
    <Point>
      <coordinates>140.152501979896,37.0137683654532,391.310443421947</coordinates>
      <altitudeMode>absolute</altitudeMode>
    </Point>
  </Placemark>

  <Placemark>
    <Style>
      <IconStyle>
        <scale>0.584545454545454</scale>
        <color>FFCD6332</color>
        <Icon>
          <href>http://maps.google.com/mapfiles/kml/shapes/placemark_circle.png</href>
        </Icon>
      </IconStyle>
    </Style>
    <Point>
      <coordinates>140.152537934364,37.0137496983702,392.110443447547</coordinates>
      <altitudeMode>absolute</altitudeMode>
    </Point>
  </Placemark>

  <Placemark>
    <Style>
      <IconStyle>
        <scale>0.584545454545454</scale>
        <color>FFCD6332</color>
        <Icon>
          <href>http://maps.google.com/mapfiles/kml/shapes/placemark_circle.png</href>
        </Icon>
      </IconStyle>
    </Style>
    <Point>
      <coordinates>140.152537934364,37.0137496983702,392.110443447547</coordinates>
      <altitudeMode>absolute</altitudeMode>
    </Point>
  </Placemark>

  <Placemark>
    <Style>
      <IconStyle>
        <scale>0.595636363636363</scale>
        <color>FFCC6533</color>
        <Icon>
          <href>http://maps.google.com/mapfiles/kml/shapes/placemark_circle.png</href>
        </Icon>
      </IconStyle>
    </Style>
    <Point>
      <coordinates>140.15257309938,37.0137311879519,393.210443482747</coordinates>
      <altitudeMode>absolute</altitudeMode>
    </Point>
  </Placemark>

  <Placemark>
    <Style>
      <IconStyle>
        <scale>0.595636363636363</scale>
        <color>FFCC6533</color>
        <Icon>
          <href>http://maps.google.com/mapfiles/kml/shapes/placemark_circle.png</href>
        </Icon>
      </IconStyle>
    </Style>
    <Point>
      <coordinates>140.15257309938,37.0137311879519,393.210443482747</coordinates>
      <altitudeMode>absolute</altitudeMode>
    </Point>
  </Placemark>

  <Placemark>
    <Style>
      <IconStyle>
        <scale>0.488727272727272</scale>
        <color>FFD5532A</color>
        <Icon>
          <href>http://maps.google.com/mapfiles/kml/shapes/placemark_circle.png</href>
        </Icon>
      </IconStyle>
    </Style>
    <Point>
      <coordinates>140.152608564624,37.0137119617829,394.510443524347</coordinates>
      <altitudeMode>absolute</altitudeMode>
    </Point>
  </Placemark>

  <Placemark>
    <Style>
      <IconStyle>
        <scale>0.488727272727272</scale>
        <color>FFD5532A</color>
        <Icon>
          <href>http://maps.google.com/mapfiles/kml/shapes/placemark_circle.png</href>
        </Icon>
      </IconStyle>
    </Style>
    <Point>
      <coordinates>140.152608564624,37.0137119617829,394.510443524347</coordinates>
      <altitudeMode>absolute</altitudeMode>
    </Point>
  </Placemark>

  <Placemark>
    <Style>
      <IconStyle>
        <scale>0.454181818181818</scale>
        <color>FFD84D27</color>
        <Icon>
          <href>http://maps.google.com/mapfiles/kml/shapes/placemark_circle.png</href>
        </Icon>
      </IconStyle>
    </Style>
    <Point>
      <coordinates>140.15264458827,37.0136933493887,395.710443562747</coordinates>
      <altitudeMode>absolute</altitudeMode>
    </Point>
  </Placemark>

  <Placemark>
    <Style>
      <IconStyle>
        <scale>0.454181818181818</scale>
        <color>FFD84D27</color>
        <Icon>
          <href>http://maps.google.com/mapfiles/kml/shapes/placemark_circle.png</href>
        </Icon>
      </IconStyle>
    </Style>
    <Point>
      <coordinates>140.15264458827,37.0136933493887,395.710443562747</coordinates>
      <altitudeMode>absolute</altitudeMode>
    </Point>
  </Placemark>

  <Placemark>
    <Style>
      <IconStyle>
        <scale>0.431454545454545</scale>
        <color>FFDA4925</color>
        <Icon>
          <href>http://maps.google.com/mapfiles/kml/shapes/placemark_circle.png</href>
        </Icon>
      </IconStyle>
    </Style>
    <Point>
      <coordinates>140.152681119334,37.0136758017111,396.610443591547</coordinates>
      <altitudeMode>absolute</altitudeMode>
    </Point>
  </Placemark>

  <Placemark>
    <Style>
      <IconStyle>
        <scale>0.431454545454545</scale>
        <color>FFDA4925</color>
        <Icon>
          <href>http://maps.google.com/mapfiles/kml/shapes/placemark_circle.png</href>
        </Icon>
      </IconStyle>
    </Style>
    <Point>
      <coordinates>140.152681119334,37.0136758017111,396.610443591547</coordinates>
      <altitudeMode>absolute</altitudeMode>
    </Point>
  </Placemark>

  <Placemark>
    <Style>
      <IconStyle>
        <scale>0.384363636363636</scale>
        <color>FFDE4121</color>
        <Icon>
          <href>http://maps.google.com/mapfiles/kml/shapes/placemark_circle.png</href>
        </Icon>
      </IconStyle>
    </Style>
    <Point>
      <coordinates>140.152717589631,37.0136574715326,397.410443617147</coordinates>
      <altitudeMode>absolute</altitudeMode>
    </Point>
  </Placemark>

  <Placemark>
    <Style>
      <IconStyle>
        <scale>0.384363636363636</scale>
        <color>FFDE4121</color>
        <Icon>
          <href>http://maps.google.com/mapfiles/kml/shapes/placemark_circle.png</href>
        </Icon>
      </IconStyle>
    </Style>
    <Point>
      <coordinates>140.152717589631,37.0136574715326,397.410443617147</coordinates>
      <altitudeMode>absolute</altitudeMode>
    </Point>
  </Placemark>

  <Placemark>
    <Style>
      <IconStyle>
        <scale>0.429999999999999</scale>
        <color>FFDA4925</color>
        <Icon>
          <href>http://maps.google.com/mapfiles/kml/shapes/placemark_circle.png</href>
        </Icon>
      </IconStyle>
    </Style>
    <Point>
      <coordinates>140.152754396205,37.0136380814345,398.310443645947</coordinates>
      <altitudeMode>absolute</altitudeMode>
    </Point>
  </Placemark>

  <Placemark>
    <Style>
      <IconStyle>
        <scale>0.429999999999999</scale>
        <color>FFDA4925</color>
        <Icon>
          <href>http://maps.google.com/mapfiles/kml/shapes/placemark_circle.png</href>
        </Icon>
      </IconStyle>
    </Style>
    <Point>
      <coordinates>140.152754396205,37.0136380814345,398.310443645947</coordinates>
      <altitudeMode>absolute</altitudeMode>
    </Point>
  </Placemark>

  <Placemark>
    <Style>
      <IconStyle>
        <scale>0.473818181818181</scale>
        <color>FFD75128</color>
        <Icon>
          <href>http://maps.google.com/mapfiles/kml/shapes/placemark_circle.png</href>
        </Icon>
      </IconStyle>
    </Style>
    <Point>
      <coordinates>140.152790636654,37.0136193018216,399.410443681147</coordinates>
      <altitudeMode>absolute</altitudeMode>
    </Point>
  </Placemark>

  <Placemark>
    <Style>
      <IconStyle>
        <scale>0.473818181818181</scale>
        <color>FFD75128</color>
        <Icon>
          <href>http://maps.google.com/mapfiles/kml/shapes/placemark_circle.png</href>
        </Icon>
      </IconStyle>
    </Style>
    <Point>
      <coordinates>140.152790636654,37.0136193018216,399.410443681147</coordinates>
      <altitudeMode>absolute</altitudeMode>
    </Point>
  </Placemark>

  <Placemark>
    <Style>
      <IconStyle>
        <scale>0.497272727272727</scale>
        <color>FFD5552A</color>
        <Icon>
          <href>http://maps.google.com/mapfiles/kml/shapes/placemark_circle.png</href>
        </Icon>
      </IconStyle>
    </Style>
    <Point>
      <coordinates>140.15282695349,37.0136009243558,400.510443716347</coordinates>
      <altitudeMode>absolute</altitudeMode>
    </Point>
  </Placemark>

  <Placemark>
    <Style>
      <IconStyle>
        <scale>0.497272727272727</scale>
        <color>FFD5552A</color>
        <Icon>
          <href>http://maps.google.com/mapfiles/kml/shapes/placemark_circle.png</href>
        </Icon>
      </IconStyle>
    </Style>
    <Point>
      <coordinates>140.15282695349,37.0136009243558,400.510443716347</coordinates>
      <altitudeMode>absolute</altitudeMode>
    </Point>
  </Placemark>

  <Placemark>
    <Style>
      <IconStyle>
        <scale>0.485454545454545</scale>
        <color>FFD65329</color>
        <Icon>
          <href>http://maps.google.com/mapfiles/kml/shapes/placemark_circle.png</href>
        </Icon>
      </IconStyle>
    </Style>
    <Point>
      <coordinates>140.152863939961,37.0135816991463,401.610443751547</coordinates>
      <altitudeMode>absolute</altitudeMode>
    </Point>
  </Placemark>

  <Placemark>
    <Style>
      <IconStyle>
        <scale>0.485454545454545</scale>
        <color>FFD65329</color>
        <Icon>
          <href>http://maps.google.com/mapfiles/kml/shapes/placemark_circle.png</href>
        </Icon>
      </IconStyle>
    </Style>
    <Point>
      <coordinates>140.152863939961,37.0135816991463,401.610443751547</coordinates>
      <altitudeMode>absolute</altitudeMode>
    </Point>
  </Placemark>

  <Placemark>
    <Style>
      <IconStyle>
        <scale>0.511454545454545</scale>
        <color>FFD4572B</color>
        <Icon>
          <href>http://maps.google.com/mapfiles/kml/shapes/placemark_circle.png</href>
        </Icon>
      </IconStyle>
    </Style>
    <Point>
      <coordinates>140.152900408198,37.0135630602986,402.810443789947</coordinates>
      <altitudeMode>absolute</altitudeMode>
    </Point>
  </Placemark>

  <Placemark>
    <Style>
      <IconStyle>
        <scale>0.511454545454545</scale>
        <color>FFD4572B</color>
        <Icon>
          <href>http://maps.google.com/mapfiles/kml/shapes/placemark_circle.png</href>
        </Icon>
      </IconStyle>
    </Style>
    <Point>
      <coordinates>140.152900408198,37.0135630602986,402.810443789947</coordinates>
      <altitudeMode>absolute</altitudeMode>
    </Point>
  </Placemark>

  <Placemark>
    <Style>
      <IconStyle>
        <scale>0.502181818181818</scale>
        <color>FFD4552B</color>
        <Icon>
          <href>http://maps.google.com/mapfiles/kml/shapes/placemark_circle.png</href>
        </Icon>
      </IconStyle>
    </Style>
    <Point>
      <coordinates>140.15293760289,37.0135441316966,404.010443828347</coordinates>
      <altitudeMode>absolute</altitudeMode>
    </Point>
  </Placemark>

  <Placemark>
    <Style>
      <IconStyle>
        <scale>0.502181818181818</scale>
        <color>FFD4552B</color>
        <Icon>
          <href>http://maps.google.com/mapfiles/kml/shapes/placemark_circle.png</href>
        </Icon>
      </IconStyle>
    </Style>
    <Point>
      <coordinates>140.15293760289,37.0135441316966,404.010443828347</coordinates>
      <altitudeMode>absolute</altitudeMode>
    </Point>
  </Placemark>

  <Placemark>
    <Style>
      <IconStyle>
        <scale>0.55</scale>
        <color>FFD05E2F</color>
        <Icon>
          <href>http://maps.google.com/mapfiles/kml/shapes/placemark_circle.png</href>
        </Icon>
      </IconStyle>
    </Style>
    <Point>
      <coordinates>140.152974348869,37.0135250473894,405.210443866747</coordinates>
      <altitudeMode>absolute</altitudeMode>
    </Point>
  </Placemark>

  <Placemark>
    <Style>
      <IconStyle>
        <scale>0.55</scale>
        <color>FFD05E2F</color>
        <Icon>
          <href>http://maps.google.com/mapfiles/kml/shapes/placemark_circle.png</href>
        </Icon>
      </IconStyle>
    </Style>
    <Point>
      <coordinates>140.152974348869,37.0135250473894,405.210443866747</coordinates>
      <altitudeMode>absolute</altitudeMode>
    </Point>
  </Placemark>

  <Placemark>
    <Style>
      <IconStyle>
        <scale>0.635454545454546</scale>
        <color>FFC96C36</color>
        <Icon>
          <href>http://maps.google.com/mapfiles/kml/shapes/placemark_circle.png</href>
        </Icon>
      </IconStyle>
    </Style>
    <Point>
      <coordinates>140.153011099997,37.0135056194616,406.310443901947</coordinates>
      <altitudeMode>absolute</altitudeMode>
    </Point>
  </Placemark>

  <Placemark>
    <Style>
      <IconStyle>
        <scale>0.635454545454546</scale>
        <color>FFC96C36</color>
        <Icon>
          <href>http://maps.google.com/mapfiles/kml/shapes/placemark_circle.png</href>
        </Icon>
      </IconStyle>
    </Style>
    <Point>
      <coordinates>140.153011099997,37.0135056194616,406.310443901947</coordinates>
      <altitudeMode>absolute</altitudeMode>
    </Point>
  </Placemark>

  <Placemark>
    <Style>
      <IconStyle>
        <scale>0.637272727272727</scale>
        <color>FFC96C36</color>
        <Icon>
          <href>http://maps.google.com/mapfiles/kml/shapes/placemark_circle.png</href>
        </Icon>
      </IconStyle>
    </Style>
    <Point>
      <coordinates>140.153047947941,37.0134860798262,407.410443937147</coordinates>
      <altitudeMode>absolute</altitudeMode>
    </Point>
  </Placemark>

  <Placemark>
    <Style>
      <IconStyle>
        <scale>0.637272727272727</scale>
        <color>FFC96C36</color>
        <Icon>
          <href>http://maps.google.com/mapfiles/kml/shapes/placemark_circle.png</href>
        </Icon>
      </IconStyle>
    </Style>
    <Point>
      <coordinates>140.153047947941,37.0134860798262,407.410443937147</coordinates>
      <altitudeMode>absolute</altitudeMode>
    </Point>
  </Placemark>

  <Placemark>
    <Style>
      <IconStyle>
        <scale>0.794</scale>
        <color>FFBC8743</color>
        <Icon>
          <href>http://maps.google.com/mapfiles/kml/shapes/placemark_circle.png</href>
        </Icon>
      </IconStyle>
    </Style>
    <Point>
      <coordinates>140.153065092723,37.0134761796603,407.910443953147</coordinates>
      <altitudeMode>absolute</altitudeMode>
    </Point>
  </Placemark>

  <Placemark>
    <Style>
      <IconStyle>
        <scale>0.794</scale>
        <color>FFBC8743</color>
        <Icon>
          <href>http://maps.google.com/mapfiles/kml/shapes/placemark_circle.png</href>
        </Icon>
      </IconStyle>
    </Style>
    <Point>
      <coordinates>140.153065092723,37.0134761796603,407.910443953147</coordinates>
      <altitudeMode>absolute</altitudeMode>
    </Point>
  </Placemark>

  <Placemark>
    <Style>
      <IconStyle>
        <scale>0.892363636363636</scale>
        <color>FFB3984C</color>
        <Icon>
          <href>http://maps.google.com/mapfiles/kml/shapes/placemark_circle.png</href>
        </Icon>
      </IconStyle>
    </Style>
    <Point>
      <coordinates>140.153064228944,37.0134777822179,407.610443943547</coordinates>
      <altitudeMode>absolute</altitudeMode>
    </Point>
  </Placemark>

  <Placemark>
    <Style>
      <IconStyle>
        <scale>0.892363636363636</scale>
        <color>FFB3984C</color>
        <Icon>
          <href>http://maps.google.com/mapfiles/kml/shapes/placemark_circle.png</href>
        </Icon>
      </IconStyle>
    </Style>
    <Point>
      <coordinates>140.153064228944,37.0134777822179,407.610443943547</coordinates>
      <altitudeMode>absolute</altitudeMode>
    </Point>
  </Placemark>

  <Placemark>
    <Style>
      <IconStyle>
        <scale>0.839818181818181</scale>
        <color>FFB88F47</color>
        <Icon>
          <href>http://maps.google.com/mapfiles/kml/shapes/placemark_circle.png</href>
        </Icon>
      </IconStyle>
    </Style>
    <Point>
      <coordinates>140.153063523776,37.0134780404474,407.410443937147</coordinates>
      <altitudeMode>absolute</altitudeMode>
    </Point>
  </Placemark>

  <Placemark>
    <Style>
      <IconStyle>
        <scale>0.839818181818181</scale>
        <color>FFB88F47</color>
        <Icon>
          <href>http://maps.google.com/mapfiles/kml/shapes/placemark_circle.png</href>
        </Icon>
      </IconStyle>
    </Style>
    <Point>
      <coordinates>140.153063523776,37.0134780404474,407.410443937147</coordinates>
      <altitudeMode>absolute</altitudeMode>
    </Point>
  </Placemark>

  <Placemark>
    <Style>
      <IconStyle>
        <scale>0.823818181818181</scale>
        <color>FFB98C46</color>
        <Icon>
          <href>http://maps.google.com/mapfiles/kml/shapes/placemark_circle.png</href>
        </Icon>
      </IconStyle>
    </Style>
    <Point>
      <coordinates>140.153063606858,37.0134778223778,407.610443943547</coordinates>
      <altitudeMode>absolute</altitudeMode>
    </Point>
  </Placemark>

  <Placemark>
    <Style>
      <IconStyle>
        <scale>0.823818181818181</scale>
        <color>FFB98C46</color>
        <Icon>
          <href>http://maps.google.com/mapfiles/kml/shapes/placemark_circle.png</href>
        </Icon>
      </IconStyle>
    </Style>
    <Point>
      <coordinates>140.153063606858,37.0134778223778,407.610443943547</coordinates>
      <altitudeMode>absolute</altitudeMode>
    </Point>
  </Placemark>

  <Placemark>
    <Style>
      <IconStyle>
        <scale>0.868181818181818</scale>
        <color>FFB5944A</color>
        <Icon>
          <href>http://maps.google.com/mapfiles/kml/shapes/placemark_circle.png</href>
        </Icon>
      </IconStyle>
    </Style>
    <Point>
      <coordinates>140.153064247826,37.0134774359931,407.810443949947</coordinates>
      <altitudeMode>absolute</altitudeMode>
    </Point>
  </Placemark>

  <Placemark>
    <Style>
      <IconStyle>
        <scale>0.868181818181818</scale>
        <color>FFB5944A</color>
        <Icon>
          <href>http://maps.google.com/mapfiles/kml/shapes/placemark_circle.png</href>
        </Icon>
      </IconStyle>
    </Style>
    <Point>
      <coordinates>140.153064247826,37.0134774359931,407.810443949947</coordinates>
      <altitudeMode>absolute</altitudeMode>
    </Point>
  </Placemark>

  <Placemark>
    <Style>
      <IconStyle>
        <scale>0.835454545454545</scale>
        <color>FFB88E47</color>
        <Icon>
          <href>http://maps.google.com/mapfiles/kml/shapes/placemark_circle.png</href>
        </Icon>
      </IconStyle>
    </Style>
    <Point>
      <coordinates>140.153064134532,37.0134768564846,408.110443959547</coordinates>
      <altitudeMode>absolute</altitudeMode>
    </Point>
  </Placemark>

  <Placemark>
    <Style>
      <IconStyle>
        <scale>0.835454545454545</scale>
        <color>FFB88E47</color>
        <Icon>
          <href>http://maps.google.com/mapfiles/kml/shapes/placemark_circle.png</href>
        </Icon>
      </IconStyle>
    </Style>
    <Point>
      <coordinates>140.153064134532,37.0134768564846,408.110443959547</coordinates>
      <altitudeMode>absolute</altitudeMode>
    </Point>
  </Placemark>

  <Placemark>
    <Style>
      <IconStyle>
        <scale>0.775818181818181</scale>
        <color>FFBD8442</color>
        <Icon>
          <href>http://maps.google.com/mapfiles/kml/shapes/placemark_circle.png</href>
        </Icon>
      </IconStyle>
    </Style>
    <Point>
      <coordinates>140.153063738691,37.013476702287,408.210443962747</coordinates>
      <altitudeMode>absolute</altitudeMode>
    </Point>
  </Placemark>

  <Placemark>
    <Style>
      <IconStyle>
        <scale>0.775818181818181</scale>
        <color>FFBD8442</color>
        <Icon>
          <href>http://maps.google.com/mapfiles/kml/shapes/placemark_circle.png</href>
        </Icon>
      </IconStyle>
    </Style>
    <Point>
      <coordinates>140.153063738691,37.013476702287,408.210443962747</coordinates>
      <altitudeMode>absolute</altitudeMode>
    </Point>
  </Placemark>

  <Placemark>
    <Style>
      <IconStyle>
        <scale>0.871818181818181</scale>
        <color>FFB5944A</color>
        <Icon>
          <href>http://maps.google.com/mapfiles/kml/shapes/placemark_circle.png</href>
        </Icon>
      </IconStyle>
    </Style>
    <Point>
      <coordinates>140.153063708136,37.0134773226408,407.910443953147</coordinates>
      <altitudeMode>absolute</altitudeMode>
    </Point>
  </Placemark>

  <Placemark>
    <Style>
      <IconStyle>
        <scale>0.871818181818181</scale>
        <color>FFB5944A</color>
        <Icon>
          <href>http://maps.google.com/mapfiles/kml/shapes/placemark_circle.png</href>
        </Icon>
      </IconStyle>
    </Style>
    <Point>
      <coordinates>140.153063708136,37.0134773226408,407.910443953147</coordinates>
      <altitudeMode>absolute</altitudeMode>
    </Point>
  </Placemark>

  <Placemark>
    <Style>
      <IconStyle>
        <scale>0.864545454545454</scale>
        <color>FFB69349</color>
        <Icon>
          <href>http://maps.google.com/mapfiles/kml/shapes/placemark_circle.png</href>
        </Icon>
      </IconStyle>
    </Style>
    <Point>
      <coordinates>140.153063943306,37.0134778836456,407.810443949947</coordinates>
      <altitudeMode>absolute</altitudeMode>
    </Point>
  </Placemark>

  <Placemark>
    <Style>
      <IconStyle>
        <scale>0.864545454545454</scale>
        <color>FFB69349</color>
        <Icon>
          <href>http://maps.google.com/mapfiles/kml/shapes/placemark_circle.png</href>
        </Icon>
      </IconStyle>
    </Style>
    <Point>
      <coordinates>140.153063943306,37.0134778836456,407.810443949947</coordinates>
      <altitudeMode>absolute</altitudeMode>
    </Point>
  </Placemark>

  <Placemark>
    <Style>
      <IconStyle>
        <scale>0.946909090909091</scale>
        <color>FFAFA150</color>
        <Icon>
          <href>http://maps.google.com/mapfiles/kml/shapes/placemark_circle.png</href>
        </Icon>
      </IconStyle>
    </Style>
    <Point>
      <coordinates>140.153064058316,37.0134786480541,407.710443946747</coordinates>
      <altitudeMode>absolute</altitudeMode>
    </Point>
  </Placemark>

  <Placemark>
    <Style>
      <IconStyle>
        <scale>0.946909090909091</scale>
        <color>FFAFA150</color>
        <Icon>
          <href>http://maps.google.com/mapfiles/kml/shapes/placemark_circle.png</href>
        </Icon>
      </IconStyle>
    </Style>
    <Point>
      <coordinates>140.153064058316,37.0134786480541,407.710443946747</coordinates>
      <altitudeMode>absolute</altitudeMode>
    </Point>
  </Placemark>

  <Placemark>
    <Style>
      <IconStyle>
        <scale>0.982363636363636</scale>
        <color>FFABA754</color>
        <Icon>
          <href>http://maps.google.com/mapfiles/kml/shapes/placemark_circle.png</href>
        </Icon>
      </IconStyle>
    </Style>
    <Point>
      <coordinates>140.153061660265,37.0134804407202,407.610443943547</coordinates>
      <altitudeMode>absolute</altitudeMode>
    </Point>
  </Placemark>

  <Placemark>
    <Style>
      <IconStyle>
        <scale>0.982363636363636</scale>
        <color>FFABA754</color>
        <Icon>
          <href>http://maps.google.com/mapfiles/kml/shapes/placemark_circle.png</href>
        </Icon>
      </IconStyle>
    </Style>
    <Point>
      <coordinates>140.153061660265,37.0134804407202,407.610443943547</coordinates>
      <altitudeMode>absolute</altitudeMode>
    </Point>
  </Placemark>

  <Placemark>
    <Style>
      <IconStyle>
        <scale>0.854909090909091</scale>
        <color>FFB69149</color>
        <Icon>
          <href>http://maps.google.com/mapfiles/kml/shapes/placemark_circle.png</href>
        </Icon>
      </IconStyle>
    </Style>
    <Point>
      <coordinates>140.153053415567,37.0134844711007,407.510443940347</coordinates>
      <altitudeMode>absolute</altitudeMode>
    </Point>
  </Placemark>

  <Placemark>
    <Style>
      <IconStyle>
        <scale>0.854909090909091</scale>
        <color>FFB69149</color>
        <Icon>
          <href>http://maps.google.com/mapfiles/kml/shapes/placemark_circle.png</href>
        </Icon>
      </IconStyle>
    </Style>
    <Point>
      <coordinates>140.153053415567,37.0134844711007,407.510443940347</coordinates>
      <altitudeMode>absolute</altitudeMode>
    </Point>
  </Placemark>

  <Placemark>
    <Style>
      <IconStyle>
        <scale>0.834727272727273</scale>
        <color>FFB88E47</color>
        <Icon>
          <href>http://maps.google.com/mapfiles/kml/shapes/placemark_circle.png</href>
        </Icon>
      </IconStyle>
    </Style>
    <Point>
      <coordinates>140.153049265239,37.0134860892837,407.210443930747</coordinates>
      <altitudeMode>absolute</altitudeMode>
    </Point>
  </Placemark>

  <Placemark>
    <Style>
      <IconStyle>
        <scale>0.834727272727273</scale>
        <color>FFB88E47</color>
        <Icon>
          <href>http://maps.google.com/mapfiles/kml/shapes/placemark_circle.png</href>
        </Icon>
      </IconStyle>
    </Style>
    <Point>
      <coordinates>140.153049265239,37.0134860892837,407.210443930747</coordinates>
      <altitudeMode>absolute</altitudeMode>
    </Point>
  </Placemark>

  <Placemark>
    <Style>
      <IconStyle>
        <scale>0.894000000000001</scale>
        <color>FFB3984C</color>
        <Icon>
          <href>http://maps.google.com/mapfiles/kml/shapes/placemark_circle.png</href>
        </Icon>
      </IconStyle>
    </Style>
    <Point>
      <coordinates>140.153044437207,37.0134874440288,407.710443946747</coordinates>
      <altitudeMode>absolute</altitudeMode>
    </Point>
  </Placemark>

  <Placemark>
    <Style>
      <IconStyle>
        <scale>0.894000000000001</scale>
        <color>FFB3984C</color>
        <Icon>
          <href>http://maps.google.com/mapfiles/kml/shapes/placemark_circle.png</href>
        </Icon>
      </IconStyle>
    </Style>
    <Point>
      <coordinates>140.153044437207,37.0134874440288,407.710443946747</coordinates>
      <altitudeMode>absolute</altitudeMode>
    </Point>
  </Placemark>

  <Placemark>
    <Style>
      <IconStyle>
        <scale>0.815272727272728</scale>
        <color>FFBA8B45</color>
        <Icon>
          <href>http://maps.google.com/mapfiles/kml/shapes/placemark_circle.png</href>
        </Icon>
      </IconStyle>
    </Style>
    <Point>
      <coordinates>140.153031933694,37.0134951789875,407.610443943547</coordinates>
      <altitudeMode>absolute</altitudeMode>
    </Point>
  </Placemark>

  <Placemark>
    <Style>
      <IconStyle>
        <scale>0.815272727272728</scale>
        <color>FFBA8B45</color>
        <Icon>
          <href>http://maps.google.com/mapfiles/kml/shapes/placemark_circle.png</href>
        </Icon>
      </IconStyle>
    </Style>
    <Point>
      <coordinates>140.153031933694,37.0134951789875,407.610443943547</coordinates>
      <altitudeMode>absolute</altitudeMode>
    </Point>
  </Placemark>

  <Placemark>
    <Style>
      <IconStyle>
        <scale>0.802363636363637</scale>
        <color>FFBB8844</color>
        <Icon>
          <href>http://maps.google.com/mapfiles/kml/shapes/placemark_circle.png</href>
        </Icon>
      </IconStyle>
    </Style>
    <Point>
      <coordinates>140.153014239952,37.01350465069,407.110443927547</coordinates>
      <altitudeMode>absolute</altitudeMode>
    </Point>
  </Placemark>

  <Placemark>
    <Style>
      <IconStyle>
        <scale>0.802363636363637</scale>
        <color>FFBB8844</color>
        <Icon>
          <href>http://maps.google.com/mapfiles/kml/shapes/placemark_circle.png</href>
        </Icon>
      </IconStyle>
    </Style>
    <Point>
      <coordinates>140.153014239952,37.01350465069,407.110443927547</coordinates>
      <altitudeMode>absolute</altitudeMode>
    </Point>
  </Placemark>

  <Placemark>
    <Style>
      <IconStyle>
        <scale>0.817272727272728</scale>
        <color>FFBA8B45</color>
        <Icon>
          <href>http://maps.google.com/mapfiles/kml/shapes/placemark_circle.png</href>
        </Icon>
      </IconStyle>
    </Style>
    <Point>
      <coordinates>140.152993581346,37.0135147084801,406.510443908347</coordinates>
      <altitudeMode>absolute</altitudeMode>
    </Point>
  </Placemark>

  <Placemark>
    <Style>
      <IconStyle>
        <scale>0.817272727272728</scale>
        <color>FFBA8B45</color>
        <Icon>
          <href>http://maps.google.com/mapfiles/kml/shapes/placemark_circle.png</href>
        </Icon>
      </IconStyle>
    </Style>
    <Point>
      <coordinates>140.152993581346,37.0135147084801,406.510443908347</coordinates>
      <altitudeMode>absolute</altitudeMode>
    </Point>
  </Placemark>

  <Placemark>
    <Style>
      <IconStyle>
        <scale>0.901818181818182</scale>
        <color>FFB2994D</color>
        <Icon>
          <href>http://maps.google.com/mapfiles/kml/shapes/placemark_circle.png</href>
        </Icon>
      </IconStyle>
    </Style>
    <Point>
      <coordinates>140.152970462205,37.0135265337164,406.210443898747</coordinates>
      <altitudeMode>absolute</altitudeMode>
    </Point>
  </Placemark>

  <Placemark>
    <Style>
      <IconStyle>
        <scale>0.901818181818182</scale>
        <color>FFB2994D</color>
        <Icon>
          <href>http://maps.google.com/mapfiles/kml/shapes/placemark_circle.png</href>
        </Icon>
      </IconStyle>
    </Style>
    <Point>
      <coordinates>140.152970462205,37.0135265337164,406.210443898747</coordinates>
      <altitudeMode>absolute</altitudeMode>
    </Point>
  </Placemark>

  <Placemark>
    <Style>
      <IconStyle>
        <scale>0.821818181818182</scale>
        <color>FFB98C46</color>
        <Icon>
          <href>http://maps.google.com/mapfiles/kml/shapes/placemark_circle.png</href>
        </Icon>
      </IconStyle>
    </Style>
    <Point>
      <coordinates>140.152943907173,37.013540230705,405.910443889147</coordinates>
      <altitudeMode>absolute</altitudeMode>
    </Point>
  </Placemark>

  <Placemark>
    <Style>
      <IconStyle>
        <scale>0.821818181818182</scale>
        <color>FFB98C46</color>
        <Icon>
          <href>http://maps.google.com/mapfiles/kml/shapes/placemark_circle.png</href>
        </Icon>
      </IconStyle>
    </Style>
    <Point>
      <coordinates>140.152943907173,37.013540230705,405.910443889147</coordinates>
      <altitudeMode>absolute</altitudeMode>
    </Point>
  </Placemark>

  <Placemark>
    <Style>
      <IconStyle>
        <scale>0.753818181818182</scale>
        <color>FFBF8040</color>
        <Icon>
          <href>http://maps.google.com/mapfiles/kml/shapes/placemark_circle.png</href>
        </Icon>
      </IconStyle>
    </Style>
    <Point>
      <coordinates>140.152915100342,37.0135544673164,405.710443882747</coordinates>
      <altitudeMode>absolute</altitudeMode>
    </Point>
  </Placemark>

  <Placemark>
    <Style>
      <IconStyle>
        <scale>0.753818181818182</scale>
        <color>FFBF8040</color>
        <Icon>
          <href>http://maps.google.com/mapfiles/kml/shapes/placemark_circle.png</href>
        </Icon>
      </IconStyle>
    </Style>
    <Point>
      <coordinates>140.152915100342,37.0135544673164,405.710443882747</coordinates>
      <altitudeMode>absolute</altitudeMode>
    </Point>
  </Placemark>

  <Placemark>
    <Style>
      <IconStyle>
        <scale>0.689636363636364</scale>
        <color>FFC4753B</color>
        <Icon>
          <href>http://maps.google.com/mapfiles/kml/shapes/placemark_circle.png</href>
        </Icon>
      </IconStyle>
    </Style>
    <Point>
      <coordinates>140.152885293435,37.0135701509173,405.410443873147</coordinates>
      <altitudeMode>absolute</altitudeMode>
    </Point>
  </Placemark>

  <Placemark>
    <Style>
      <IconStyle>
        <scale>0.689636363636364</scale>
        <color>FFC4753B</color>
        <Icon>
          <href>http://maps.google.com/mapfiles/kml/shapes/placemark_circle.png</href>
        </Icon>
      </IconStyle>
    </Style>
    <Point>
      <coordinates>140.152885293435,37.0135701509173,405.410443873147</coordinates>
      <altitudeMode>absolute</altitudeMode>
    </Point>
  </Placemark>

  <Placemark>
    <Style>
      <IconStyle>
        <scale>0.717454545454546</scale>
        <color>FFC27A3D</color>
        <Icon>
          <href>http://maps.google.com/mapfiles/kml/shapes/placemark_circle.png</href>
        </Icon>
      </IconStyle>
    </Style>
    <Point>
      <coordinates>140.152853242968,37.0135861090583,405.010443860347</coordinates>
      <altitudeMode>absolute</altitudeMode>
    </Point>
  </Placemark>

  <Placemark>
    <Style>
      <IconStyle>
        <scale>0.717454545454546</scale>
        <color>FFC27A3D</color>
        <Icon>
          <href>http://maps.google.com/mapfiles/kml/shapes/placemark_circle.png</href>
        </Icon>
      </IconStyle>
    </Style>
    <Point>
      <coordinates>140.152853242968,37.0135861090583,405.010443860347</coordinates>
      <altitudeMode>absolute</altitudeMode>
    </Point>
  </Placemark>

  <Placemark>
    <Style>
      <IconStyle>
        <scale>0.741272727272727</scale>
        <color>FFC07E3F</color>
        <Icon>
          <href>http://maps.google.com/mapfiles/kml/shapes/placemark_circle.png</href>
        </Icon>
      </IconStyle>
    </Style>
    <Point>
      <coordinates>140.152821201771,37.0136009251782,404.510443844347</coordinates>
      <altitudeMode>absolute</altitudeMode>
    </Point>
  </Placemark>

  <Placemark>
    <Style>
      <IconStyle>
        <scale>0.741272727272727</scale>
        <color>FFC07E3F</color>
        <Icon>
          <href>http://maps.google.com/mapfiles/kml/shapes/placemark_circle.png</href>
        </Icon>
      </IconStyle>
    </Style>
    <Point>
      <coordinates>140.152821201771,37.0136009251782,404.510443844347</coordinates>
      <altitudeMode>absolute</altitudeMode>
    </Point>
  </Placemark>

  <Placemark>
    <Style>
      <IconStyle>
        <scale>0.845636363636364</scale>
        <color>FFB79048</color>
        <Icon>
          <href>http://maps.google.com/mapfiles/kml/shapes/placemark_circle.png</href>
        </Icon>
      </IconStyle>
    </Style>
    <Point>
      <coordinates>140.152790319775,37.0136157757013,404.010443828347</coordinates>
      <altitudeMode>absolute</altitudeMode>
    </Point>
  </Placemark>

  <Placemark>
    <Style>
      <IconStyle>
        <scale>0.845636363636364</scale>
        <color>FFB79048</color>
        <Icon>
          <href>http://maps.google.com/mapfiles/kml/shapes/placemark_circle.png</href>
        </Icon>
      </IconStyle>
    </Style>
    <Point>
      <coordinates>140.152790319775,37.0136157757013,404.010443828347</coordinates>
      <altitudeMode>absolute</altitudeMode>
    </Point>
  </Placemark>

  <Placemark>
    <Style>
      <IconStyle>
        <scale>0.825636363636363</scale>
        <color>FFB98C46</color>
        <Icon>
          <href>http://maps.google.com/mapfiles/kml/shapes/placemark_circle.png</href>
        </Icon>
      </IconStyle>
    </Style>
    <Point>
      <coordinates>140.152760179338,37.0136307637,403.310443805947</coordinates>
      <altitudeMode>absolute</altitudeMode>
    </Point>
  </Placemark>

  <Placemark>
    <Style>
      <IconStyle>
        <scale>0.825636363636363</scale>
        <color>FFB98C46</color>
        <Icon>
          <href>http://maps.google.com/mapfiles/kml/shapes/placemark_circle.png</href>
        </Icon>
      </IconStyle>
    </Style>
    <Point>
      <coordinates>140.152760179338,37.0136307637,403.310443805947</coordinates>
      <altitudeMode>absolute</altitudeMode>
    </Point>
  </Placemark>

  <Placemark>
    <Style>
      <IconStyle>
        <scale>0.842</scale>
        <color>FFB78F48</color>
        <Icon>
          <href>http://maps.google.com/mapfiles/kml/shapes/placemark_circle.png</href>
        </Icon>
      </IconStyle>
    </Style>
    <Point>
      <coordinates>140.152730317501,37.0136460376153,402.410443777147</coordinates>
      <altitudeMode>absolute</altitudeMode>
    </Point>
  </Placemark>

  <Placemark>
    <Style>
      <IconStyle>
        <scale>0.842</scale>
        <color>FFB78F48</color>
        <Icon>
          <href>http://maps.google.com/mapfiles/kml/shapes/placemark_circle.png</href>
        </Icon>
      </IconStyle>
    </Style>
    <Point>
      <coordinates>140.152730317501,37.0136460376153,402.410443777147</coordinates>
      <altitudeMode>absolute</altitudeMode>
    </Point>
  </Placemark>

  <Placemark>
    <Style>
      <IconStyle>
        <scale>0.786</scale>
        <color>FFBC8643</color>
        <Icon>
          <href>http://maps.google.com/mapfiles/kml/shapes/placemark_circle.png</href>
        </Icon>
      </IconStyle>
    </Style>
    <Point>
      <coordinates>140.152701161175,37.0136627519409,401.410443745147</coordinates>
      <altitudeMode>absolute</altitudeMode>
    </Point>
  </Placemark>

  <Placemark>
    <Style>
      <IconStyle>
        <scale>0.786</scale>
        <color>FFBC8643</color>
        <Icon>
          <href>http://maps.google.com/mapfiles/kml/shapes/placemark_circle.png</href>
        </Icon>
      </IconStyle>
    </Style>
    <Point>
      <coordinates>140.152701161175,37.0136627519409,401.410443745147</coordinates>
      <altitudeMode>absolute</altitudeMode>
    </Point>
  </Placemark>

  <Placemark>
    <Style>
      <IconStyle>
        <scale>0.814545454545455</scale>
        <color>FFBA8A45</color>
        <Icon>
          <href>http://maps.google.com/mapfiles/kml/shapes/placemark_circle.png</href>
        </Icon>
      </IconStyle>
    </Style>
    <Point>
      <coordinates>140.15267271963,37.0136802238218,400.510443716347</coordinates>
      <altitudeMode>absolute</altitudeMode>
    </Point>
  </Placemark>

  <Placemark>
    <Style>
      <IconStyle>
        <scale>0.814545454545455</scale>
        <color>FFBA8A45</color>
        <Icon>
          <href>http://maps.google.com/mapfiles/kml/shapes/placemark_circle.png</href>
        </Icon>
      </IconStyle>
    </Style>
    <Point>
      <coordinates>140.15267271963,37.0136802238218,400.510443716347</coordinates>
      <altitudeMode>absolute</altitudeMode>
    </Point>
  </Placemark>

  <Placemark>
    <Style>
      <IconStyle>
        <scale>0.777454545454546</scale>
        <color>FFBD8442</color>
        <Icon>
          <href>http://maps.google.com/mapfiles/kml/shapes/placemark_circle.png</href>
        </Icon>
      </IconStyle>
    </Style>
    <Point>
      <coordinates>140.152644437726,37.01369824492,399.710443690747</coordinates>
      <altitudeMode>absolute</altitudeMode>
    </Point>
  </Placemark>

  <Placemark>
    <Style>
      <IconStyle>
        <scale>0.777454545454546</scale>
        <color>FFBD8442</color>
        <Icon>
          <href>http://maps.google.com/mapfiles/kml/shapes/placemark_circle.png</href>
        </Icon>
      </IconStyle>
    </Style>
    <Point>
      <coordinates>140.152644437726,37.01369824492,399.710443690747</coordinates>
      <altitudeMode>absolute</altitudeMode>
    </Point>
  </Placemark>

  <Placemark>
    <Style>
      <IconStyle>
        <scale>0.856181818181818</scale>
        <color>FFB69249</color>
        <Icon>
          <href>http://maps.google.com/mapfiles/kml/shapes/placemark_circle.png</href>
        </Icon>
      </IconStyle>
    </Style>
    <Point>
      <coordinates>140.152616830607,37.0137150464186,398.810443661947</coordinates>
      <altitudeMode>absolute</altitudeMode>
    </Point>
  </Placemark>

  <Placemark>
    <Style>
      <IconStyle>
        <scale>0.856181818181818</scale>
        <color>FFB69249</color>
        <Icon>
          <href>http://maps.google.com/mapfiles/kml/shapes/placemark_circle.png</href>
        </Icon>
      </IconStyle>
    </Style>
    <Point>
      <coordinates>140.152616830607,37.0137150464186,398.810443661947</coordinates>
      <altitudeMode>absolute</altitudeMode>
    </Point>
  </Placemark>

  <Placemark>
    <Style>
      <IconStyle>
        <scale>0.940909090909091</scale>
        <color>FFAFA050</color>
        <Icon>
          <href>http://maps.google.com/mapfiles/kml/shapes/placemark_circle.png</href>
        </Icon>
      </IconStyle>
    </Style>
    <Point>
      <coordinates>140.152591864949,37.0137304816587,397.710443626747</coordinates>
      <altitudeMode>absolute</altitudeMode>
    </Point>
  </Placemark>

  <Placemark>
    <Style>
      <IconStyle>
        <scale>0.940909090909091</scale>
        <color>FFAFA050</color>
        <Icon>
          <href>http://maps.google.com/mapfiles/kml/shapes/placemark_circle.png</href>
        </Icon>
      </IconStyle>
    </Style>
    <Point>
      <coordinates>140.152591864949,37.0137304816587,397.710443626747</coordinates>
      <altitudeMode>absolute</altitudeMode>
    </Point>
  </Placemark>

  <Placemark>
    <Style>
      <IconStyle>
        <scale>0.844727272727273</scale>
        <color>FFB79048</color>
        <Icon>
          <href>http://maps.google.com/mapfiles/kml/shapes/placemark_circle.png</href>
        </Icon>
      </IconStyle>
    </Style>
    <Point>
      <coordinates>140.152568230494,37.0137459144316,396.610443591547</coordinates>
      <altitudeMode>absolute</altitudeMode>
    </Point>
  </Placemark>

  <Placemark>
    <Style>
      <IconStyle>
        <scale>0.844727272727273</scale>
        <color>FFB79048</color>
        <Icon>
          <href>http://maps.google.com/mapfiles/kml/shapes/placemark_circle.png</href>
        </Icon>
      </IconStyle>
    </Style>
    <Point>
      <coordinates>140.152568230494,37.0137459144316,396.610443591547</coordinates>
      <altitudeMode>absolute</altitudeMode>
    </Point>
  </Placemark>

  <Placemark>
    <Style>
      <IconStyle>
        <scale>0.820181818181818</scale>
        <color>FFB98B46</color>
        <Icon>
          <href>http://maps.google.com/mapfiles/kml/shapes/placemark_circle.png</href>
        </Icon>
      </IconStyle>
    </Style>
    <Point>
      <coordinates>140.15254675686,37.0137600016428,395.810443565947</coordinates>
      <altitudeMode>absolute</altitudeMode>
    </Point>
  </Placemark>

  <Placemark>
    <Style>
      <IconStyle>
        <scale>0.820181818181818</scale>
        <color>FFB98B46</color>
        <Icon>
          <href>http://maps.google.com/mapfiles/kml/shapes/placemark_circle.png</href>
        </Icon>
      </IconStyle>
    </Style>
    <Point>
      <coordinates>140.15254675686,37.0137600016428,395.810443565947</coordinates>
      <altitudeMode>absolute</altitudeMode>
    </Point>
  </Placemark>

  <Placemark>
    <Style>
      <IconStyle>
        <scale>0.940181818181818</scale>
        <color>FFAFA050</color>
        <Icon>
          <href>http://maps.google.com/mapfiles/kml/shapes/placemark_circle.png</href>
        </Icon>
      </IconStyle>
    </Style>
    <Point>
      <coordinates>140.152527645572,37.013774061578,395.210443546747</coordinates>
      <altitudeMode>absolute</altitudeMode>
    </Point>
  </Placemark>

  <Placemark>
    <Style>
      <IconStyle>
        <scale>0.940181818181818</scale>
        <color>FFAFA050</color>
        <Icon>
          <href>http://maps.google.com/mapfiles/kml/shapes/placemark_circle.png</href>
        </Icon>
      </IconStyle>
    </Style>
    <Point>
      <coordinates>140.152527645572,37.013774061578,395.210443546747</coordinates>
      <altitudeMode>absolute</altitudeMode>
    </Point>
  </Placemark>

  <Placemark>
    <Style>
      <IconStyle>
        <scale>0.850909090909091</scale>
        <color>FFB79148</color>
        <Icon>
          <href>http://maps.google.com/mapfiles/kml/shapes/placemark_circle.png</href>
        </Icon>
      </IconStyle>
    </Style>
    <Point>
      <coordinates>140.152510145975,37.0137880930039,394.610443527547</coordinates>
      <altitudeMode>absolute</altitudeMode>
    </Point>
  </Placemark>

  <Placemark>
    <Style>
      <IconStyle>
        <scale>0.850909090909091</scale>
        <color>FFB79148</color>
        <Icon>
          <href>http://maps.google.com/mapfiles/kml/shapes/placemark_circle.png</href>
        </Icon>
      </IconStyle>
    </Style>
    <Point>
      <coordinates>140.152510145975,37.0137880930039,394.610443527547</coordinates>
      <altitudeMode>absolute</altitudeMode>
    </Point>
  </Placemark>

  <Placemark>
    <Style>
      <IconStyle>
        <scale>0.937818181818182</scale>
        <color>FFAF9F50</color>
        <Icon>
          <href>http://maps.google.com/mapfiles/kml/shapes/placemark_circle.png</href>
        </Icon>
      </IconStyle>
    </Style>
    <Point>
      <coordinates>140.152493999895,37.0138014404781,394.010443508347</coordinates>
      <altitudeMode>absolute</altitudeMode>
    </Point>
  </Placemark>

  <Placemark>
    <Style>
      <IconStyle>
        <scale>0.937818181818182</scale>
        <color>FFAF9F50</color>
        <Icon>
          <href>http://maps.google.com/mapfiles/kml/shapes/placemark_circle.png</href>
        </Icon>
      </IconStyle>
    </Style>
    <Point>
      <coordinates>140.152493999895,37.0138014404781,394.010443508347</coordinates>
      <altitudeMode>absolute</altitudeMode>
    </Point>
  </Placemark>

  <Placemark>
    <Style>
      <IconStyle>
        <scale>0.916363636363636</scale>
        <color>FFB19C4E</color>
        <Icon>
          <href>http://maps.google.com/mapfiles/kml/shapes/placemark_circle.png</href>
        </Icon>
      </IconStyle>
    </Style>
    <Point>
      <coordinates>140.152477232587,37.0138134759714,393.510443492347</coordinates>
      <altitudeMode>absolute</altitudeMode>
    </Point>
  </Placemark>

  <Placemark>
    <Style>
      <IconStyle>
        <scale>0.916363636363636</scale>
        <color>FFB19C4E</color>
        <Icon>
          <href>http://maps.google.com/mapfiles/kml/shapes/placemark_circle.png</href>
        </Icon>
      </IconStyle>
    </Style>
    <Point>
      <coordinates>140.152477232587,37.0138134759714,393.510443492347</coordinates>
      <altitudeMode>absolute</altitudeMode>
    </Point>
  </Placemark>

  <Placemark>
    <Style>
      <IconStyle>
        <scale>0.883454545454545</scale>
        <color>FFB4964B</color>
        <Icon>
          <href>http://maps.google.com/mapfiles/kml/shapes/placemark_circle.png</href>
        </Icon>
      </IconStyle>
    </Style>
    <Point>
      <coordinates>140.152460504589,37.0138256020642,392.710443466747</coordinates>
      <altitudeMode>absolute</altitudeMode>
    </Point>
  </Placemark>

  <Placemark>
    <Style>
      <IconStyle>
        <scale>0.883454545454545</scale>
        <color>FFB4964B</color>
        <Icon>
          <href>http://maps.google.com/mapfiles/kml/shapes/placemark_circle.png</href>
        </Icon>
      </IconStyle>
    </Style>
    <Point>
      <coordinates>140.152460504589,37.0138256020642,392.710443466747</coordinates>
      <altitudeMode>absolute</altitudeMode>
    </Point>
  </Placemark>

  <Placemark>
    <Style>
      <IconStyle>
        <scale>0.846727272727272</scale>
        <color>FFB79048</color>
        <Icon>
          <href>http://maps.google.com/mapfiles/kml/shapes/placemark_circle.png</href>
        </Icon>
      </IconStyle>
    </Style>
    <Point>
      <coordinates>140.152443717369,37.0138395123251,391.310443421947</coordinates>
      <altitudeMode>absolute</altitudeMode>
    </Point>
  </Placemark>

  <Placemark>
    <Style>
      <IconStyle>
        <scale>0.846727272727272</scale>
        <color>FFB79048</color>
        <Icon>
          <href>http://maps.google.com/mapfiles/kml/shapes/placemark_circle.png</href>
        </Icon>
      </IconStyle>
    </Style>
    <Point>
      <coordinates>140.152443717369,37.0138395123251,391.310443421947</coordinates>
      <altitudeMode>absolute</altitudeMode>
    </Point>
  </Placemark>

  <Placemark>
    <Style>
      <IconStyle>
        <scale>0.844545454545454</scale>
        <color>FFB79048</color>
        <Icon>
          <href>http://maps.google.com/mapfiles/kml/shapes/placemark_circle.png</href>
        </Icon>
      </IconStyle>
    </Style>
    <Point>
      <coordinates>140.152424210926,37.0138568261706,389.910443377147</coordinates>
      <altitudeMode>absolute</altitudeMode>
    </Point>
  </Placemark>

  <Placemark>
    <Style>
      <IconStyle>
        <scale>0.844545454545454</scale>
        <color>FFB79048</color>
        <Icon>
          <href>http://maps.google.com/mapfiles/kml/shapes/placemark_circle.png</href>
        </Icon>
      </IconStyle>
    </Style>
    <Point>
      <coordinates>140.152424210926,37.0138568261706,389.910443377147</coordinates>
      <altitudeMode>absolute</altitudeMode>
    </Point>
  </Placemark>

  <Placemark>
    <Style>
      <IconStyle>
        <scale>0.738363636363636</scale>
        <color>FFC07E3F</color>
        <Icon>
          <href>http://maps.google.com/mapfiles/kml/shapes/placemark_circle.png</href>
        </Icon>
      </IconStyle>
    </Style>
    <Point>
      <coordinates>140.152400544543,37.0138774860338,388.710443338747</coordinates>
      <altitudeMode>absolute</altitudeMode>
    </Point>
  </Placemark>

  <Placemark>
    <Style>
      <IconStyle>
        <scale>0.738363636363636</scale>
        <color>FFC07E3F</color>
        <Icon>
          <href>http://maps.google.com/mapfiles/kml/shapes/placemark_circle.png</href>
        </Icon>
      </IconStyle>
    </Style>
    <Point>
      <coordinates>140.152400544543,37.0138774860338,388.710443338747</coordinates>
      <altitudeMode>absolute</altitudeMode>
    </Point>
  </Placemark>

  <Placemark>
    <Style>
      <IconStyle>
        <scale>0.648181818181817</scale>
        <color>FFC86E37</color>
        <Icon>
          <href>http://maps.google.com/mapfiles/kml/shapes/placemark_circle.png</href>
        </Icon>
      </IconStyle>
    </Style>
    <Point>
      <coordinates>140.152377007588,37.013898843281,387.510443300347</coordinates>
      <altitudeMode>absolute</altitudeMode>
    </Point>
  </Placemark>

  <Placemark>
    <Style>
      <IconStyle>
        <scale>0.648181818181817</scale>
        <color>FFC86E37</color>
        <Icon>
          <href>http://maps.google.com/mapfiles/kml/shapes/placemark_circle.png</href>
        </Icon>
      </IconStyle>
    </Style>
    <Point>
      <coordinates>140.152377007588,37.013898843281,387.510443300347</coordinates>
      <altitudeMode>absolute</altitudeMode>
    </Point>
  </Placemark>

  <Placemark>
    <Style>
      <IconStyle>
        <scale>0.707272727272727</scale>
        <color>FFC3783C</color>
        <Icon>
          <href>http://maps.google.com/mapfiles/kml/shapes/placemark_circle.png</href>
        </Icon>
      </IconStyle>
    </Style>
    <Point>
      <coordinates>140.152354081219,37.0139211618298,386.710443274747</coordinates>
      <altitudeMode>absolute</altitudeMode>
    </Point>
  </Placemark>

  <Placemark>
    <Style>
      <IconStyle>
        <scale>0.707272727272727</scale>
        <color>FFC3783C</color>
        <Icon>
          <href>http://maps.google.com/mapfiles/kml/shapes/placemark_circle.png</href>
        </Icon>
      </IconStyle>
    </Style>
    <Point>
      <coordinates>140.152354081219,37.0139211618298,386.710443274747</coordinates>
      <altitudeMode>absolute</altitudeMode>
    </Point>
  </Placemark>

  <Placemark>
    <Style>
      <IconStyle>
        <scale>0.677090909090909</scale>
        <color>FFC5733A</color>
        <Icon>
          <href>http://maps.google.com/mapfiles/kml/shapes/placemark_circle.png</href>
        </Icon>
      </IconStyle>
    </Style>
    <Point>
      <coordinates>140.15233207785,37.0139432521662,386.110443255547</coordinates>
      <altitudeMode>absolute</altitudeMode>
    </Point>
  </Placemark>

  <Placemark>
    <Style>
      <IconStyle>
        <scale>0.677090909090909</scale>
        <color>FFC5733A</color>
        <Icon>
          <href>http://maps.google.com/mapfiles/kml/shapes/placemark_circle.png</href>
        </Icon>
      </IconStyle>
    </Style>
    <Point>
      <coordinates>140.15233207785,37.0139432521662,386.110443255547</coordinates>
      <altitudeMode>absolute</altitudeMode>
    </Point>
  </Placemark>

  <Placemark>
    <Style>
      <IconStyle>
        <scale>0.522</scale>
        <color>FFD3592C</color>
        <Icon>
          <href>http://maps.google.com/mapfiles/kml/shapes/placemark_circle.png</href>
        </Icon>
      </IconStyle>
    </Style>
    <Point>
      <coordinates>140.152309625083,37.0139651267632,385.510443236347</coordinates>
      <altitudeMode>absolute</altitudeMode>
    </Point>
  </Placemark>

  <Placemark>
    <Style>
      <IconStyle>
        <scale>0.522</scale>
        <color>FFD3592C</color>
        <Icon>
          <href>http://maps.google.com/mapfiles/kml/shapes/placemark_circle.png</href>
        </Icon>
      </IconStyle>
    </Style>
    <Point>
      <coordinates>140.152309625083,37.0139651267632,385.510443236347</coordinates>
      <altitudeMode>absolute</altitudeMode>
    </Point>
  </Placemark>

  <Placemark>
    <Style>
      <IconStyle>
        <scale>0.462363636363636</scale>
        <color>FFD84F27</color>
        <Icon>
          <href>http://maps.google.com/mapfiles/kml/shapes/placemark_circle.png</href>
        </Icon>
      </IconStyle>
    </Style>
    <Point>
      <coordinates>140.152287626177,37.0139874760829,384.710443210747</coordinates>
      <altitudeMode>absolute</altitudeMode>
    </Point>
  </Placemark>

  <Placemark>
    <Style>
      <IconStyle>
        <scale>0.462363636363636</scale>
        <color>FFD84F27</color>
        <Icon>
          <href>http://maps.google.com/mapfiles/kml/shapes/placemark_circle.png</href>
        </Icon>
      </IconStyle>
    </Style>
    <Point>
      <coordinates>140.152287626177,37.0139874760829,384.710443210747</coordinates>
      <altitudeMode>absolute</altitudeMode>
    </Point>
  </Placemark>

  <Placemark>
    <Style>
      <IconStyle>
        <scale>0.354545454545454</scale>
        <color>FFE13C1E</color>
        <Icon>
          <href>http://maps.google.com/mapfiles/kml/shapes/placemark_circle.png</href>
        </Icon>
      </IconStyle>
    </Style>
    <Point>
      <coordinates>140.152267051341,37.0140098433581,383.810443181947</coordinates>
      <altitudeMode>absolute</altitudeMode>
    </Point>
  </Placemark>

  <Placemark>
    <Style>
      <IconStyle>
        <scale>0.354545454545454</scale>
        <color>FFE13C1E</color>
        <Icon>
          <href>http://maps.google.com/mapfiles/kml/shapes/placemark_circle.png</href>
        </Icon>
      </IconStyle>
    </Style>
    <Point>
      <coordinates>140.152267051341,37.0140098433581,383.810443181947</coordinates>
      <altitudeMode>absolute</altitudeMode>
    </Point>
  </Placemark>

  <Placemark>
    <Style>
      <IconStyle>
        <scale>0.36</scale>
        <color>FFE03D1F</color>
        <Icon>
          <href>http://maps.google.com/mapfiles/kml/shapes/placemark_circle.png</href>
        </Icon>
      </IconStyle>
    </Style>
    <Point>
      <coordinates>140.152247935762,37.0140297674592,382.810443149947</coordinates>
      <altitudeMode>absolute</altitudeMode>
    </Point>
  </Placemark>

  <Placemark>
    <Style>
      <IconStyle>
        <scale>0.36</scale>
        <color>FFE03D1F</color>
        <Icon>
          <href>http://maps.google.com/mapfiles/kml/shapes/placemark_circle.png</href>
        </Icon>
      </IconStyle>
    </Style>
    <Point>
      <coordinates>140.152247935762,37.0140297674592,382.810443149947</coordinates>
      <altitudeMode>absolute</altitudeMode>
    </Point>
  </Placemark>

  <Placemark>
    <Style>
      <IconStyle>
        <scale>0.474363636363637</scale>
        <color>FFD75128</color>
        <Icon>
          <href>http://maps.google.com/mapfiles/kml/shapes/placemark_circle.png</href>
        </Icon>
      </IconStyle>
    </Style>
    <Point>
      <coordinates>140.152230213353,37.0140492438393,382.210443130747</coordinates>
      <altitudeMode>absolute</altitudeMode>
    </Point>
  </Placemark>

  <Placemark>
    <Style>
      <IconStyle>
        <scale>0.474363636363637</scale>
        <color>FFD75128</color>
        <Icon>
          <href>http://maps.google.com/mapfiles/kml/shapes/placemark_circle.png</href>
        </Icon>
      </IconStyle>
    </Style>
    <Point>
      <coordinates>140.152230213353,37.0140492438393,382.210443130747</coordinates>
      <altitudeMode>absolute</altitudeMode>
    </Point>
  </Placemark>

  <Placemark>
    <Style>
      <IconStyle>
        <scale>0.586909090909091</scale>
        <color>FFCD6432</color>
        <Icon>
          <href>http://maps.google.com/mapfiles/kml/shapes/placemark_circle.png</href>
        </Icon>
      </IconStyle>
    </Style>
    <Point>
      <coordinates>140.152213904027,37.0140689602193,381.810443117947</coordinates>
      <altitudeMode>absolute</altitudeMode>
    </Point>
  </Placemark>

  <Placemark>
    <Style>
      <IconStyle>
        <scale>0.586909090909091</scale>
        <color>FFCD6432</color>
        <Icon>
          <href>http://maps.google.com/mapfiles/kml/shapes/placemark_circle.png</href>
        </Icon>
      </IconStyle>
    </Style>
    <Point>
      <coordinates>140.152213904027,37.0140689602193,381.810443117947</coordinates>
      <altitudeMode>absolute</altitudeMode>
    </Point>
  </Placemark>

  <Placemark>
    <Style>
      <IconStyle>
        <scale>0.538363636363637</scale>
        <color>FFD15C2E</color>
        <Icon>
          <href>http://maps.google.com/mapfiles/kml/shapes/placemark_circle.png</href>
        </Icon>
      </IconStyle>
    </Style>
    <Point>
      <coordinates>140.15219523922,37.0140924103037,381.110443095547</coordinates>
      <altitudeMode>absolute</altitudeMode>
    </Point>
  </Placemark>

  <Placemark>
    <Style>
      <IconStyle>
        <scale>0.538363636363637</scale>
        <color>FFD15C2E</color>
        <Icon>
          <href>http://maps.google.com/mapfiles/kml/shapes/placemark_circle.png</href>
        </Icon>
      </IconStyle>
    </Style>
    <Point>
      <coordinates>140.15219523922,37.0140924103037,381.110443095547</coordinates>
      <altitudeMode>absolute</altitudeMode>
    </Point>
  </Placemark>

  <Placemark>
    <Style>
      <IconStyle>
        <scale>0.539272727272728</scale>
        <color>FFD15C2E</color>
        <Icon>
          <href>http://maps.google.com/mapfiles/kml/shapes/placemark_circle.png</href>
        </Icon>
      </IconStyle>
    </Style>
    <Point>
      <coordinates>140.15218424835,37.0141061453277,380.610443079547</coordinates>
      <altitudeMode>absolute</altitudeMode>
    </Point>
  </Placemark>

  <Placemark>
    <Style>
      <IconStyle>
        <scale>0.539272727272728</scale>
        <color>FFD15C2E</color>
        <Icon>
          <href>http://maps.google.com/mapfiles/kml/shapes/placemark_circle.png</href>
        </Icon>
      </IconStyle>
    </Style>
    <Point>
      <coordinates>140.15218424835,37.0141061453277,380.610443079547</coordinates>
      <altitudeMode>absolute</altitudeMode>
    </Point>
  </Placemark>

  <Placemark>
    <Style>
      <IconStyle>
        <scale>0.604727272727273</scale>
        <color>FFCC6733</color>
        <Icon>
          <href>http://maps.google.com/mapfiles/kml/shapes/placemark_circle.png</href>
        </Icon>
      </IconStyle>
    </Style>
    <Point>
      <coordinates>140.152181518314,37.0141101940748,380.510443076347</coordinates>
      <altitudeMode>absolute</altitudeMode>
    </Point>
  </Placemark>

  <Placemark>
    <Style>
      <IconStyle>
        <scale>0.604727272727273</scale>
        <color>FFCC6733</color>
        <Icon>
          <href>http://maps.google.com/mapfiles/kml/shapes/placemark_circle.png</href>
        </Icon>
      </IconStyle>
    </Style>
    <Point>
      <coordinates>140.152181518314,37.0141101940748,380.510443076347</coordinates>
      <altitudeMode>absolute</altitudeMode>
    </Point>
  </Placemark>

  <Placemark>
    <Style>
      <IconStyle>
        <scale>0.577454545454546</scale>
        <color>FFCE6231</color>
        <Icon>
          <href>http://maps.google.com/mapfiles/kml/shapes/placemark_circle.png</href>
        </Icon>
      </IconStyle>
    </Style>
    <Point>
      <coordinates>140.152182159968,37.014110238141,380.810443085947</coordinates>
      <altitudeMode>absolute</altitudeMode>
    </Point>
  </Placemark>

  <Placemark>
    <Style>
      <IconStyle>
        <scale>0.577454545454546</scale>
        <color>FFCE6231</color>
        <Icon>
          <href>http://maps.google.com/mapfiles/kml/shapes/placemark_circle.png</href>
        </Icon>
      </IconStyle>
    </Style>
    <Point>
      <coordinates>140.152182159968,37.014110238141,380.810443085947</coordinates>
      <altitudeMode>absolute</altitudeMode>
    </Point>
  </Placemark>

  <Placemark>
    <Style>
      <IconStyle>
        <scale>0.542181818181819</scale>
        <color>FFD15C2E</color>
        <Icon>
          <href>http://maps.google.com/mapfiles/kml/shapes/placemark_circle.png</href>
        </Icon>
      </IconStyle>
    </Style>
    <Point>
      <coordinates>140.152182625331,37.0141102191576,380.810443085947</coordinates>
      <altitudeMode>absolute</altitudeMode>
    </Point>
  </Placemark>

  <Placemark>
    <Style>
      <IconStyle>
        <scale>0.542181818181819</scale>
        <color>FFD15C2E</color>
        <Icon>
          <href>http://maps.google.com/mapfiles/kml/shapes/placemark_circle.png</href>
        </Icon>
      </IconStyle>
    </Style>
    <Point>
      <coordinates>140.152182625331,37.0141102191576,380.810443085947</coordinates>
      <altitudeMode>absolute</altitudeMode>
    </Point>
  </Placemark>

  <Placemark>
    <Style>
      <IconStyle>
        <scale>0.583818181818182</scale>
        <color>FFCD6332</color>
        <Icon>
          <href>http://maps.google.com/mapfiles/kml/shapes/placemark_circle.png</href>
        </Icon>
      </IconStyle>
    </Style>
    <Point>
      <coordinates>140.15218246157,37.0141104729324,380.710443082747</coordinates>
      <altitudeMode>absolute</altitudeMode>
    </Point>
  </Placemark>

  <Placemark>
    <Style>
      <IconStyle>
        <scale>0.583818181818182</scale>
        <color>FFCD6332</color>
        <Icon>
          <href>http://maps.google.com/mapfiles/kml/shapes/placemark_circle.png</href>
        </Icon>
      </IconStyle>
    </Style>
    <Point>
      <coordinates>140.15218246157,37.0141104729324,380.710443082747</coordinates>
      <altitudeMode>absolute</altitudeMode>
    </Point>
  </Placemark>

  <Placemark>
    <Style>
      <IconStyle>
        <scale>0.596</scale>
        <color>FFCC6533</color>
        <Icon>
          <href>http://maps.google.com/mapfiles/kml/shapes/placemark_circle.png</href>
        </Icon>
      </IconStyle>
    </Style>
    <Point>
      <coordinates>140.152182583618,37.0141106275412,380.610443079547</coordinates>
      <altitudeMode>absolute</altitudeMode>
    </Point>
  </Placemark>

  <Placemark>
    <Style>
      <IconStyle>
        <scale>0.596</scale>
        <color>FFCC6533</color>
        <Icon>
          <href>http://maps.google.com/mapfiles/kml/shapes/placemark_circle.png</href>
        </Icon>
      </IconStyle>
    </Style>
    <Point>
      <coordinates>140.152182583618,37.0141106275412,380.610443079547</coordinates>
      <altitudeMode>absolute</altitudeMode>
    </Point>
  </Placemark>

  <Placemark>
    <Style>
      <IconStyle>
        <scale>0.595090909090909</scale>
        <color>FFCC6533</color>
        <Icon>
          <href>http://maps.google.com/mapfiles/kml/shapes/placemark_circle.png</href>
        </Icon>
      </IconStyle>
    </Style>
    <Point>
      <coordinates>140.15218303954,37.0141100936751,380.610443079547</coordinates>
      <altitudeMode>absolute</altitudeMode>
    </Point>
  </Placemark>

  <Placemark>
    <Style>
      <IconStyle>
        <scale>0.595090909090909</scale>
        <color>FFCC6533</color>
        <Icon>
          <href>http://maps.google.com/mapfiles/kml/shapes/placemark_circle.png</href>
        </Icon>
      </IconStyle>
    </Style>
    <Point>
      <coordinates>140.15218303954,37.0141100936751,380.610443079547</coordinates>
      <altitudeMode>absolute</altitudeMode>
    </Point>
  </Placemark>

  <Placemark>
    <Style>
      <IconStyle>
        <scale>0.663454545454546</scale>
        <color>FFC77138</color>
        <Icon>
          <href>http://maps.google.com/mapfiles/kml/shapes/placemark_circle.png</href>
        </Icon>
      </IconStyle>
    </Style>
    <Point>
      <coordinates>140.1521826667,37.0141096676102,380.810443085947</coordinates>
      <altitudeMode>absolute</altitudeMode>
    </Point>
  </Placemark>

  <Placemark>
    <Style>
      <IconStyle>
        <scale>0.663454545454546</scale>
        <color>FFC77138</color>
        <Icon>
          <href>http://maps.google.com/mapfiles/kml/shapes/placemark_circle.png</href>
        </Icon>
      </IconStyle>
    </Style>
    <Point>
      <coordinates>140.1521826667,37.0141096676102,380.810443085947</coordinates>
      <altitudeMode>absolute</altitudeMode>
    </Point>
  </Placemark>

  <Placemark>
    <Style>
      <IconStyle>
        <scale>0.544909090909091</scale>
        <color>FFD15D2E</color>
        <Icon>
          <href>http://maps.google.com/mapfiles/kml/shapes/placemark_circle.png</href>
        </Icon>
      </IconStyle>
    </Style>
    <Point>
      <coordinates>140.152182297981,37.0141096395805,380.910443089147</coordinates>
      <altitudeMode>absolute</altitudeMode>
    </Point>
  </Placemark>

  <Placemark>
    <Style>
      <IconStyle>
        <scale>0.544909090909091</scale>
        <color>FFD15D2E</color>
        <Icon>
          <href>http://maps.google.com/mapfiles/kml/shapes/placemark_circle.png</href>
        </Icon>
      </IconStyle>
    </Style>
    <Point>
      <coordinates>140.152182297981,37.0141096395805,380.910443089147</coordinates>
      <altitudeMode>absolute</altitudeMode>
    </Point>
  </Placemark>

  <Placemark>
    <Style>
      <IconStyle>
        <scale>0.426727272727273</scale>
        <color>FFDB4924</color>
        <Icon>
          <href>http://maps.google.com/mapfiles/kml/shapes/placemark_circle.png</href>
        </Icon>
      </IconStyle>
    </Style>
    <Point>
      <coordinates>140.152181786099,37.0141098246175,380.810443085947</coordinates>
      <altitudeMode>absolute</altitudeMode>
    </Point>
  </Placemark>

  <Placemark>
    <Style>
      <IconStyle>
        <scale>0.426727272727273</scale>
        <color>FFDB4924</color>
        <Icon>
          <href>http://maps.google.com/mapfiles/kml/shapes/placemark_circle.png</href>
        </Icon>
      </IconStyle>
    </Style>
    <Point>
      <coordinates>140.152181786099,37.0141098246175,380.810443085947</coordinates>
      <altitudeMode>absolute</altitudeMode>
    </Point>
  </Placemark>

  <Placemark>
    <Style>
      <IconStyle>
        <scale>0.434545454545455</scale>
        <color>FFDA4A25</color>
        <Icon>
          <href>http://maps.google.com/mapfiles/kml/shapes/placemark_circle.png</href>
        </Icon>
      </IconStyle>
    </Style>
    <Point>
      <coordinates>140.152181896989,37.0141102842632,380.710443082747</coordinates>
      <altitudeMode>absolute</altitudeMode>
    </Point>
  </Placemark>

  <Placemark>
    <Style>
      <IconStyle>
        <scale>0.434545454545455</scale>
        <color>FFDA4A25</color>
        <Icon>
          <href>http://maps.google.com/mapfiles/kml/shapes/placemark_circle.png</href>
        </Icon>
      </IconStyle>
    </Style>
    <Point>
      <coordinates>140.152181896989,37.0141102842632,380.710443082747</coordinates>
      <altitudeMode>absolute</altitudeMode>
    </Point>
  </Placemark>

  <Placemark>
    <Style>
      <IconStyle>
        <scale>0.425454545454546</scale>
        <color>FFDB4824</color>
        <Icon>
          <href>http://maps.google.com/mapfiles/kml/shapes/placemark_circle.png</href>
        </Icon>
      </IconStyle>
    </Style>
    <Point>
      <coordinates>140.152181370173,37.014111103429,380.110443063547</coordinates>
      <altitudeMode>absolute</altitudeMode>
    </Point>
  </Placemark>

  <Placemark>
    <Style>
      <IconStyle>
        <scale>0.425454545454546</scale>
        <color>FFDB4824</color>
        <Icon>
          <href>http://maps.google.com/mapfiles/kml/shapes/placemark_circle.png</href>
        </Icon>
      </IconStyle>
    </Style>
    <Point>
      <coordinates>140.152181370173,37.014111103429,380.110443063547</coordinates>
      <altitudeMode>absolute</altitudeMode>
    </Point>
  </Placemark>

  <Placemark>
    <Style>
      <IconStyle>
        <scale>0.412909090909091</scale>
        <color>FFDC4623</color>
        <Icon>
          <href>http://maps.google.com/mapfiles/kml/shapes/placemark_circle.png</href>
        </Icon>
      </IconStyle>
    </Style>
    <Point>
      <coordinates>140.152179013491,37.014112573788,379.610443047547</coordinates>
      <altitudeMode>absolute</altitudeMode>
    </Point>
  </Placemark>

  <Placemark>
    <Style>
      <IconStyle>
        <scale>0.412909090909091</scale>
        <color>FFDC4623</color>
        <Icon>
          <href>http://maps.google.com/mapfiles/kml/shapes/placemark_circle.png</href>
        </Icon>
      </IconStyle>
    </Style>
    <Point>
      <coordinates>140.152179013491,37.014112573788,379.610443047547</coordinates>
      <altitudeMode>absolute</altitudeMode>
    </Point>
  </Placemark>

  <Placemark>
    <Style>
      <IconStyle>
        <scale>0.446727272727273</scale>
        <color>FFD94C26</color>
        <Icon>
          <href>http://maps.google.com/mapfiles/kml/shapes/placemark_circle.png</href>
        </Icon>
      </IconStyle>
    </Style>
    <Point>
      <coordinates>140.152175022803,37.0141150460882,379.110443031547</coordinates>
      <altitudeMode>absolute</altitudeMode>
    </Point>
  </Placemark>

  <Placemark>
    <Style>
      <IconStyle>
        <scale>0.446727272727273</scale>
        <color>FFD94C26</color>
        <Icon>
          <href>http://maps.google.com/mapfiles/kml/shapes/placemark_circle.png</href>
        </Icon>
      </IconStyle>
    </Style>
    <Point>
      <coordinates>140.152175022803,37.0141150460882,379.110443031547</coordinates>
      <altitudeMode>absolute</altitudeMode>
    </Point>
  </Placemark>

  <Placemark>
    <Style>
      <IconStyle>
        <scale>0.472545454545455</scale>
        <color>FFD75028</color>
        <Icon>
          <href>http://maps.google.com/mapfiles/kml/shapes/placemark_circle.png</href>
        </Icon>
      </IconStyle>
    </Style>
    <Point>
      <coordinates>140.152168909746,37.0141192297752,378.610443015547</coordinates>
      <altitudeMode>absolute</altitudeMode>
    </Point>
  </Placemark>

  <Placemark>
    <Style>
      <IconStyle>
        <scale>0.472545454545455</scale>
        <color>FFD75028</color>
        <Icon>
          <href>http://maps.google.com/mapfiles/kml/shapes/placemark_circle.png</href>
        </Icon>
      </IconStyle>
    </Style>
    <Point>
      <coordinates>140.152168909746,37.0141192297752,378.610443015547</coordinates>
      <altitudeMode>absolute</altitudeMode>
    </Point>
  </Placemark>

  <Placemark>
    <Style>
      <IconStyle>
        <scale>0.435636363636364</scale>
        <color>FFDA4A25</color>
        <Icon>
          <href>http://maps.google.com/mapfiles/kml/shapes/placemark_circle.png</href>
        </Icon>
      </IconStyle>
    </Style>
    <Point>
      <coordinates>140.152162793427,37.0141224616181,378.010442996347</coordinates>
      <altitudeMode>absolute</altitudeMode>
    </Point>
  </Placemark>

  <Placemark>
    <Style>
      <IconStyle>
        <scale>0.435636363636364</scale>
        <color>FFDA4A25</color>
        <Icon>
          <href>http://maps.google.com/mapfiles/kml/shapes/placemark_circle.png</href>
        </Icon>
      </IconStyle>
    </Style>
    <Point>
      <coordinates>140.152162793427,37.0141224616181,378.010442996347</coordinates>
      <altitudeMode>absolute</altitudeMode>
    </Point>
  </Placemark>

  <Placemark>
    <Style>
      <IconStyle>
        <scale>0.479272727272727</scale>
        <color>FFD65129</color>
        <Icon>
          <href>http://maps.google.com/mapfiles/kml/shapes/placemark_circle.png</href>
        </Icon>
      </IconStyle>
    </Style>
    <Point>
      <coordinates>140.152158656659,37.0141249365226,377.410442977147</coordinates>
      <altitudeMode>absolute</altitudeMode>
    </Point>
  </Placemark>

  <Placemark>
    <Style>
      <IconStyle>
        <scale>0.479272727272727</scale>
        <color>FFD65129</color>
        <Icon>
          <href>http://maps.google.com/mapfiles/kml/shapes/placemark_circle.png</href>
        </Icon>
      </IconStyle>
    </Style>
    <Point>
      <coordinates>140.152158656659,37.0141249365226,377.410442977147</coordinates>
      <altitudeMode>absolute</altitudeMode>
    </Point>
  </Placemark>

  <Placemark>
    <Style>
      <IconStyle>
        <scale>0.541272727272727</scale>
        <color>FFD15C2E</color>
        <Icon>
          <href>http://maps.google.com/mapfiles/kml/shapes/placemark_circle.png</href>
        </Icon>
      </IconStyle>
    </Style>
    <Point>
      <coordinates>140.152156772206,37.0141265889032,376.710442954747</coordinates>
      <altitudeMode>absolute</altitudeMode>
    </Point>
  </Placemark>

  <Placemark>
    <Style>
      <IconStyle>
        <scale>0.541272727272727</scale>
        <color>FFD15C2E</color>
        <Icon>
          <href>http://maps.google.com/mapfiles/kml/shapes/placemark_circle.png</href>
        </Icon>
      </IconStyle>
    </Style>
    <Point>
      <coordinates>140.152156772206,37.0141265889032,376.710442954747</coordinates>
      <altitudeMode>absolute</altitudeMode>
    </Point>
  </Placemark>

  <Placemark>
    <Style>
      <IconStyle>
        <scale>0.565090909090909</scale>
        <color>FFCF6030</color>
        <Icon>
          <href>http://maps.google.com/mapfiles/kml/shapes/placemark_circle.png</href>
        </Icon>
      </IconStyle>
    </Style>
    <Point>
      <coordinates>140.152152673889,37.0141285617405,375.610442919547</coordinates>
      <altitudeMode>absolute</altitudeMode>
    </Point>
  </Placemark>

  <Placemark>
    <Style>
      <IconStyle>
        <scale>0.565090909090909</scale>
        <color>FFCF6030</color>
        <Icon>
          <href>http://maps.google.com/mapfiles/kml/shapes/placemark_circle.png</href>
        </Icon>
      </IconStyle>
    </Style>
    <Point>
      <coordinates>140.152152673889,37.0141285617405,375.610442919547</coordinates>
      <altitudeMode>absolute</altitudeMode>
    </Point>
  </Placemark>

  <Placemark>
    <Style>
      <IconStyle>
        <scale>0.649090909090909</scale>
        <color>FFC86E37</color>
        <Icon>
          <href>http://maps.google.com/mapfiles/kml/shapes/placemark_circle.png</href>
        </Icon>
      </IconStyle>
    </Style>
    <Point>
      <coordinates>140.152145892741,37.0141316070387,374.910442897147</coordinates>
      <altitudeMode>absolute</altitudeMode>
    </Point>
  </Placemark>

  <Placemark>
    <Style>
      <IconStyle>
        <scale>0.649090909090909</scale>
        <color>FFC86E37</color>
        <Icon>
          <href>http://maps.google.com/mapfiles/kml/shapes/placemark_circle.png</href>
        </Icon>
      </IconStyle>
    </Style>
    <Point>
      <coordinates>140.152145892741,37.0141316070387,374.910442897147</coordinates>
      <altitudeMode>absolute</altitudeMode>
    </Point>
  </Placemark>

  <Placemark>
    <Style>
      <IconStyle>
        <scale>0.695818181818182</scale>
        <color>FFC4763B</color>
        <Icon>
          <href>http://maps.google.com/mapfiles/kml/shapes/placemark_circle.png</href>
        </Icon>
      </IconStyle>
    </Style>
    <Point>
      <coordinates>140.152131348051,37.0141396148242,374.710442890747</coordinates>
      <altitudeMode>absolute</altitudeMode>
    </Point>
  </Placemark>

  <Placemark>
    <Style>
      <IconStyle>
        <scale>0.695818181818182</scale>
        <color>FFC4763B</color>
        <Icon>
          <href>http://maps.google.com/mapfiles/kml/shapes/placemark_circle.png</href>
        </Icon>
      </IconStyle>
    </Style>
    <Point>
      <coordinates>140.152131348051,37.0141396148242,374.710442890747</coordinates>
      <altitudeMode>absolute</altitudeMode>
    </Point>
  </Placemark>

  <Placemark>
    <Style>
      <IconStyle>
        <scale>0.700727272727273</scale>
        <color>FFC3773C</color>
        <Icon>
          <href>http://maps.google.com/mapfiles/kml/shapes/placemark_circle.png</href>
        </Icon>
      </IconStyle>
    </Style>
    <Point>
      <coordinates>140.152112301651,37.0141504807463,374.610442887547</coordinates>
      <altitudeMode>absolute</altitudeMode>
    </Point>
  </Placemark>

  <Placemark>
    <Style>
      <IconStyle>
        <scale>0.700727272727273</scale>
        <color>FFC3773C</color>
        <Icon>
          <href>http://maps.google.com/mapfiles/kml/shapes/placemark_circle.png</href>
        </Icon>
      </IconStyle>
    </Style>
    <Point>
      <coordinates>140.152112301651,37.0141504807463,374.610442887547</coordinates>
      <altitudeMode>absolute</altitudeMode>
    </Point>
  </Placemark>

  <Placemark>
    <Style>
      <IconStyle>
        <scale>0.671272727272727</scale>
        <color>FFC67239</color>
        <Icon>
          <href>http://maps.google.com/mapfiles/kml/shapes/placemark_circle.png</href>
        </Icon>
      </IconStyle>
    </Style>
    <Point>
      <coordinates>140.152087349039,37.014165821412,374.010442868347</coordinates>
      <altitudeMode>absolute</altitudeMode>
    </Point>
  </Placemark>

  <Placemark>
    <Style>
      <IconStyle>
        <scale>0.671272727272727</scale>
        <color>FFC67239</color>
        <Icon>
          <href>http://maps.google.com/mapfiles/kml/shapes/placemark_circle.png</href>
        </Icon>
      </IconStyle>
    </Style>
    <Point>
      <coordinates>140.152087349039,37.014165821412,374.010442868347</coordinates>
      <altitudeMode>absolute</altitudeMode>
    </Point>
  </Placemark>

  <Placemark>
    <Style>
      <IconStyle>
        <scale>0.675272727272727</scale>
        <color>FFC67339</color>
        <Icon>
          <href>http://maps.google.com/mapfiles/kml/shapes/placemark_circle.png</href>
        </Icon>
      </IconStyle>
    </Style>
    <Point>
      <coordinates>140.152058362997,37.0141827124822,373.110442839547</coordinates>
      <altitudeMode>absolute</altitudeMode>
    </Point>
  </Placemark>

  <Placemark>
    <Style>
      <IconStyle>
        <scale>0.675272727272727</scale>
        <color>FFC67339</color>
        <Icon>
          <href>http://maps.google.com/mapfiles/kml/shapes/placemark_circle.png</href>
        </Icon>
      </IconStyle>
    </Style>
    <Point>
      <coordinates>140.152058362997,37.0141827124822,373.110442839547</coordinates>
      <altitudeMode>absolute</altitudeMode>
    </Point>
  </Placemark>

  <Placemark>
    <Style>
      <IconStyle>
        <scale>0.603636363636364</scale>
        <color>FFCC6733</color>
        <Icon>
          <href>http://maps.google.com/mapfiles/kml/shapes/placemark_circle.png</href>
        </Icon>
      </IconStyle>
    </Style>
    <Point>
      <coordinates>140.152029473255,37.0141989087727,372.310442813947</coordinates>
      <altitudeMode>absolute</altitudeMode>
    </Point>
  </Placemark>

  <Placemark>
    <Style>
      <IconStyle>
        <scale>0.603636363636364</scale>
        <color>FFCC6733</color>
        <Icon>
          <href>http://maps.google.com/mapfiles/kml/shapes/placemark_circle.png</href>
        </Icon>
      </IconStyle>
    </Style>
    <Point>
      <coordinates>140.152029473255,37.0141989087727,372.310442813947</coordinates>
      <altitudeMode>absolute</altitudeMode>
    </Point>
  </Placemark>

  <Placemark>
    <Style>
      <IconStyle>
        <scale>0.642363636363637</scale>
        <color>FFC86D37</color>
        <Icon>
          <href>http://maps.google.com/mapfiles/kml/shapes/placemark_circle.png</href>
        </Icon>
      </IconStyle>
    </Style>
    <Point>
      <coordinates>140.152000555018,37.0142158799571,371.610442791547</coordinates>
      <altitudeMode>absolute</altitudeMode>
    </Point>
  </Placemark>

  <Placemark>
    <Style>
      <IconStyle>
        <scale>0.642363636363637</scale>
        <color>FFC86D37</color>
        <Icon>
          <href>http://maps.google.com/mapfiles/kml/shapes/placemark_circle.png</href>
        </Icon>
      </IconStyle>
    </Style>
    <Point>
      <coordinates>140.152000555018,37.0142158799571,371.610442791547</coordinates>
      <altitudeMode>absolute</altitudeMode>
    </Point>
  </Placemark>

  <Placemark>
    <Style>
      <IconStyle>
        <scale>0.692</scale>
        <color>FFC4763B</color>
        <Icon>
          <href>http://maps.google.com/mapfiles/kml/shapes/placemark_circle.png</href>
        </Icon>
      </IconStyle>
    </Style>
    <Point>
      <coordinates>140.15197095204,37.0142337900331,370.810442765947</coordinates>
      <altitudeMode>absolute</altitudeMode>
    </Point>
  </Placemark>

  <Placemark>
    <Style>
      <IconStyle>
        <scale>0.692</scale>
        <color>FFC4763B</color>
        <Icon>
          <href>http://maps.google.com/mapfiles/kml/shapes/placemark_circle.png</href>
        </Icon>
      </IconStyle>
    </Style>
    <Point>
      <coordinates>140.15197095204,37.0142337900331,370.810442765947</coordinates>
      <altitudeMode>absolute</altitudeMode>
    </Point>
  </Placemark>

  <Placemark>
    <Style>
      <IconStyle>
        <scale>0.593454545454545</scale>
        <color>FFCD6532</color>
        <Icon>
          <href>http://maps.google.com/mapfiles/kml/shapes/placemark_circle.png</href>
        </Icon>
      </IconStyle>
    </Style>
    <Point>
      <coordinates>140.151941668688,37.0142497788766,370.210442746747</coordinates>
      <altitudeMode>absolute</altitudeMode>
    </Point>
  </Placemark>

  <Placemark>
    <Style>
      <IconStyle>
        <scale>0.593454545454545</scale>
        <color>FFCD6532</color>
        <Icon>
          <href>http://maps.google.com/mapfiles/kml/shapes/placemark_circle.png</href>
        </Icon>
      </IconStyle>
    </Style>
    <Point>
      <coordinates>140.151941668688,37.0142497788766,370.210442746747</coordinates>
      <altitudeMode>absolute</altitudeMode>
    </Point>
  </Placemark>

  <Placemark>
    <Style>
      <IconStyle>
        <scale>0.558545454545454</scale>
        <color>FFD05F2F</color>
        <Icon>
          <href>http://maps.google.com/mapfiles/kml/shapes/placemark_circle.png</href>
        </Icon>
      </IconStyle>
    </Style>
    <Point>
      <coordinates>140.151912052149,37.014266505538,369.510442724347</coordinates>
      <altitudeMode>absolute</altitudeMode>
    </Point>
  </Placemark>

  <Placemark>
    <Style>
      <IconStyle>
        <scale>0.558545454545454</scale>
        <color>FFD05F2F</color>
        <Icon>
          <href>http://maps.google.com/mapfiles/kml/shapes/placemark_circle.png</href>
        </Icon>
      </IconStyle>
    </Style>
    <Point>
      <coordinates>140.151912052149,37.014266505538,369.510442724347</coordinates>
      <altitudeMode>absolute</altitudeMode>
    </Point>
  </Placemark>

  <Placemark>
    <Style>
      <IconStyle>
        <scale>0.494363636363636</scale>
        <color>FFD5542A</color>
        <Icon>
          <href>http://maps.google.com/mapfiles/kml/shapes/placemark_circle.png</href>
        </Icon>
      </IconStyle>
    </Style>
    <Point>
      <coordinates>140.151882756609,37.01428323124,368.810442701947</coordinates>
      <altitudeMode>absolute</altitudeMode>
    </Point>
  </Placemark>

  <Placemark>
    <Style>
      <IconStyle>
        <scale>0.494363636363636</scale>
        <color>FFD5542A</color>
        <Icon>
          <href>http://maps.google.com/mapfiles/kml/shapes/placemark_circle.png</href>
        </Icon>
      </IconStyle>
    </Style>
    <Point>
      <coordinates>140.151882756609,37.01428323124,368.810442701947</coordinates>
      <altitudeMode>absolute</altitudeMode>
    </Point>
  </Placemark>

  <Placemark>
    <Style>
      <IconStyle>
        <scale>0.414</scale>
        <color>FFDC4623</color>
        <Icon>
          <href>http://maps.google.com/mapfiles/kml/shapes/placemark_circle.png</href>
        </Icon>
      </IconStyle>
    </Style>
    <Point>
      <coordinates>140.151852612911,37.0143006008023,368.010442676347</coordinates>
      <altitudeMode>absolute</altitudeMode>
    </Point>
  </Placemark>

  <Placemark>
    <Style>
      <IconStyle>
        <scale>0.414</scale>
        <color>FFDC4623</color>
        <Icon>
          <href>http://maps.google.com/mapfiles/kml/shapes/placemark_circle.png</href>
        </Icon>
      </IconStyle>
    </Style>
    <Point>
      <coordinates>140.151852612911,37.0143006008023,368.010442676347</coordinates>
      <altitudeMode>absolute</altitudeMode>
    </Point>
  </Placemark>

  <Placemark>
    <Style>
      <IconStyle>
        <scale>0.388</scale>
        <color>FFDE4221</color>
        <Icon>
          <href>http://maps.google.com/mapfiles/kml/shapes/placemark_circle.png</href>
        </Icon>
      </IconStyle>
    </Style>
    <Point>
      <coordinates>140.151822378921,37.0143184503643,367.210442650747</coordinates>
      <altitudeMode>absolute</altitudeMode>
    </Point>
  </Placemark>

  <Placemark>
    <Style>
      <IconStyle>
        <scale>0.388</scale>
        <color>FFDE4221</color>
        <Icon>
          <href>http://maps.google.com/mapfiles/kml/shapes/placemark_circle.png</href>
        </Icon>
      </IconStyle>
    </Style>
    <Point>
      <coordinates>140.151822378921,37.0143184503643,367.210442650747</coordinates>
      <altitudeMode>absolute</altitudeMode>
    </Point>
  </Placemark>

  <Placemark>
    <Style>
      <IconStyle>
        <scale>0.407090909090909</scale>
        <color>FFDC4523</color>
        <Icon>
          <href>http://maps.google.com/mapfiles/kml/shapes/placemark_circle.png</href>
        </Icon>
      </IconStyle>
    </Style>
    <Point>
      <coordinates>140.151792039705,37.0143382813301,366.010442612347</coordinates>
      <altitudeMode>absolute</altitudeMode>
    </Point>
  </Placemark>

  <Placemark>
    <Style>
      <IconStyle>
        <scale>0.407090909090909</scale>
        <color>FFDC4523</color>
        <Icon>
          <href>http://maps.google.com/mapfiles/kml/shapes/placemark_circle.png</href>
        </Icon>
      </IconStyle>
    </Style>
    <Point>
      <coordinates>140.151792039705,37.0143382813301,366.010442612347</coordinates>
      <altitudeMode>absolute</altitudeMode>
    </Point>
  </Placemark>

  <Placemark>
    <Style>
      <IconStyle>
        <scale>0.462909090909091</scale>
        <color>FFD84F27</color>
        <Icon>
          <href>http://maps.google.com/mapfiles/kml/shapes/placemark_circle.png</href>
        </Icon>
      </IconStyle>
    </Style>
    <Point>
      <coordinates>140.151762093069,37.0143573963398,364.710442570747</coordinates>
      <altitudeMode>absolute</altitudeMode>
    </Point>
  </Placemark>

  <Placemark>
    <Style>
      <IconStyle>
        <scale>0.462909090909091</scale>
        <color>FFD84F27</color>
        <Icon>
          <href>http://maps.google.com/mapfiles/kml/shapes/placemark_circle.png</href>
        </Icon>
      </IconStyle>
    </Style>
    <Point>
      <coordinates>140.151762093069,37.0143573963398,364.710442570747</coordinates>
      <altitudeMode>absolute</altitudeMode>
    </Point>
  </Placemark>

  <Placemark>
    <Style>
      <IconStyle>
        <scale>0.427272727272727</scale>
        <color>FFDB4924</color>
        <Icon>
          <href>http://maps.google.com/mapfiles/kml/shapes/placemark_circle.png</href>
        </Icon>
      </IconStyle>
    </Style>
    <Point>
      <coordinates>140.151731978209,37.0143762527088,363.110442519547</coordinates>
      <altitudeMode>absolute</altitudeMode>
    </Point>
  </Placemark>

  <Placemark>
    <Style>
      <IconStyle>
        <scale>0.427272727272727</scale>
        <color>FFDB4924</color>
        <Icon>
          <href>http://maps.google.com/mapfiles/kml/shapes/placemark_circle.png</href>
        </Icon>
      </IconStyle>
    </Style>
    <Point>
      <coordinates>140.151731978209,37.0143762527088,363.110442519547</coordinates>
      <altitudeMode>absolute</altitudeMode>
    </Point>
  </Placemark>

  <Placemark>
    <Style>
      <IconStyle>
        <scale>0.457272727272727</scale>
        <color>FFD84E27</color>
        <Icon>
          <href>http://maps.google.com/mapfiles/kml/shapes/placemark_circle.png</href>
        </Icon>
      </IconStyle>
    </Style>
    <Point>
      <coordinates>140.151702655376,37.0143938824194,361.810442477947</coordinates>
      <altitudeMode>absolute</altitudeMode>
    </Point>
  </Placemark>

  <Placemark>
    <Style>
      <IconStyle>
        <scale>0.457272727272727</scale>
        <color>FFD84E27</color>
        <Icon>
          <href>http://maps.google.com/mapfiles/kml/shapes/placemark_circle.png</href>
        </Icon>
      </IconStyle>
    </Style>
    <Point>
      <coordinates>140.151702655376,37.0143938824194,361.810442477947</coordinates>
      <altitudeMode>absolute</altitudeMode>
    </Point>
  </Placemark>

  <Placemark>
    <Style>
      <IconStyle>
        <scale>0.523090909090909</scale>
        <color>FFD3592C</color>
        <Icon>
          <href>http://maps.google.com/mapfiles/kml/shapes/placemark_circle.png</href>
        </Icon>
      </IconStyle>
    </Style>
    <Point>
      <coordinates>140.151673708472,37.0144115677097,360.910442449147</coordinates>
      <altitudeMode>absolute</altitudeMode>
    </Point>
  </Placemark>

  <Placemark>
    <Style>
      <IconStyle>
        <scale>0.523090909090909</scale>
        <color>FFD3592C</color>
        <Icon>
          <href>http://maps.google.com/mapfiles/kml/shapes/placemark_circle.png</href>
        </Icon>
      </IconStyle>
    </Style>
    <Point>
      <coordinates>140.151673708472,37.0144115677097,360.910442449147</coordinates>
      <altitudeMode>absolute</altitudeMode>
    </Point>
  </Placemark>

  <Placemark>
    <Style>
      <IconStyle>
        <scale>0.621818181818182</scale>
        <color>FFCA6A35</color>
        <Icon>
          <href>http://maps.google.com/mapfiles/kml/shapes/placemark_circle.png</href>
        </Icon>
      </IconStyle>
    </Style>
    <Point>
      <coordinates>140.151646318499,37.0144284754333,360.110442423547</coordinates>
      <altitudeMode>absolute</altitudeMode>
    </Point>
  </Placemark>

  <Placemark>
    <Style>
      <IconStyle>
        <scale>0.621818181818182</scale>
        <color>FFCA6A35</color>
        <Icon>
          <href>http://maps.google.com/mapfiles/kml/shapes/placemark_circle.png</href>
        </Icon>
      </IconStyle>
    </Style>
    <Point>
      <coordinates>140.151646318499,37.0144284754333,360.110442423547</coordinates>
      <altitudeMode>absolute</altitudeMode>
    </Point>
  </Placemark>

  <Placemark>
    <Style>
      <IconStyle>
        <scale>0.820909090909091</scale>
        <color>FFB98C46</color>
        <Icon>
          <href>http://maps.google.com/mapfiles/kml/shapes/placemark_circle.png</href>
        </Icon>
      </IconStyle>
    </Style>
    <Point>
      <coordinates>140.151619177086,37.0144458504096,359.210442394747</coordinates>
      <altitudeMode>absolute</altitudeMode>
    </Point>
  </Placemark>

  <Placemark>
    <Style>
      <IconStyle>
        <scale>0.820909090909091</scale>
        <color>FFB98C46</color>
        <Icon>
          <href>http://maps.google.com/mapfiles/kml/shapes/placemark_circle.png</href>
        </Icon>
      </IconStyle>
    </Style>
    <Point>
      <coordinates>140.151619177086,37.0144458504096,359.210442394747</coordinates>
      <altitudeMode>absolute</altitudeMode>
    </Point>
  </Placemark>

  <Placemark>
    <Style>
      <IconStyle>
        <scale>0.877454545454545</scale>
        <color>FFB4954B</color>
        <Icon>
          <href>http://maps.google.com/mapfiles/kml/shapes/placemark_circle.png</href>
        </Icon>
      </IconStyle>
    </Style>
    <Point>
      <coordinates>140.151592685568,37.0144616502412,358.410442369147</coordinates>
      <altitudeMode>absolute</altitudeMode>
    </Point>
  </Placemark>

  <Placemark>
    <Style>
      <IconStyle>
        <scale>0.877454545454545</scale>
        <color>FFB4954B</color>
        <Icon>
          <href>http://maps.google.com/mapfiles/kml/shapes/placemark_circle.png</href>
        </Icon>
      </IconStyle>
    </Style>
    <Point>
      <coordinates>140.151592685568,37.0144616502412,358.410442369147</coordinates>
      <altitudeMode>absolute</altitudeMode>
    </Point>
  </Placemark>

  <Placemark>
    <Style>
      <IconStyle>
        <scale>0.95</scale>
        <color>FFAEA251</color>
        <Icon>
          <href>http://maps.google.com/mapfiles/kml/shapes/placemark_circle.png</href>
        </Icon>
      </IconStyle>
    </Style>
    <Point>
      <coordinates>140.151567272571,37.0144772917633,357.610442343547</coordinates>
      <altitudeMode>absolute</altitudeMode>
    </Point>
  </Placemark>

  <Placemark>
    <Style>
      <IconStyle>
        <scale>0.95</scale>
        <color>FFAEA251</color>
        <Icon>
          <href>http://maps.google.com/mapfiles/kml/shapes/placemark_circle.png</href>
        </Icon>
      </IconStyle>
    </Style>
    <Point>
      <coordinates>140.151567272571,37.0144772917633,357.610442343547</coordinates>
      <altitudeMode>absolute</altitudeMode>
    </Point>
  </Placemark>

  <Placemark>
    <Style>
      <IconStyle>
        <scale>1.09945454545455</scale>
        <color>FFA2BB5D</color>
        <Icon>
          <href>http://maps.google.com/mapfiles/kml/shapes/placemark_circle.png</href>
        </Icon>
      </IconStyle>
    </Style>
    <Point>
      <coordinates>140.151544043227,37.0144926352387,357.310442333947</coordinates>
      <altitudeMode>absolute</altitudeMode>
    </Point>
  </Placemark>

  <Placemark>
    <Style>
      <IconStyle>
        <scale>1.09945454545455</scale>
        <color>FFA2BB5D</color>
        <Icon>
          <href>http://maps.google.com/mapfiles/kml/shapes/placemark_circle.png</href>
        </Icon>
      </IconStyle>
    </Style>
    <Point>
      <coordinates>140.151544043227,37.0144926352387,357.310442333947</coordinates>
      <altitudeMode>absolute</altitudeMode>
    </Point>
  </Placemark>

  <Placemark>
    <Style>
      <IconStyle>
        <scale>1.32</scale>
        <color>FF8FE070</color>
        <Icon>
          <href>http://maps.google.com/mapfiles/kml/shapes/placemark_circle.png</href>
        </Icon>
      </IconStyle>
    </Style>
    <Point>
      <coordinates>140.151534717604,37.0144985686221,357.710442346747</coordinates>
      <altitudeMode>absolute</altitudeMode>
    </Point>
  </Placemark>

  <Placemark>
    <Style>
      <IconStyle>
        <scale>1.32</scale>
        <color>FF8FE070</color>
        <Icon>
          <href>http://maps.google.com/mapfiles/kml/shapes/placemark_circle.png</href>
        </Icon>
      </IconStyle>
    </Style>
    <Point>
      <coordinates>140.151534717604,37.0144985686221,357.710442346747</coordinates>
      <altitudeMode>absolute</altitudeMode>
    </Point>
  </Placemark>

  <Placemark>
    <Style>
      <IconStyle>
        <scale>1.30563636363636</scale>
        <color>FF90DE6F</color>
        <Icon>
          <href>http://maps.google.com/mapfiles/kml/shapes/placemark_circle.png</href>
        </Icon>
      </IconStyle>
    </Style>
    <Point>
      <coordinates>140.151535305358,37.0144985074229,357.910442353147</coordinates>
      <altitudeMode>absolute</altitudeMode>
    </Point>
  </Placemark>

  <Placemark>
    <Style>
      <IconStyle>
        <scale>1.30563636363636</scale>
        <color>FF90DE6F</color>
        <Icon>
          <href>http://maps.google.com/mapfiles/kml/shapes/placemark_circle.png</href>
        </Icon>
      </IconStyle>
    </Style>
    <Point>
      <coordinates>140.151535305358,37.0144985074229,357.910442353147</coordinates>
      <altitudeMode>absolute</altitudeMode>
    </Point>
  </Placemark>

  <Placemark>
    <Style>
      <IconStyle>
        <scale>1.27163636363636</scale>
        <color>FF93D86C</color>
        <Icon>
          <href>http://maps.google.com/mapfiles/kml/shapes/placemark_circle.png</href>
        </Icon>
      </IconStyle>
    </Style>
    <Point>
      <coordinates>140.151534866087,37.0144979433683,357.910442353147</coordinates>
      <altitudeMode>absolute</altitudeMode>
    </Point>
  </Placemark>

  <Placemark>
    <Style>
      <IconStyle>
        <scale>1.27163636363636</scale>
        <color>FF93D86C</color>
        <Icon>
          <href>http://maps.google.com/mapfiles/kml/shapes/placemark_circle.png</href>
        </Icon>
      </IconStyle>
    </Style>
    <Point>
      <coordinates>140.151534866087,37.0144979433683,357.910442353147</coordinates>
      <altitudeMode>absolute</altitudeMode>
    </Point>
  </Placemark>

  <Placemark>
    <Style>
      <IconStyle>
        <scale>1.32163636363636</scale>
        <color>FF8FE170</color>
        <Icon>
          <href>http://maps.google.com/mapfiles/kml/shapes/placemark_circle.png</href>
        </Icon>
      </IconStyle>
    </Style>
    <Point>
      <coordinates>140.151534313179,37.0144982155098,357.710442346747</coordinates>
      <altitudeMode>absolute</altitudeMode>
    </Point>
  </Placemark>

  <Placemark>
    <Style>
      <IconStyle>
        <scale>1.32163636363636</scale>
        <color>FF8FE170</color>
        <Icon>
          <href>http://maps.google.com/mapfiles/kml/shapes/placemark_circle.png</href>
        </Icon>
      </IconStyle>
    </Style>
    <Point>
      <coordinates>140.151534313179,37.0144982155098,357.710442346747</coordinates>
      <altitudeMode>absolute</altitudeMode>
    </Point>
  </Placemark>

  <Placemark>
    <Style>
      <IconStyle>
        <scale>1.34909090909091</scale>
        <color>FF8CE573</color>
        <Icon>
          <href>http://maps.google.com/mapfiles/kml/shapes/placemark_circle.png</href>
        </Icon>
      </IconStyle>
    </Style>
    <Point>
      <coordinates>140.15153375186,37.0144987253896,357.410442337147</coordinates>
      <altitudeMode>absolute</altitudeMode>
    </Point>
  </Placemark>

  <Placemark>
    <Style>
      <IconStyle>
        <scale>1.34909090909091</scale>
        <color>FF8CE573</color>
        <Icon>
          <href>http://maps.google.com/mapfiles/kml/shapes/placemark_circle.png</href>
        </Icon>
      </IconStyle>
    </Style>
    <Point>
      <coordinates>140.15153375186,37.0144987253896,357.410442337147</coordinates>
      <altitudeMode>absolute</altitudeMode>
    </Point>
  </Placemark>

  <Placemark>
    <Style>
      <IconStyle>
        <scale>1.33745454545455</scale>
        <color>FF8DE372</color>
        <Icon>
          <href>http://maps.google.com/mapfiles/kml/shapes/placemark_circle.png</href>
        </Icon>
      </IconStyle>
    </Style>
    <Point>
      <coordinates>140.151534643619,37.0144983666234,357.110442327547</coordinates>
      <altitudeMode>absolute</altitudeMode>
    </Point>
  </Placemark>

  <Placemark>
    <Style>
      <IconStyle>
        <scale>1.33745454545455</scale>
        <color>FF8DE372</color>
        <Icon>
          <href>http://maps.google.com/mapfiles/kml/shapes/placemark_circle.png</href>
        </Icon>
      </IconStyle>
    </Style>
    <Point>
      <coordinates>140.151534643619,37.0144983666234,357.110442327547</coordinates>
      <altitudeMode>absolute</altitudeMode>
    </Point>
  </Placemark>

  <Placemark>
    <Style>
      <IconStyle>
        <scale>1.242</scale>
        <color>FF95D36A</color>
        <Icon>
          <href>http://maps.google.com/mapfiles/kml/shapes/placemark_circle.png</href>
        </Icon>
      </IconStyle>
    </Style>
    <Point>
      <coordinates>140.151534220828,37.0144989874226,356.510442308347</coordinates>
      <altitudeMode>absolute</altitudeMode>
    </Point>
  </Placemark>

  <Placemark>
    <Style>
      <IconStyle>
        <scale>1.242</scale>
        <color>FF95D36A</color>
        <Icon>
          <href>http://maps.google.com/mapfiles/kml/shapes/placemark_circle.png</href>
        </Icon>
      </IconStyle>
    </Style>
    <Point>
      <coordinates>140.151534220828,37.0144989874226,356.510442308347</coordinates>
      <altitudeMode>absolute</altitudeMode>
    </Point>
  </Placemark>

  <Placemark>
    <Style>
      <IconStyle>
        <scale>1.18618181818182</scale>
        <color>FF9ACA65</color>
        <Icon>
          <href>http://maps.google.com/mapfiles/kml/shapes/placemark_circle.png</href>
        </Icon>
      </IconStyle>
    </Style>
    <Point>
      <coordinates>140.151531650775,37.0145008105855,356.510442308347</coordinates>
      <altitudeMode>absolute</altitudeMode>
    </Point>
  </Placemark>

  <Placemark>
    <Style>
      <IconStyle>
        <scale>1.18618181818182</scale>
        <color>FF9ACA65</color>
        <Icon>
          <href>http://maps.google.com/mapfiles/kml/shapes/placemark_circle.png</href>
        </Icon>
      </IconStyle>
    </Style>
    <Point>
      <coordinates>140.151531650775,37.0145008105855,356.510442308347</coordinates>
      <altitudeMode>absolute</altitudeMode>
    </Point>
  </Placemark>

  <Placemark>
    <Style>
      <IconStyle>
        <scale>1.18345454545455</scale>
        <color>FF9AC965</color>
        <Icon>
          <href>http://maps.google.com/mapfiles/kml/shapes/placemark_circle.png</href>
        </Icon>
      </IconStyle>
    </Style>
    <Point>
      <coordinates>140.151527905901,37.0145016322184,356.610442311547</coordinates>
      <altitudeMode>absolute</altitudeMode>
    </Point>
  </Placemark>

  <Placemark>
    <Style>
      <IconStyle>
        <scale>1.18345454545455</scale>
        <color>FF9AC965</color>
        <Icon>
          <href>http://maps.google.com/mapfiles/kml/shapes/placemark_circle.png</href>
        </Icon>
      </IconStyle>
    </Style>
    <Point>
      <coordinates>140.151527905901,37.0145016322184,356.610442311547</coordinates>
      <altitudeMode>absolute</altitudeMode>
    </Point>
  </Placemark>

  <Placemark>
    <Style>
      <IconStyle>
        <scale>1.16618181818182</scale>
        <color>FF9CC663</color>
        <Icon>
          <href>http://maps.google.com/mapfiles/kml/shapes/placemark_circle.png</href>
        </Icon>
      </IconStyle>
    </Style>
    <Point>
      <coordinates>140.151525911587,37.0145015405908,356.710442314747</coordinates>
      <altitudeMode>absolute</altitudeMode>
    </Point>
  </Placemark>

  <Placemark>
    <Style>
      <IconStyle>
        <scale>1.16618181818182</scale>
        <color>FF9CC663</color>
        <Icon>
          <href>http://maps.google.com/mapfiles/kml/shapes/placemark_circle.png</href>
        </Icon>
      </IconStyle>
    </Style>
    <Point>
      <coordinates>140.151525911587,37.0145015405908,356.710442314747</coordinates>
      <altitudeMode>absolute</altitudeMode>
    </Point>
  </Placemark>

  <Placemark>
    <Style>
      <IconStyle>
        <scale>1.106</scale>
        <color>FFA1BC5E</color>
        <Icon>
          <href>http://maps.google.com/mapfiles/kml/shapes/placemark_circle.png</href>
        </Icon>
      </IconStyle>
    </Style>
    <Point>
      <coordinates>140.151519570054,37.0145041264489,356.710442314747</coordinates>
      <altitudeMode>absolute</altitudeMode>
    </Point>
  </Placemark>

  <Placemark>
    <Style>
      <IconStyle>
        <scale>1.106</scale>
        <color>FFA1BC5E</color>
        <Icon>
          <href>http://maps.google.com/mapfiles/kml/shapes/placemark_circle.png</href>
        </Icon>
      </IconStyle>
    </Style>
    <Point>
      <coordinates>140.151519570054,37.0145041264489,356.710442314747</coordinates>
      <altitudeMode>absolute</altitudeMode>
    </Point>
  </Placemark>

  <Placemark>
    <Style>
      <IconStyle>
        <scale>0.897818181818182</scale>
        <color>FFB3994C</color>
        <Icon>
          <href>http://maps.google.com/mapfiles/kml/shapes/placemark_circle.png</href>
        </Icon>
      </IconStyle>
    </Style>
    <Point>
      <coordinates>140.151519129066,37.0145052289612,356.110442295547</coordinates>
      <altitudeMode>absolute</altitudeMode>
    </Point>
  </Placemark>

  <Placemark>
    <Style>
      <IconStyle>
        <scale>0.897818181818182</scale>
        <color>FFB3994C</color>
        <Icon>
          <href>http://maps.google.com/mapfiles/kml/shapes/placemark_circle.png</href>
        </Icon>
      </IconStyle>
    </Style>
    <Point>
      <coordinates>140.151519129066,37.0145052289612,356.110442295547</coordinates>
      <altitudeMode>absolute</altitudeMode>
    </Point>
  </Placemark>

  <Placemark>
    <Style>
      <IconStyle>
        <scale>0.988</scale>
        <color>FFABA854</color>
        <Icon>
          <href>http://maps.google.com/mapfiles/kml/shapes/placemark_circle.png</href>
        </Icon>
      </IconStyle>
    </Style>
    <Point>
      <coordinates>140.151514876773,37.0145075440485,355.310442269947</coordinates>
      <altitudeMode>absolute</altitudeMode>
    </Point>
  </Placemark>

  <Placemark>
    <Style>
      <IconStyle>
        <scale>0.988</scale>
        <color>FFABA854</color>
        <Icon>
          <href>http://maps.google.com/mapfiles/kml/shapes/placemark_circle.png</href>
        </Icon>
      </IconStyle>
    </Style>
    <Point>
      <coordinates>140.151514876773,37.0145075440485,355.310442269947</coordinates>
      <altitudeMode>absolute</altitudeMode>
    </Point>
  </Placemark>

  <Placemark>
    <Style>
      <IconStyle>
        <scale>1.07290909090909</scale>
        <color>FFA4B65B</color>
        <Icon>
          <href>http://maps.google.com/mapfiles/kml/shapes/placemark_circle.png</href>
        </Icon>
      </IconStyle>
    </Style>
    <Point>
      <coordinates>140.151506531485,37.0145108095064,354.310442237947</coordinates>
      <altitudeMode>absolute</altitudeMode>
    </Point>
  </Placemark>

  <Placemark>
    <Style>
      <IconStyle>
        <scale>1.07290909090909</scale>
        <color>FFA4B65B</color>
        <Icon>
          <href>http://maps.google.com/mapfiles/kml/shapes/placemark_circle.png</href>
        </Icon>
      </IconStyle>
    </Style>
    <Point>
      <coordinates>140.151506531485,37.0145108095064,354.310442237947</coordinates>
      <altitudeMode>absolute</altitudeMode>
    </Point>
  </Placemark>

  <Placemark>
    <Style>
      <IconStyle>
        <scale>1.28163636363636</scale>
        <color>FF92DA6D</color>
        <Icon>
          <href>http://maps.google.com/mapfiles/kml/shapes/placemark_circle.png</href>
        </Icon>
      </IconStyle>
    </Style>
    <Point>
      <coordinates>140.151496341224,37.0145167568704,353.610442215547</coordinates>
      <altitudeMode>absolute</altitudeMode>
    </Point>
  </Placemark>

  <Placemark>
    <Style>
      <IconStyle>
        <scale>1.28163636363636</scale>
        <color>FF92DA6D</color>
        <Icon>
          <href>http://maps.google.com/mapfiles/kml/shapes/placemark_circle.png</href>
        </Icon>
      </IconStyle>
    </Style>
    <Point>
      <coordinates>140.151496341224,37.0145167568704,353.610442215547</coordinates>
      <altitudeMode>absolute</altitudeMode>
    </Point>
  </Placemark>

  <Placemark>
    <Style>
      <IconStyle>
        <scale>1.35527272727273</scale>
        <color>FF8CE673</color>
        <Icon>
          <href>http://maps.google.com/mapfiles/kml/shapes/placemark_circle.png</href>
        </Icon>
      </IconStyle>
    </Style>
    <Point>
      <coordinates>140.151481941585,37.0145246745703,352.710442186747</coordinates>
      <altitudeMode>absolute</altitudeMode>
    </Point>
  </Placemark>

  <Placemark>
    <Style>
      <IconStyle>
        <scale>1.35527272727273</scale>
        <color>FF8CE673</color>
        <Icon>
          <href>http://maps.google.com/mapfiles/kml/shapes/placemark_circle.png</href>
        </Icon>
      </IconStyle>
    </Style>
    <Point>
      <coordinates>140.151481941585,37.0145246745703,352.710442186747</coordinates>
      <altitudeMode>absolute</altitudeMode>
    </Point>
  </Placemark>

  <Placemark>
    <Style>
      <IconStyle>
        <scale>1.45563636363636</scale>
        <color>FF83F77C</color>
        <Icon>
          <href>http://maps.google.com/mapfiles/kml/shapes/placemark_circle.png</href>
        </Icon>
      </IconStyle>
    </Style>
    <Point>
      <coordinates>140.151473736884,37.0145285427693,351.910442161147</coordinates>
      <altitudeMode>absolute</altitudeMode>
    </Point>
  </Placemark>

  <Placemark>
    <Style>
      <IconStyle>
        <scale>1.45563636363636</scale>
        <color>FF83F77C</color>
        <Icon>
          <href>http://maps.google.com/mapfiles/kml/shapes/placemark_circle.png</href>
        </Icon>
      </IconStyle>
    </Style>
    <Point>
      <coordinates>140.151473736884,37.0145285427693,351.910442161147</coordinates>
      <altitudeMode>absolute</altitudeMode>
    </Point>
  </Placemark>

  <Placemark>
    <Style>
      <IconStyle>
        <scale>1.40963636363636</scale>
        <color>FF87F078</color>
        <Icon>
          <href>http://maps.google.com/mapfiles/kml/shapes/placemark_circle.png</href>
        </Icon>
      </IconStyle>
    </Style>
    <Point>
      <coordinates>140.151465741604,37.0145326422302,351.310442141947</coordinates>
      <altitudeMode>absolute</altitudeMode>
    </Point>
  </Placemark>

  <Placemark>
    <Style>
      <IconStyle>
        <scale>1.40963636363636</scale>
        <color>FF87F078</color>
        <Icon>
          <href>http://maps.google.com/mapfiles/kml/shapes/placemark_circle.png</href>
        </Icon>
      </IconStyle>
    </Style>
    <Point>
      <coordinates>140.151465741604,37.0145326422302,351.310442141947</coordinates>
      <altitudeMode>absolute</altitudeMode>
    </Point>
  </Placemark>

  <Placemark>
    <Style>
      <IconStyle>
        <scale>1.424</scale>
        <color>FF86F279</color>
        <Icon>
          <href>http://maps.google.com/mapfiles/kml/shapes/placemark_circle.png</href>
        </Icon>
      </IconStyle>
    </Style>
    <Point>
      <coordinates>140.151454314553,37.0145387648997,350.910442129147</coordinates>
      <altitudeMode>absolute</altitudeMode>
    </Point>
  </Placemark>

  <Placemark>
    <Style>
      <IconStyle>
        <scale>1.424</scale>
        <color>FF86F279</color>
        <Icon>
          <href>http://maps.google.com/mapfiles/kml/shapes/placemark_circle.png</href>
        </Icon>
      </IconStyle>
    </Style>
    <Point>
      <coordinates>140.151454314553,37.0145387648997,350.910442129147</coordinates>
      <altitudeMode>absolute</altitudeMode>
    </Point>
  </Placemark>

  <Placemark>
    <Style>
      <IconStyle>
        <scale>1.65127272727273</scale>
        <color>FF73E58C</color>
        <Icon>
          <href>http://maps.google.com/mapfiles/kml/shapes/placemark_circle.png</href>
        </Icon>
      </IconStyle>
    </Style>
    <Point>
      <coordinates>140.151452869028,37.014539447138,350.410442113147</coordinates>
      <altitudeMode>absolute</altitudeMode>
    </Point>
  </Placemark>

  <Placemark>
    <Style>
      <IconStyle>
        <scale>1.65127272727273</scale>
        <color>FF73E58C</color>
        <Icon>
          <href>http://maps.google.com/mapfiles/kml/shapes/placemark_circle.png</href>
        </Icon>
      </IconStyle>
    </Style>
    <Point>
      <coordinates>140.151452869028,37.014539447138,350.410442113147</coordinates>
      <altitudeMode>absolute</altitudeMode>
    </Point>
  </Placemark>

  <Placemark>
    <Style>
      <IconStyle>
        <scale>1.72818181818182</scale>
        <color>FF6CD893</color>
        <Icon>
          <href>http://maps.google.com/mapfiles/kml/shapes/placemark_circle.png</href>
        </Icon>
      </IconStyle>
    </Style>
    <Point>
      <coordinates>140.151450517667,37.0145411635963,350.110442103547</coordinates>
      <altitudeMode>absolute</altitudeMode>
    </Point>
  </Placemark>

  <Placemark>
    <Style>
      <IconStyle>
        <scale>1.72818181818182</scale>
        <color>FF6CD893</color>
        <Icon>
          <href>http://maps.google.com/mapfiles/kml/shapes/placemark_circle.png</href>
        </Icon>
      </IconStyle>
    </Style>
    <Point>
      <coordinates>140.151450517667,37.0145411635963,350.110442103547</coordinates>
      <altitudeMode>absolute</altitudeMode>
    </Point>
  </Placemark>

  <Placemark>
    <Style>
      <IconStyle>
        <scale>1.64890909090909</scale>
        <color>FF73E68C</color>
        <Icon>
          <href>http://maps.google.com/mapfiles/kml/shapes/placemark_circle.png</href>
        </Icon>
      </IconStyle>
    </Style>
    <Point>
      <coordinates>140.151446543973,37.0145419481875,349.910442097147</coordinates>
      <altitudeMode>absolute</altitudeMode>
    </Point>
  </Placemark>

  <Placemark>
    <Style>
      <IconStyle>
        <scale>1.64890909090909</scale>
        <color>FF73E68C</color>
        <Icon>
          <href>http://maps.google.com/mapfiles/kml/shapes/placemark_circle.png</href>
        </Icon>
      </IconStyle>
    </Style>
    <Point>
      <coordinates>140.151446543973,37.0145419481875,349.910442097147</coordinates>
      <altitudeMode>absolute</altitudeMode>
    </Point>
  </Placemark>

  <Placemark>
    <Style>
      <IconStyle>
        <scale>1.61636363636364</scale>
        <color>FF76EB89</color>
        <Icon>
          <href>http://maps.google.com/mapfiles/kml/shapes/placemark_circle.png</href>
        </Icon>
      </IconStyle>
    </Style>
    <Point>
      <coordinates>140.151442400339,37.0145437117616,349.810442093947</coordinates>
      <altitudeMode>absolute</altitudeMode>
    </Point>
  </Placemark>

  <Placemark>
    <Style>
      <IconStyle>
        <scale>1.61636363636364</scale>
        <color>FF76EB89</color>
        <Icon>
          <href>http://maps.google.com/mapfiles/kml/shapes/placemark_circle.png</href>
        </Icon>
      </IconStyle>
    </Style>
    <Point>
      <coordinates>140.151442400339,37.0145437117616,349.810442093947</coordinates>
      <altitudeMode>absolute</altitudeMode>
    </Point>
  </Placemark>

  <Placemark>
    <Style>
      <IconStyle>
        <scale>1.64254545454545</scale>
        <color>FF73E78C</color>
        <Icon>
          <href>http://maps.google.com/mapfiles/kml/shapes/placemark_circle.png</href>
        </Icon>
      </IconStyle>
    </Style>
    <Point>
      <coordinates>140.151441223543,37.0145448856845,349.510442084347</coordinates>
      <altitudeMode>absolute</altitudeMode>
    </Point>
  </Placemark>

  <Placemark>
    <Style>
      <IconStyle>
        <scale>1.64254545454545</scale>
        <color>FF73E78C</color>
        <Icon>
          <href>http://maps.google.com/mapfiles/kml/shapes/placemark_circle.png</href>
        </Icon>
      </IconStyle>
    </Style>
    <Point>
      <coordinates>140.151441223543,37.0145448856845,349.510442084347</coordinates>
      <altitudeMode>absolute</altitudeMode>
    </Point>
  </Placemark>

  <Placemark>
    <Style>
      <IconStyle>
        <scale>1.56236363636364</scale>
        <color>FF7AF485</color>
        <Icon>
          <href>http://maps.google.com/mapfiles/kml/shapes/placemark_circle.png</href>
        </Icon>
      </IconStyle>
    </Style>
    <Point>
      <coordinates>140.151432773801,37.0145495071897,349.110442071547</coordinates>
      <altitudeMode>absolute</altitudeMode>
    </Point>
  </Placemark>

  <Placemark>
    <Style>
      <IconStyle>
        <scale>1.56236363636364</scale>
        <color>FF7AF485</color>
        <Icon>
          <href>http://maps.google.com/mapfiles/kml/shapes/placemark_circle.png</href>
        </Icon>
      </IconStyle>
    </Style>
    <Point>
      <coordinates>140.151432773801,37.0145495071897,349.110442071547</coordinates>
      <altitudeMode>absolute</altitudeMode>
    </Point>
  </Placemark>

  <Placemark>
    <Style>
      <IconStyle>
        <scale>1.28927272727273</scale>
        <color>FF91DB6E</color>
        <Icon>
          <href>http://maps.google.com/mapfiles/kml/shapes/placemark_circle.png</href>
        </Icon>
      </IconStyle>
    </Style>
    <Point>
      <coordinates>140.151412969019,37.0145580425363,348.910442065147</coordinates>
      <altitudeMode>absolute</altitudeMode>
    </Point>
  </Placemark>

  <Placemark>
    <Style>
      <IconStyle>
        <scale>1.28927272727273</scale>
        <color>FF91DB6E</color>
        <Icon>
          <href>http://maps.google.com/mapfiles/kml/shapes/placemark_circle.png</href>
        </Icon>
      </IconStyle>
    </Style>
    <Point>
      <coordinates>140.151412969019,37.0145580425363,348.910442065147</coordinates>
      <altitudeMode>absolute</altitudeMode>
    </Point>
  </Placemark>

  <Placemark>
    <Style>
      <IconStyle>
        <scale>1.166</scale>
        <color>FF9CC663</color>
        <Icon>
          <href>http://maps.google.com/mapfiles/kml/shapes/placemark_circle.png</href>
        </Icon>
      </IconStyle>
    </Style>
    <Point>
      <coordinates>140.151383882471,37.0145720730713,348.810442061947</coordinates>
      <altitudeMode>absolute</altitudeMode>
    </Point>
  </Placemark>

  <Placemark>
    <Style>
      <IconStyle>
        <scale>1.166</scale>
        <color>FF9CC663</color>
        <Icon>
          <href>http://maps.google.com/mapfiles/kml/shapes/placemark_circle.png</href>
        </Icon>
      </IconStyle>
    </Style>
    <Point>
      <coordinates>140.151383882471,37.0145720730713,348.810442061947</coordinates>
      <altitudeMode>absolute</altitudeMode>
    </Point>
  </Placemark>

  <Placemark>
    <Style>
      <IconStyle>
        <scale>0.987636363636364</scale>
        <color>FFABA854</color>
        <Icon>
          <href>http://maps.google.com/mapfiles/kml/shapes/placemark_circle.png</href>
        </Icon>
      </IconStyle>
    </Style>
    <Point>
      <coordinates>140.151365606211,37.0145801656654,348.210442042747</coordinates>
      <altitudeMode>absolute</altitudeMode>
    </Point>
  </Placemark>

  <Placemark>
    <Style>
      <IconStyle>
        <scale>0.987636363636364</scale>
        <color>FFABA854</color>
        <Icon>
          <href>http://maps.google.com/mapfiles/kml/shapes/placemark_circle.png</href>
        </Icon>
      </IconStyle>
    </Style>
    <Point>
      <coordinates>140.151365606211,37.0145801656654,348.210442042747</coordinates>
      <altitudeMode>absolute</altitudeMode>
    </Point>
  </Placemark>

  <Placemark>
    <Style>
      <IconStyle>
        <scale>1.08418181818182</scale>
        <color>FFA3B85C</color>
        <Icon>
          <href>http://maps.google.com/mapfiles/kml/shapes/placemark_circle.png</href>
        </Icon>
      </IconStyle>
    </Style>
    <Point>
      <coordinates>140.151354675249,37.0145847208999,348.110442039547</coordinates>
      <altitudeMode>absolute</altitudeMode>
    </Point>
  </Placemark>

  <Placemark>
    <Style>
      <IconStyle>
        <scale>1.08418181818182</scale>
        <color>FFA3B85C</color>
        <Icon>
          <href>http://maps.google.com/mapfiles/kml/shapes/placemark_circle.png</href>
        </Icon>
      </IconStyle>
    </Style>
    <Point>
      <coordinates>140.151354675249,37.0145847208999,348.110442039547</coordinates>
      <altitudeMode>absolute</altitudeMode>
    </Point>
  </Placemark>

  <Placemark>
    <Style>
      <IconStyle>
        <scale>0.923272727272727</scale>
        <color>FFB19D4E</color>
        <Icon>
          <href>http://maps.google.com/mapfiles/kml/shapes/placemark_circle.png</href>
        </Icon>
      </IconStyle>
    </Style>
    <Point>
      <coordinates>140.151334764812,37.0145932025858,348.110442039547</coordinates>
      <altitudeMode>absolute</altitudeMode>
    </Point>
  </Placemark>

  <Placemark>
    <Style>
      <IconStyle>
        <scale>0.923272727272727</scale>
        <color>FFB19D4E</color>
        <Icon>
          <href>http://maps.google.com/mapfiles/kml/shapes/placemark_circle.png</href>
        </Icon>
      </IconStyle>
    </Style>
    <Point>
      <coordinates>140.151334764812,37.0145932025858,348.110442039547</coordinates>
      <altitudeMode>absolute</altitudeMode>
    </Point>
  </Placemark>

  <Placemark>
    <Style>
      <IconStyle>
        <scale>0.702545454545454</scale>
        <color>FFC3773C</color>
        <Icon>
          <href>http://maps.google.com/mapfiles/kml/shapes/placemark_circle.png</href>
        </Icon>
      </IconStyle>
    </Style>
    <Point>
      <coordinates>140.15131240019,37.0146047829908,347.510442020347</coordinates>
      <altitudeMode>absolute</altitudeMode>
    </Point>
  </Placemark>

  <Placemark>
    <Style>
      <IconStyle>
        <scale>0.702545454545454</scale>
        <color>FFC3773C</color>
        <Icon>
          <href>http://maps.google.com/mapfiles/kml/shapes/placemark_circle.png</href>
        </Icon>
      </IconStyle>
    </Style>
    <Point>
      <coordinates>140.15131240019,37.0146047829908,347.510442020347</coordinates>
      <altitudeMode>absolute</altitudeMode>
    </Point>
  </Placemark>

  <Placemark>
    <Style>
      <IconStyle>
        <scale>0.551636363636363</scale>
        <color>FFD05E2F</color>
        <Icon>
          <href>http://maps.google.com/mapfiles/kml/shapes/placemark_circle.png</href>
        </Icon>
      </IconStyle>
    </Style>
    <Point>
      <coordinates>140.151285771174,37.0146189893109,346.610441991547</coordinates>
      <altitudeMode>absolute</altitudeMode>
    </Point>
  </Placemark>

  <Placemark>
    <Style>
      <IconStyle>
        <scale>0.551636363636363</scale>
        <color>FFD05E2F</color>
        <Icon>
          <href>http://maps.google.com/mapfiles/kml/shapes/placemark_circle.png</href>
        </Icon>
      </IconStyle>
    </Style>
    <Point>
      <coordinates>140.151285771174,37.0146189893109,346.610441991547</coordinates>
      <altitudeMode>absolute</altitudeMode>
    </Point>
  </Placemark>

  <Placemark>
    <Style>
      <IconStyle>
        <scale>0.572181818181818</scale>
        <color>FFCE6131</color>
        <Icon>
          <href>http://maps.google.com/mapfiles/kml/shapes/placemark_circle.png</href>
        </Icon>
      </IconStyle>
    </Style>
    <Point>
      <coordinates>140.151256965029,37.0146337322726,345.610441959547</coordinates>
      <altitudeMode>absolute</altitudeMode>
    </Point>
  </Placemark>

  <Placemark>
    <Style>
      <IconStyle>
        <scale>0.572181818181818</scale>
        <color>FFCE6131</color>
        <Icon>
          <href>http://maps.google.com/mapfiles/kml/shapes/placemark_circle.png</href>
        </Icon>
      </IconStyle>
    </Style>
    <Point>
      <coordinates>140.151256965029,37.0146337322726,345.610441959547</coordinates>
      <altitudeMode>absolute</altitudeMode>
    </Point>
  </Placemark>

  <Placemark>
    <Style>
      <IconStyle>
        <scale>0.584727272727273</scale>
        <color>FFCD6332</color>
        <Icon>
          <href>http://maps.google.com/mapfiles/kml/shapes/placemark_circle.png</href>
        </Icon>
      </IconStyle>
    </Style>
    <Point>
      <coordinates>140.151225675004,37.0146501091113,344.810441933947</coordinates>
      <altitudeMode>absolute</altitudeMode>
    </Point>
  </Placemark>

  <Placemark>
    <Style>
      <IconStyle>
        <scale>0.584727272727273</scale>
        <color>FFCD6332</color>
        <Icon>
          <href>http://maps.google.com/mapfiles/kml/shapes/placemark_circle.png</href>
        </Icon>
      </IconStyle>
    </Style>
    <Point>
      <coordinates>140.151225675004,37.0146501091113,344.810441933947</coordinates>
      <altitudeMode>absolute</altitudeMode>
    </Point>
  </Placemark>

  <Placemark>
    <Style>
      <IconStyle>
        <scale>0.466727272727273</scale>
        <color>FFD74F28</color>
        <Icon>
          <href>http://maps.google.com/mapfiles/kml/shapes/placemark_circle.png</href>
        </Icon>
      </IconStyle>
    </Style>
    <Point>
      <coordinates>140.151192967347,37.0146663791768,344.010441908347</coordinates>
      <altitudeMode>absolute</altitudeMode>
    </Point>
  </Placemark>

  <Placemark>
    <Style>
      <IconStyle>
        <scale>0.466727272727273</scale>
        <color>FFD74F28</color>
        <Icon>
          <href>http://maps.google.com/mapfiles/kml/shapes/placemark_circle.png</href>
        </Icon>
      </IconStyle>
    </Style>
    <Point>
      <coordinates>140.151192967347,37.0146663791768,344.010441908347</coordinates>
      <altitudeMode>absolute</altitudeMode>
    </Point>
  </Placemark>

  <Placemark>
    <Style>
      <IconStyle>
        <scale>0.451090909090909</scale>
        <color>FFD94D26</color>
        <Icon>
          <href>http://maps.google.com/mapfiles/kml/shapes/placemark_circle.png</href>
        </Icon>
      </IconStyle>
    </Style>
    <Point>
      <coordinates>140.151159935344,37.0146835373171,343.310441885947</coordinates>
      <altitudeMode>absolute</altitudeMode>
    </Point>
  </Placemark>

  <Placemark>
    <Style>
      <IconStyle>
        <scale>0.451090909090909</scale>
        <color>FFD94D26</color>
        <Icon>
          <href>http://maps.google.com/mapfiles/kml/shapes/placemark_circle.png</href>
        </Icon>
      </IconStyle>
    </Style>
    <Point>
      <coordinates>140.151159935344,37.0146835373171,343.310441885947</coordinates>
      <altitudeMode>absolute</altitudeMode>
    </Point>
  </Placemark>

  <Placemark>
    <Style>
      <IconStyle>
        <scale>0.442363636363636</scale>
        <color>FFD94B26</color>
        <Icon>
          <href>http://maps.google.com/mapfiles/kml/shapes/placemark_circle.png</href>
        </Icon>
      </IconStyle>
    </Style>
    <Point>
      <coordinates>140.15112912141,37.0146985964523,342.710441866747</coordinates>
      <altitudeMode>absolute</altitudeMode>
    </Point>
  </Placemark>

  <Placemark>
    <Style>
      <IconStyle>
        <scale>0.442363636363636</scale>
        <color>FFD94B26</color>
        <Icon>
          <href>http://maps.google.com/mapfiles/kml/shapes/placemark_circle.png</href>
        </Icon>
      </IconStyle>
    </Style>
    <Point>
      <coordinates>140.15112912141,37.0146985964523,342.710441866747</coordinates>
      <altitudeMode>absolute</altitudeMode>
    </Point>
  </Placemark>

  <Placemark>
    <Style>
      <IconStyle>
        <scale>0.435454545454546</scale>
        <color>FFDA4A25</color>
        <Icon>
          <href>http://maps.google.com/mapfiles/kml/shapes/placemark_circle.png</href>
        </Icon>
      </IconStyle>
    </Style>
    <Point>
      <coordinates>140.151103225285,37.0147122748344,341.810441837947</coordinates>
      <altitudeMode>absolute</altitudeMode>
    </Point>
  </Placemark>

  <Placemark>
    <Style>
      <IconStyle>
        <scale>0.435454545454546</scale>
        <color>FFDA4A25</color>
        <Icon>
          <href>http://maps.google.com/mapfiles/kml/shapes/placemark_circle.png</href>
        </Icon>
      </IconStyle>
    </Style>
    <Point>
      <coordinates>140.151103225285,37.0147122748344,341.810441837947</coordinates>
      <altitudeMode>absolute</altitudeMode>
    </Point>
  </Placemark>

  <Placemark>
    <Style>
      <IconStyle>
        <scale>0.416363636363637</scale>
        <color>FFDC4723</color>
        <Icon>
          <href>http://maps.google.com/mapfiles/kml/shapes/placemark_circle.png</href>
        </Icon>
      </IconStyle>
    </Style>
    <Point>
      <coordinates>140.151081613552,37.0147223653829,340.810441805947</coordinates>
      <altitudeMode>absolute</altitudeMode>
    </Point>
  </Placemark>

  <Placemark>
    <Style>
      <IconStyle>
        <scale>0.416363636363637</scale>
        <color>FFDC4723</color>
        <Icon>
          <href>http://maps.google.com/mapfiles/kml/shapes/placemark_circle.png</href>
        </Icon>
      </IconStyle>
    </Style>
    <Point>
      <coordinates>140.151081613552,37.0147223653829,340.810441805947</coordinates>
      <altitudeMode>absolute</altitudeMode>
    </Point>
  </Placemark>

  <Placemark>
    <Style>
      <IconStyle>
        <scale>0.418181818181818</scale>
        <color>FFDB4724</color>
        <Icon>
          <href>http://maps.google.com/mapfiles/kml/shapes/placemark_circle.png</href>
        </Icon>
      </IconStyle>
    </Style>
    <Point>
      <coordinates>140.151067159154,37.0147287467958,339.610441767547</coordinates>
      <altitudeMode>absolute</altitudeMode>
    </Point>
  </Placemark>

  <Placemark>
    <Style>
      <IconStyle>
        <scale>0.418181818181818</scale>
        <color>FFDB4724</color>
        <Icon>
          <href>http://maps.google.com/mapfiles/kml/shapes/placemark_circle.png</href>
        </Icon>
      </IconStyle>
    </Style>
    <Point>
      <coordinates>140.151067159154,37.0147287467958,339.610441767547</coordinates>
      <altitudeMode>absolute</altitudeMode>
    </Point>
  </Placemark>

  <Placemark>
    <Style>
      <IconStyle>
        <scale>0.602545454545455</scale>
        <color>FFCC6633</color>
        <Icon>
          <href>http://maps.google.com/mapfiles/kml/shapes/placemark_circle.png</href>
        </Icon>
      </IconStyle>
    </Style>
    <Point>
      <coordinates>140.15105937776,37.0147318897524,339.310441757947</coordinates>
      <altitudeMode>absolute</altitudeMode>
    </Point>
  </Placemark>

  <Placemark>
    <Style>
      <IconStyle>
        <scale>0.602545454545455</scale>
        <color>FFCC6633</color>
        <Icon>
          <href>http://maps.google.com/mapfiles/kml/shapes/placemark_circle.png</href>
        </Icon>
      </IconStyle>
    </Style>
    <Point>
      <coordinates>140.15105937776,37.0147318897524,339.310441757947</coordinates>
      <altitudeMode>absolute</altitudeMode>
    </Point>
  </Placemark>

  <Placemark>
    <Style>
      <IconStyle>
        <scale>0.700363636363637</scale>
        <color>FFC3773C</color>
        <Icon>
          <href>http://maps.google.com/mapfiles/kml/shapes/placemark_circle.png</href>
        </Icon>
      </IconStyle>
    </Style>
    <Point>
      <coordinates>140.151059284206,37.0147317572796,339.510441764347</coordinates>
      <altitudeMode>absolute</altitudeMode>
    </Point>
  </Placemark>

  <Placemark>
    <Style>
      <IconStyle>
        <scale>0.700363636363637</scale>
        <color>FFC3773C</color>
        <Icon>
          <href>http://maps.google.com/mapfiles/kml/shapes/placemark_circle.png</href>
        </Icon>
      </IconStyle>
    </Style>
    <Point>
      <coordinates>140.151059284206,37.0147317572796,339.510441764347</coordinates>
      <altitudeMode>absolute</altitudeMode>
    </Point>
  </Placemark>

  <Placemark>
    <Style>
      <IconStyle>
        <scale>0.936181818181819</scale>
        <color>FFAF9F50</color>
        <Icon>
          <href>http://maps.google.com/mapfiles/kml/shapes/placemark_circle.png</href>
        </Icon>
      </IconStyle>
    </Style>
    <Point>
      <coordinates>140.151060631973,37.0147318368113,339.610441767547</coordinates>
      <altitudeMode>absolute</altitudeMode>
    </Point>
  </Placemark>

  <Placemark>
    <Style>
      <IconStyle>
        <scale>0.936181818181819</scale>
        <color>FFAF9F50</color>
        <Icon>
          <href>http://maps.google.com/mapfiles/kml/shapes/placemark_circle.png</href>
        </Icon>
      </IconStyle>
    </Style>
    <Point>
      <coordinates>140.151060631973,37.0147318368113,339.610441767547</coordinates>
      <altitudeMode>absolute</altitudeMode>
    </Point>
  </Placemark>

  <Placemark>
    <Style>
      <IconStyle>
        <scale>0.917090909090909</scale>
        <color>FFB19C4E</color>
        <Icon>
          <href>http://maps.google.com/mapfiles/kml/shapes/placemark_circle.png</href>
        </Icon>
      </IconStyle>
    </Style>
    <Point>
      <coordinates>140.151056809081,37.014733919026,339.910441777147</coordinates>
      <altitudeMode>absolute</altitudeMode>
    </Point>
  </Placemark>

  <Placemark>
    <Style>
      <IconStyle>
        <scale>0.917090909090909</scale>
        <color>FFB19C4E</color>
        <Icon>
          <href>http://maps.google.com/mapfiles/kml/shapes/placemark_circle.png</href>
        </Icon>
      </IconStyle>
    </Style>
    <Point>
      <coordinates>140.151056809081,37.014733919026,339.910441777147</coordinates>
      <altitudeMode>absolute</altitudeMode>
    </Point>
  </Placemark>

  <Placemark>
    <Style>
      <IconStyle>
        <scale>1.08709090909091</scale>
        <color>FFA3B95C</color>
        <Icon>
          <href>http://maps.google.com/mapfiles/kml/shapes/placemark_circle.png</href>
        </Icon>
      </IconStyle>
    </Style>
    <Point>
      <coordinates>140.15104599888,37.0147386390806,340.410441793147</coordinates>
      <altitudeMode>absolute</altitudeMode>
    </Point>
  </Placemark>

  <Placemark>
    <Style>
      <IconStyle>
        <scale>1.08709090909091</scale>
        <color>FFA3B95C</color>
        <Icon>
          <href>http://maps.google.com/mapfiles/kml/shapes/placemark_circle.png</href>
        </Icon>
      </IconStyle>
    </Style>
    <Point>
      <coordinates>140.15104599888,37.0147386390806,340.410441793147</coordinates>
      <altitudeMode>absolute</altitudeMode>
    </Point>
  </Placemark>

  <Placemark>
    <Style>
      <IconStyle>
        <scale>1.32</scale>
        <color>FF8FE070</color>
        <Icon>
          <href>http://maps.google.com/mapfiles/kml/shapes/placemark_circle.png</href>
        </Icon>
      </IconStyle>
    </Style>
    <Point>
      <coordinates>140.151026871028,37.0147470878881,340.610441799547</coordinates>
      <altitudeMode>absolute</altitudeMode>
    </Point>
  </Placemark>

  <Placemark>
    <Style>
      <IconStyle>
        <scale>1.32</scale>
        <color>FF8FE070</color>
        <Icon>
          <href>http://maps.google.com/mapfiles/kml/shapes/placemark_circle.png</href>
        </Icon>
      </IconStyle>
    </Style>
    <Point>
      <coordinates>140.151026871028,37.0147470878881,340.610441799547</coordinates>
      <altitudeMode>absolute</altitudeMode>
    </Point>
  </Placemark>

  <Placemark>
    <Style>
      <IconStyle>
        <scale>1.36855985665871</scale>
        <color>FF8BE974</color>
        <Icon>
          <href>http://maps.google.com/mapfiles/kml/shapes/placemark_circle.png</href>
        </Icon>
      </IconStyle>
    </Style>
    <Point>
      <coordinates>140.15100338291,37.0147562881516,340.310441789947</coordinates>
      <altitudeMode>absolute</altitudeMode>
    </Point>
  </Placemark>

  <Placemark>
    <Style>
      <IconStyle>
        <scale>1.36855985665871</scale>
        <color>FF8BE974</color>
        <Icon>
          <href>http://maps.google.com/mapfiles/kml/shapes/placemark_circle.png</href>
        </Icon>
      </IconStyle>
    </Style>
    <Point>
      <coordinates>140.15100338291,37.0147562881516,340.310441789947</coordinates>
      <altitudeMode>absolute</altitudeMode>
    </Point>
  </Placemark>

  <Placemark>
    <Style>
      <IconStyle>
        <scale>1.59282982692382</scale>
        <color>FF78EF87</color>
        <Icon>
          <href>http://maps.google.com/mapfiles/kml/shapes/placemark_circle.png</href>
        </Icon>
      </IconStyle>
    </Style>
    <Point>
      <coordinates>140.150983751415,37.0147659353308,339.710441770747</coordinates>
      <altitudeMode>absolute</altitudeMode>
    </Point>
  </Placemark>

  <Placemark>
    <Style>
      <IconStyle>
        <scale>1.59282982692382</scale>
        <color>FF78EF87</color>
        <Icon>
          <href>http://maps.google.com/mapfiles/kml/shapes/placemark_circle.png</href>
        </Icon>
      </IconStyle>
    </Style>
    <Point>
      <coordinates>140.150983751415,37.0147659353308,339.710441770747</coordinates>
      <altitudeMode>absolute</altitudeMode>
    </Point>
  </Placemark>

  <Placemark>
    <Style>
      <IconStyle>
        <scale>1.64864800874201</scale>
        <color>FF73E68C</color>
        <Icon>
          <href>http://maps.google.com/mapfiles/kml/shapes/placemark_circle.png</href>
        </Icon>
      </IconStyle>
    </Style>
    <Point>
      <coordinates>140.150983186663,37.0147669370664,338.910441745147</coordinates>
      <altitudeMode>absolute</altitudeMode>
    </Point>
  </Placemark>

  <Placemark>
    <Style>
      <IconStyle>
        <scale>1.64864800874201</scale>
        <color>FF73E68C</color>
        <Icon>
          <href>http://maps.google.com/mapfiles/kml/shapes/placemark_circle.png</href>
        </Icon>
      </IconStyle>
    </Style>
    <Point>
      <coordinates>140.150983186663,37.0147669370664,338.910441745147</coordinates>
      <altitudeMode>absolute</altitudeMode>
    </Point>
  </Placemark>

  <Placemark>
    <Style>
      <IconStyle>
        <scale>1.78937528146928</scale>
        <color>FF67CE98</color>
        <Icon>
          <href>http://maps.google.com/mapfiles/kml/shapes/placemark_circle.png</href>
        </Icon>
      </IconStyle>
    </Style>
    <Point>
      <coordinates>140.150983080064,37.014766559608,338.310441725947</coordinates>
      <altitudeMode>absolute</altitudeMode>
    </Point>
  </Placemark>

  <Placemark>
    <Style>
      <IconStyle>
        <scale>1.78937528146928</scale>
        <color>FF67CE98</color>
        <Icon>
          <href>http://maps.google.com/mapfiles/kml/shapes/placemark_circle.png</href>
        </Icon>
      </IconStyle>
    </Style>
    <Point>
      <coordinates>140.150983080064,37.014766559608,338.310441725947</coordinates>
      <altitudeMode>absolute</altitudeMode>
    </Point>
  </Placemark>

  <Placemark>
    <Style>
      <IconStyle>
        <scale>1.73664800874201</scale>
        <color>FF6BD794</color>
        <Icon>
          <href>http://maps.google.com/mapfiles/kml/shapes/placemark_circle.png</href>
        </Icon>
      </IconStyle>
    </Style>
    <Point>
      <coordinates>140.150982823179,37.014766542869,338.210441722747</coordinates>
      <altitudeMode>absolute</altitudeMode>
    </Point>
  </Placemark>

  <Placemark>
    <Style>
      <IconStyle>
        <scale>1.73664800874201</scale>
        <color>FF6BD794</color>
        <Icon>
          <href>http://maps.google.com/mapfiles/kml/shapes/placemark_circle.png</href>
        </Icon>
      </IconStyle>
    </Style>
    <Point>
      <coordinates>140.150982823179,37.014766542869,338.210441722747</coordinates>
      <altitudeMode>absolute</altitudeMode>
    </Point>
  </Placemark>

  <Placemark>
    <Style>
      <IconStyle>
        <scale>1.7215570996511</scale>
        <color>FF6DD992</color>
        <Icon>
          <href>http://maps.google.com/mapfiles/kml/shapes/placemark_circle.png</href>
        </Icon>
      </IconStyle>
    </Style>
    <Point>
      <coordinates>140.150976395044,37.0147676862608,338.210441722747</coordinates>
      <altitudeMode>absolute</altitudeMode>
    </Point>
  </Placemark>

  <Placemark>
    <Style>
      <IconStyle>
        <scale>1.7215570996511</scale>
        <color>FF6DD992</color>
        <Icon>
          <href>http://maps.google.com/mapfiles/kml/shapes/placemark_circle.png</href>
        </Icon>
      </IconStyle>
    </Style>
    <Point>
      <coordinates>140.150976395044,37.0147676862608,338.210441722747</coordinates>
      <altitudeMode>absolute</altitudeMode>
    </Point>
  </Placemark>

  <Placemark>
    <Style>
      <IconStyle>
        <scale>1.54101164510564</scale>
        <color>FF7CF883</color>
        <Icon>
          <href>http://maps.google.com/mapfiles/kml/shapes/placemark_circle.png</href>
        </Icon>
      </IconStyle>
    </Style>
    <Point>
      <coordinates>140.150973518927,37.0147692874135,338.210441722747</coordinates>
      <altitudeMode>absolute</altitudeMode>
    </Point>
  </Placemark>

  <Placemark>
    <Style>
      <IconStyle>
        <scale>1.54101164510564</scale>
        <color>FF7CF883</color>
        <Icon>
          <href>http://maps.google.com/mapfiles/kml/shapes/placemark_circle.png</href>
        </Icon>
      </IconStyle>
    </Style>
    <Point>
      <coordinates>140.150973518927,37.0147692874135,338.210441722747</coordinates>
      <altitudeMode>absolute</altitudeMode>
    </Point>
  </Placemark>

  <Placemark>
    <Style>
      <IconStyle>
        <scale>1.36573891783291</scale>
        <color>FF8BE874</color>
        <Icon>
          <href>http://maps.google.com/mapfiles/kml/shapes/placemark_circle.png</href>
        </Icon>
      </IconStyle>
    </Style>
    <Point>
      <coordinates>140.150970088615,37.0147698910797,338.110441719547</coordinates>
      <altitudeMode>absolute</altitudeMode>
    </Point>
  </Placemark>

  <Placemark>
    <Style>
      <IconStyle>
        <scale>1.36573891783291</scale>
        <color>FF8BE874</color>
        <Icon>
          <href>http://maps.google.com/mapfiles/kml/shapes/placemark_circle.png</href>
        </Icon>
      </IconStyle>
    </Style>
    <Point>
      <coordinates>140.150970088615,37.0147698910797,338.110441719547</coordinates>
      <altitudeMode>absolute</altitudeMode>
    </Point>
  </Placemark>

  <Placemark>
    <Style>
      <IconStyle>
        <scale>1.3475570996511</scale>
        <color>FF8CE573</color>
        <Icon>
          <href>http://maps.google.com/mapfiles/kml/shapes/placemark_circle.png</href>
        </Icon>
      </IconStyle>
    </Style>
    <Point>
      <coordinates>140.150967006509,37.0147694006288,338.010441716347</coordinates>
      <altitudeMode>absolute</altitudeMode>
    </Point>
  </Placemark>

  <Placemark>
    <Style>
      <IconStyle>
        <scale>1.3475570996511</scale>
        <color>FF8CE573</color>
        <Icon>
          <href>http://maps.google.com/mapfiles/kml/shapes/placemark_circle.png</href>
        </Icon>
      </IconStyle>
    </Style>
    <Point>
      <coordinates>140.150967006509,37.0147694006288,338.010441716347</coordinates>
      <altitudeMode>absolute</altitudeMode>
    </Point>
  </Placemark>

  <Placemark>
    <Style>
      <IconStyle>
        <scale>1.26337528146928</scale>
        <color>FF94D76B</color>
        <Icon>
          <href>http://maps.google.com/mapfiles/kml/shapes/placemark_circle.png</href>
        </Icon>
      </IconStyle>
    </Style>
    <Point>
      <coordinates>140.150966120929,37.0147693592525,337.810441709947</coordinates>
      <altitudeMode>absolute</altitudeMode>
    </Point>
  </Placemark>

  <Placemark>
    <Style>
      <IconStyle>
        <scale>1.26337528146928</scale>
        <color>FF94D76B</color>
        <Icon>
          <href>http://maps.google.com/mapfiles/kml/shapes/placemark_circle.png</href>
        </Icon>
      </IconStyle>
    </Style>
    <Point>
      <coordinates>140.150966120929,37.0147693592525,337.810441709947</coordinates>
      <altitudeMode>absolute</altitudeMode>
    </Point>
  </Placemark>

  <Placemark>
    <Style>
      <IconStyle>
        <scale>1.04228437237837</scale>
        <color>FFA6B159</color>
        <Icon>
          <href>http://maps.google.com/mapfiles/kml/shapes/placemark_circle.png</href>
        </Icon>
      </IconStyle>
    </Style>
    <Point>
      <coordinates>140.150962550802,37.0147700360596,337.710441706747</coordinates>
      <altitudeMode>absolute</altitudeMode>
    </Point>
  </Placemark>

  <Placemark>
    <Style>
      <IconStyle>
        <scale>1.04228437237837</scale>
        <color>FFA6B159</color>
        <Icon>
          <href>http://maps.google.com/mapfiles/kml/shapes/placemark_circle.png</href>
        </Icon>
      </IconStyle>
    </Style>
    <Point>
      <coordinates>140.150962550802,37.0147700360596,337.710441706747</coordinates>
      <altitudeMode>absolute</altitudeMode>
    </Point>
  </Placemark>

  <Placemark>
    <Style>
      <IconStyle>
        <scale>1.03899724299238</scale>
        <color>FFA7B158</color>
        <Icon>
          <href>http://maps.google.com/mapfiles/kml/shapes/placemark_circle.png</href>
        </Icon>
      </IconStyle>
    </Style>
    <Point>
      <coordinates>140.150955547272,37.0147724150532,337.510441700347</coordinates>
      <altitudeMode>absolute</altitudeMode>
    </Point>
  </Placemark>

  <Placemark>
    <Style>
      <IconStyle>
        <scale>1.03899724299238</scale>
        <color>FFA7B158</color>
        <Icon>
          <href>http://maps.google.com/mapfiles/kml/shapes/placemark_circle.png</href>
        </Icon>
      </IconStyle>
    </Style>
    <Point>
      <coordinates>140.150955547272,37.0147724150532,337.510441700347</coordinates>
      <altitudeMode>absolute</altitudeMode>
    </Point>
  </Placemark>

  <Placemark>
    <Style>
      <IconStyle>
        <scale>0.849272727272728</scale>
        <color>FFB79048</color>
        <Icon>
          <href>http://maps.google.com/mapfiles/kml/shapes/placemark_circle.png</href>
        </Icon>
      </IconStyle>
    </Style>
    <Point>
      <coordinates>140.150948293552,37.0147763629208,337.010441684347</coordinates>
      <altitudeMode>absolute</altitudeMode>
    </Point>
  </Placemark>

  <Placemark>
    <Style>
      <IconStyle>
        <scale>0.849272727272728</scale>
        <color>FFB79048</color>
        <Icon>
          <href>http://maps.google.com/mapfiles/kml/shapes/placemark_circle.png</href>
        </Icon>
      </IconStyle>
    </Style>
    <Point>
      <coordinates>140.150948293552,37.0147763629208,337.010441684347</coordinates>
      <altitudeMode>absolute</altitudeMode>
    </Point>
  </Placemark>

  <Placemark>
    <Style>
      <IconStyle>
        <scale>0.866727272727273</scale>
        <color>FFB5934A</color>
        <Icon>
          <href>http://maps.google.com/mapfiles/kml/shapes/placemark_circle.png</href>
        </Icon>
      </IconStyle>
    </Style>
    <Point>
      <coordinates>140.150938805713,37.0147792140501,336.410441665147</coordinates>
      <altitudeMode>absolute</altitudeMode>
    </Point>
  </Placemark>

  <Placemark>
    <Style>
      <IconStyle>
        <scale>0.866727272727273</scale>
        <color>FFB5934A</color>
        <Icon>
          <href>http://maps.google.com/mapfiles/kml/shapes/placemark_circle.png</href>
        </Icon>
      </IconStyle>
    </Style>
    <Point>
      <coordinates>140.150938805713,37.0147792140501,336.410441665147</coordinates>
      <altitudeMode>absolute</altitudeMode>
    </Point>
  </Placemark>

  <Placemark>
    <Style>
      <IconStyle>
        <scale>0.763454545454546</scale>
        <color>FFBE8241</color>
        <Icon>
          <href>http://maps.google.com/mapfiles/kml/shapes/placemark_circle.png</href>
        </Icon>
      </IconStyle>
    </Style>
    <Point>
      <coordinates>140.150920119449,37.0147851209287,335.910441649147</coordinates>
      <altitudeMode>absolute</altitudeMode>
    </Point>
  </Placemark>

  <Placemark>
    <Style>
      <IconStyle>
        <scale>0.763454545454546</scale>
        <color>FFBE8241</color>
        <Icon>
          <href>http://maps.google.com/mapfiles/kml/shapes/placemark_circle.png</href>
        </Icon>
      </IconStyle>
    </Style>
    <Point>
      <coordinates>140.150920119449,37.0147851209287,335.910441649147</coordinates>
      <altitudeMode>absolute</altitudeMode>
    </Point>
  </Placemark>

  <Placemark>
    <Style>
      <IconStyle>
        <scale>0.765636363636364</scale>
        <color>FFBE8241</color>
        <Icon>
          <href>http://maps.google.com/mapfiles/kml/shapes/placemark_circle.png</href>
        </Icon>
      </IconStyle>
    </Style>
    <Point>
      <coordinates>140.150899598341,37.0147915615877,335.710441642747</coordinates>
      <altitudeMode>absolute</altitudeMode>
    </Point>
  </Placemark>

  <Placemark>
    <Style>
      <IconStyle>
        <scale>0.765636363636364</scale>
        <color>FFBE8241</color>
        <Icon>
          <href>http://maps.google.com/mapfiles/kml/shapes/placemark_circle.png</href>
        </Icon>
      </IconStyle>
    </Style>
    <Point>
      <coordinates>140.150899598341,37.0147915615877,335.710441642747</coordinates>
      <altitudeMode>absolute</altitudeMode>
    </Point>
  </Placemark>

  <Placemark>
    <Style>
      <IconStyle>
        <scale>0.597818181818182</scale>
        <color>FFCC6633</color>
        <Icon>
          <href>http://maps.google.com/mapfiles/kml/shapes/placemark_circle.png</href>
        </Icon>
      </IconStyle>
    </Style>
    <Point>
      <coordinates>140.150895070366,37.0147932828432,335.810441645947</coordinates>
      <altitudeMode>absolute</altitudeMode>
    </Point>
  </Placemark>

  <Placemark>
    <Style>
      <IconStyle>
        <scale>0.597818181818182</scale>
        <color>FFCC6633</color>
        <Icon>
          <href>http://maps.google.com/mapfiles/kml/shapes/placemark_circle.png</href>
        </Icon>
      </IconStyle>
    </Style>
    <Point>
      <coordinates>140.150895070366,37.0147932828432,335.810441645947</coordinates>
      <altitudeMode>absolute</altitudeMode>
    </Point>
  </Placemark>

  <Placemark>
    <Style>
      <IconStyle>
        <scale>0.667272727272728</scale>
        <color>FFC67139</color>
        <Icon>
          <href>http://maps.google.com/mapfiles/kml/shapes/placemark_circle.png</href>
        </Icon>
      </IconStyle>
    </Style>
    <Point>
      <coordinates>140.150895622416,37.014793164488,335.810441645947</coordinates>
      <altitudeMode>absolute</altitudeMode>
    </Point>
  </Placemark>

  <Placemark>
    <Style>
      <IconStyle>
        <scale>0.667272727272728</scale>
        <color>FFC67139</color>
        <Icon>
          <href>http://maps.google.com/mapfiles/kml/shapes/placemark_circle.png</href>
        </Icon>
      </IconStyle>
    </Style>
    <Point>
      <coordinates>140.150895622416,37.014793164488,335.810441645947</coordinates>
      <altitudeMode>absolute</altitudeMode>
    </Point>
  </Placemark>

  <Placemark>
    <Style>
      <IconStyle>
        <scale>0.659818181818182</scale>
        <color>FFC77038</color>
        <Icon>
          <href>http://maps.google.com/mapfiles/kml/shapes/placemark_circle.png</href>
        </Icon>
      </IconStyle>
    </Style>
    <Point>
      <coordinates>140.150890255209,37.0147954843554,335.910441649147</coordinates>
      <altitudeMode>absolute</altitudeMode>
    </Point>
  </Placemark>

  <Placemark>
    <Style>
      <IconStyle>
        <scale>0.659818181818182</scale>
        <color>FFC77038</color>
        <Icon>
          <href>http://maps.google.com/mapfiles/kml/shapes/placemark_circle.png</href>
        </Icon>
      </IconStyle>
    </Style>
    <Point>
      <coordinates>140.150890255209,37.0147954843554,335.910441649147</coordinates>
      <altitudeMode>absolute</altitudeMode>
    </Point>
  </Placemark>

  <Placemark>
    <Style>
      <IconStyle>
        <scale>0.716</scale>
        <color>FFC27A3D</color>
        <Icon>
          <href>http://maps.google.com/mapfiles/kml/shapes/placemark_circle.png</href>
        </Icon>
      </IconStyle>
    </Style>
    <Point>
      <coordinates>140.150876181804,37.0148001762946,335.710441642747</coordinates>
      <altitudeMode>absolute</altitudeMode>
    </Point>
  </Placemark>

  <Placemark>
    <Style>
      <IconStyle>
        <scale>0.716</scale>
        <color>FFC27A3D</color>
        <Icon>
          <href>http://maps.google.com/mapfiles/kml/shapes/placemark_circle.png</href>
        </Icon>
      </IconStyle>
    </Style>
    <Point>
      <coordinates>140.150876181804,37.0148001762946,335.710441642747</coordinates>
      <altitudeMode>absolute</altitudeMode>
    </Point>
  </Placemark>

  <Placemark>
    <Style>
      <IconStyle>
        <scale>0.634</scale>
        <color>FFC96C36</color>
        <Icon>
          <href>http://maps.google.com/mapfiles/kml/shapes/placemark_circle.png</href>
        </Icon>
      </IconStyle>
    </Style>
    <Point>
      <coordinates>140.150872101855,37.0148014907085,335.410441633147</coordinates>
      <altitudeMode>absolute</altitudeMode>
    </Point>
  </Placemark>

  <Placemark>
    <Style>
      <IconStyle>
        <scale>0.634</scale>
        <color>FFC96C36</color>
        <Icon>
          <href>http://maps.google.com/mapfiles/kml/shapes/placemark_circle.png</href>
        </Icon>
      </IconStyle>
    </Style>
    <Point>
      <coordinates>140.150872101855,37.0148014907085,335.410441633147</coordinates>
      <altitudeMode>absolute</altitudeMode>
    </Point>
  </Placemark>

  <Placemark>
    <Style>
      <IconStyle>
        <scale>0.739818181818182</scale>
        <color>FFC07E3F</color>
        <Icon>
          <href>http://maps.google.com/mapfiles/kml/shapes/placemark_circle.png</href>
        </Icon>
      </IconStyle>
    </Style>
    <Point>
      <coordinates>140.150864799985,37.0148040688054,335.210441626747</coordinates>
      <altitudeMode>absolute</altitudeMode>
    </Point>
  </Placemark>

  <Placemark>
    <Style>
      <IconStyle>
        <scale>0.739818181818182</scale>
        <color>FFC07E3F</color>
        <Icon>
          <href>http://maps.google.com/mapfiles/kml/shapes/placemark_circle.png</href>
        </Icon>
      </IconStyle>
    </Style>
    <Point>
      <coordinates>140.150864799985,37.0148040688054,335.210441626747</coordinates>
      <altitudeMode>absolute</altitudeMode>
    </Point>
  </Placemark>

  <Placemark>
    <Style>
      <IconStyle>
        <scale>0.799636363636364</scale>
        <color>FFBB8844</color>
        <Icon>
          <href>http://maps.google.com/mapfiles/kml/shapes/placemark_circle.png</href>
        </Icon>
      </IconStyle>
    </Style>
    <Point>
      <coordinates>140.150859210825,37.0148055151952,335.010441620347</coordinates>
      <altitudeMode>absolute</altitudeMode>
    </Point>
  </Placemark>

  <Placemark>
    <Style>
      <IconStyle>
        <scale>0.799636363636364</scale>
        <color>FFBB8844</color>
        <Icon>
          <href>http://maps.google.com/mapfiles/kml/shapes/placemark_circle.png</href>
        </Icon>
      </IconStyle>
    </Style>
    <Point>
      <coordinates>140.150859210825,37.0148055151952,335.010441620347</coordinates>
      <altitudeMode>absolute</altitudeMode>
    </Point>
  </Placemark>

  <Placemark>
    <Style>
      <IconStyle>
        <scale>0.839818181818182</scale>
        <color>FFB88F47</color>
        <Icon>
          <href>http://maps.google.com/mapfiles/kml/shapes/placemark_circle.png</href>
        </Icon>
      </IconStyle>
    </Style>
    <Point>
      <coordinates>140.150851540665,37.0148068819677,334.910441617147</coordinates>
      <altitudeMode>absolute</altitudeMode>
    </Point>
  </Placemark>

  <Placemark>
    <Style>
      <IconStyle>
        <scale>0.839818181818182</scale>
        <color>FFB88F47</color>
        <Icon>
          <href>http://maps.google.com/mapfiles/kml/shapes/placemark_circle.png</href>
        </Icon>
      </IconStyle>
    </Style>
    <Point>
      <coordinates>140.150851540665,37.0148068819677,334.910441617147</coordinates>
      <altitudeMode>absolute</altitudeMode>
    </Point>
  </Placemark>

  <Placemark>
    <Style>
      <IconStyle>
        <scale>0.846181818181818</scale>
        <color>FFB79048</color>
        <Icon>
          <href>http://maps.google.com/mapfiles/kml/shapes/placemark_circle.png</href>
        </Icon>
      </IconStyle>
    </Style>
    <Point>
      <coordinates>140.150829331822,37.014813935579,335.010441620347</coordinates>
      <altitudeMode>absolute</altitudeMode>
    </Point>
  </Placemark>

  <Placemark>
    <Style>
      <IconStyle>
        <scale>0.846181818181818</scale>
        <color>FFB79048</color>
        <Icon>
          <href>http://maps.google.com/mapfiles/kml/shapes/placemark_circle.png</href>
        </Icon>
      </IconStyle>
    </Style>
    <Point>
      <coordinates>140.150829331822,37.014813935579,335.010441620347</coordinates>
      <altitudeMode>absolute</altitudeMode>
    </Point>
  </Placemark>

  <Placemark>
    <Style>
      <IconStyle>
        <scale>0.839818181818182</scale>
        <color>FFB88F47</color>
        <Icon>
          <href>http://maps.google.com/mapfiles/kml/shapes/placemark_circle.png</href>
        </Icon>
      </IconStyle>
    </Style>
    <Point>
      <coordinates>140.150798146079,37.0148245207932,334.910441617147</coordinates>
      <altitudeMode>absolute</altitudeMode>
    </Point>
  </Placemark>

  <Placemark>
    <Style>
      <IconStyle>
        <scale>0.839818181818182</scale>
        <color>FFB88F47</color>
        <Icon>
          <href>http://maps.google.com/mapfiles/kml/shapes/placemark_circle.png</href>
        </Icon>
      </IconStyle>
    </Style>
    <Point>
      <coordinates>140.150798146079,37.0148245207932,334.910441617147</coordinates>
      <altitudeMode>absolute</altitudeMode>
    </Point>
  </Placemark>

  <Placemark>
    <Style>
      <IconStyle>
        <scale>0.847272727272727</scale>
        <color>FFB79048</color>
        <Icon>
          <href>http://maps.google.com/mapfiles/kml/shapes/placemark_circle.png</href>
        </Icon>
      </IconStyle>
    </Style>
    <Point>
      <coordinates>140.150780876931,37.0148302175519,334.710441610747</coordinates>
      <altitudeMode>absolute</altitudeMode>
    </Point>
  </Placemark>

  <Placemark>
    <Style>
      <IconStyle>
        <scale>0.847272727272727</scale>
        <color>FFB79048</color>
        <Icon>
          <href>http://maps.google.com/mapfiles/kml/shapes/placemark_circle.png</href>
        </Icon>
      </IconStyle>
    </Style>
    <Point>
      <coordinates>140.150780876931,37.0148302175519,334.710441610747</coordinates>
      <altitudeMode>absolute</altitudeMode>
    </Point>
  </Placemark>

  <Placemark>
    <Style>
      <IconStyle>
        <scale>0.901454545454546</scale>
        <color>FFB2994D</color>
        <Icon>
          <href>http://maps.google.com/mapfiles/kml/shapes/placemark_circle.png</href>
        </Icon>
      </IconStyle>
    </Style>
    <Point>
      <coordinates>140.15076426154,37.014835082278,334.710441610747</coordinates>
      <altitudeMode>absolute</altitudeMode>
    </Point>
  </Placemark>

  <Placemark>
    <Style>
      <IconStyle>
        <scale>0.901454545454546</scale>
        <color>FFB2994D</color>
        <Icon>
          <href>http://maps.google.com/mapfiles/kml/shapes/placemark_circle.png</href>
        </Icon>
      </IconStyle>
    </Style>
    <Point>
      <coordinates>140.15076426154,37.014835082278,334.710441610747</coordinates>
      <altitudeMode>absolute</altitudeMode>
    </Point>
  </Placemark>

  <Placemark>
    <Style>
      <IconStyle>
        <scale>0.808909090909091</scale>
        <color>FFBA8A45</color>
        <Icon>
          <href>http://maps.google.com/mapfiles/kml/shapes/placemark_circle.png</href>
        </Icon>
      </IconStyle>
    </Style>
    <Point>
      <coordinates>140.150747502644,37.0148405269924,334.810441613947</coordinates>
      <altitudeMode>absolute</altitudeMode>
    </Point>
  </Placemark>

  <Placemark>
    <Style>
      <IconStyle>
        <scale>0.808909090909091</scale>
        <color>FFBA8A45</color>
        <Icon>
          <href>http://maps.google.com/mapfiles/kml/shapes/placemark_circle.png</href>
        </Icon>
      </IconStyle>
    </Style>
    <Point>
      <coordinates>140.150747502644,37.0148405269924,334.810441613947</coordinates>
      <altitudeMode>absolute</altitudeMode>
    </Point>
  </Placemark>

  <Placemark>
    <Style>
      <IconStyle>
        <scale>0.775272727272727</scale>
        <color>FFBD8442</color>
        <Icon>
          <href>http://maps.google.com/mapfiles/kml/shapes/placemark_circle.png</href>
        </Icon>
      </IconStyle>
    </Style>
    <Point>
      <coordinates>140.150726758038,37.014847587988,334.510441604347</coordinates>
      <altitudeMode>absolute</altitudeMode>
    </Point>
  </Placemark>

  <Placemark>
    <Style>
      <IconStyle>
        <scale>0.775272727272727</scale>
        <color>FFBD8442</color>
        <Icon>
          <href>http://maps.google.com/mapfiles/kml/shapes/placemark_circle.png</href>
        </Icon>
      </IconStyle>
    </Style>
    <Point>
      <coordinates>140.150726758038,37.014847587988,334.510441604347</coordinates>
      <altitudeMode>absolute</altitudeMode>
    </Point>
  </Placemark>

  <Placemark>
    <Style>
      <IconStyle>
        <scale>0.796909090909091</scale>
        <color>FFBB8744</color>
        <Icon>
          <href>http://maps.google.com/mapfiles/kml/shapes/placemark_circle.png</href>
        </Icon>
      </IconStyle>
    </Style>
    <Point>
      <coordinates>140.150699226405,37.014857972831,333.010441556347</coordinates>
      <altitudeMode>absolute</altitudeMode>
    </Point>
  </Placemark>

  <Placemark>
    <Style>
      <IconStyle>
        <scale>0.796909090909091</scale>
        <color>FFBB8744</color>
        <Icon>
          <href>http://maps.google.com/mapfiles/kml/shapes/placemark_circle.png</href>
        </Icon>
      </IconStyle>
    </Style>
    <Point>
      <coordinates>140.150699226405,37.014857972831,333.010441556347</coordinates>
      <altitudeMode>absolute</altitudeMode>
    </Point>
  </Placemark>

  <Placemark>
    <Style>
      <IconStyle>
        <scale>0.968545454545455</scale>
        <color>FFADA552</color>
        <Icon>
          <href>http://maps.google.com/mapfiles/kml/shapes/placemark_circle.png</href>
        </Icon>
      </IconStyle>
    </Style>
    <Point>
      <coordinates>140.150669074338,37.0148689065145,331.310441501947</coordinates>
      <altitudeMode>absolute</altitudeMode>
    </Point>
  </Placemark>

  <Placemark>
    <Style>
      <IconStyle>
        <scale>0.968545454545455</scale>
        <color>FFADA552</color>
        <Icon>
          <href>http://maps.google.com/mapfiles/kml/shapes/placemark_circle.png</href>
        </Icon>
      </IconStyle>
    </Style>
    <Point>
      <coordinates>140.150669074338,37.0148689065145,331.310441501947</coordinates>
      <altitudeMode>absolute</altitudeMode>
    </Point>
  </Placemark>

  <Placemark>
    <Style>
      <IconStyle>
        <scale>0.888181818181818</scale>
        <color>FFB4974B</color>
        <Icon>
          <href>http://maps.google.com/mapfiles/kml/shapes/placemark_circle.png</href>
        </Icon>
      </IconStyle>
    </Style>
    <Point>
      <coordinates>140.150636089326,37.0148797746468,329.710441450747</coordinates>
      <altitudeMode>absolute</altitudeMode>
    </Point>
  </Placemark>

  <Placemark>
    <Style>
      <IconStyle>
        <scale>0.888181818181818</scale>
        <color>FFB4974B</color>
        <Icon>
          <href>http://maps.google.com/mapfiles/kml/shapes/placemark_circle.png</href>
        </Icon>
      </IconStyle>
    </Style>
    <Point>
      <coordinates>140.150636089326,37.0148797746468,329.710441450747</coordinates>
      <altitudeMode>absolute</altitudeMode>
    </Point>
  </Placemark>

  <Placemark>
    <Style>
      <IconStyle>
        <scale>0.801454545454546</scale>
        <color>FFBB8844</color>
        <Icon>
          <href>http://maps.google.com/mapfiles/kml/shapes/placemark_circle.png</href>
        </Icon>
      </IconStyle>
    </Style>
    <Point>
      <coordinates>140.150603525175,37.0148903676907,329.010441428347</coordinates>
      <altitudeMode>absolute</altitudeMode>
    </Point>
  </Placemark>

  <Placemark>
    <Style>
      <IconStyle>
        <scale>0.801454545454546</scale>
        <color>FFBB8844</color>
        <Icon>
          <href>http://maps.google.com/mapfiles/kml/shapes/placemark_circle.png</href>
        </Icon>
      </IconStyle>
    </Style>
    <Point>
      <coordinates>140.150603525175,37.0148903676907,329.010441428347</coordinates>
      <altitudeMode>absolute</altitudeMode>
    </Point>
  </Placemark>

  <Placemark>
    <Style>
      <IconStyle>
        <scale>0.775454545454546</scale>
        <color>FFBD8442</color>
        <Icon>
          <href>http://maps.google.com/mapfiles/kml/shapes/placemark_circle.png</href>
        </Icon>
      </IconStyle>
    </Style>
    <Point>
      <coordinates>140.150590132005,37.0148939077488,328.610441415547</coordinates>
      <altitudeMode>absolute</altitudeMode>
    </Point>
  </Placemark>

  <Placemark>
    <Style>
      <IconStyle>
        <scale>0.775454545454546</scale>
        <color>FFBD8442</color>
        <Icon>
          <href>http://maps.google.com/mapfiles/kml/shapes/placemark_circle.png</href>
        </Icon>
      </IconStyle>
    </Style>
    <Point>
      <coordinates>140.150590132005,37.0148939077488,328.610441415547</coordinates>
      <altitudeMode>absolute</altitudeMode>
    </Point>
  </Placemark>

  <Placemark>
    <Style>
      <IconStyle>
        <scale>0.757636363636364</scale>
        <color>FFBF8140</color>
        <Icon>
          <href>http://maps.google.com/mapfiles/kml/shapes/placemark_circle.png</href>
        </Icon>
      </IconStyle>
    </Style>
    <Point>
      <coordinates>140.150585997469,37.0148946116348,328.010441396347</coordinates>
      <altitudeMode>absolute</altitudeMode>
    </Point>
  </Placemark>

  <Placemark>
    <Style>
      <IconStyle>
        <scale>0.757636363636364</scale>
        <color>FFBF8140</color>
        <Icon>
          <href>http://maps.google.com/mapfiles/kml/shapes/placemark_circle.png</href>
        </Icon>
      </IconStyle>
    </Style>
    <Point>
      <coordinates>140.150585997469,37.0148946116348,328.010441396347</coordinates>
      <altitudeMode>absolute</altitudeMode>
    </Point>
  </Placemark>

  <Placemark>
    <Style>
      <IconStyle>
        <scale>0.853636363636364</scale>
        <color>FFB69149</color>
        <Icon>
          <href>http://maps.google.com/mapfiles/kml/shapes/placemark_circle.png</href>
        </Icon>
      </IconStyle>
    </Style>
    <Point>
      <coordinates>140.150578832495,37.0148958986272,328.110441399547</coordinates>
      <altitudeMode>absolute</altitudeMode>
    </Point>
  </Placemark>

  <Placemark>
    <Style>
      <IconStyle>
        <scale>0.853636363636364</scale>
        <color>FFB69149</color>
        <Icon>
          <href>http://maps.google.com/mapfiles/kml/shapes/placemark_circle.png</href>
        </Icon>
      </IconStyle>
    </Style>
    <Point>
      <coordinates>140.150578832495,37.0148958986272,328.110441399547</coordinates>
      <altitudeMode>absolute</altitudeMode>
    </Point>
  </Placemark>

  <Placemark>
    <Style>
      <IconStyle>
        <scale>0.765272727272727</scale>
        <color>FFBE8241</color>
        <Icon>
          <href>http://maps.google.com/mapfiles/kml/shapes/placemark_circle.png</href>
        </Icon>
      </IconStyle>
    </Style>
    <Point>
      <coordinates>140.150577593087,37.0148961335728,328.610441415547</coordinates>
      <altitudeMode>absolute</altitudeMode>
    </Point>
  </Placemark>

  <Placemark>
    <Style>
      <IconStyle>
        <scale>0.765272727272727</scale>
        <color>FFBE8241</color>
        <Icon>
          <href>http://maps.google.com/mapfiles/kml/shapes/placemark_circle.png</href>
        </Icon>
      </IconStyle>
    </Style>
    <Point>
      <coordinates>140.150577593087,37.0148961335728,328.610441415547</coordinates>
      <altitudeMode>absolute</altitudeMode>
    </Point>
  </Placemark>

  <Placemark>
    <Style>
      <IconStyle>
        <scale>0.726545454545455</scale>
        <color>FFC17C3E</color>
        <Icon>
          <href>http://maps.google.com/mapfiles/kml/shapes/placemark_circle.png</href>
        </Icon>
      </IconStyle>
    </Style>
    <Point>
      <coordinates>140.150577413748,37.0148963334471,328.510441412347</coordinates>
      <altitudeMode>absolute</altitudeMode>
    </Point>
  </Placemark>

  <Placemark>
    <Style>
      <IconStyle>
        <scale>0.726545454545455</scale>
        <color>FFC17C3E</color>
        <Icon>
          <href>http://maps.google.com/mapfiles/kml/shapes/placemark_circle.png</href>
        </Icon>
      </IconStyle>
    </Style>
    <Point>
      <coordinates>140.150577413748,37.0148963334471,328.510441412347</coordinates>
      <altitudeMode>absolute</altitudeMode>
    </Point>
  </Placemark>

  <Placemark>
    <Style>
      <IconStyle>
        <scale>0.728545454545455</scale>
        <color>FFC17C3E</color>
        <Icon>
          <href>http://maps.google.com/mapfiles/kml/shapes/placemark_circle.png</href>
        </Icon>
      </IconStyle>
    </Style>
    <Point>
      <coordinates>140.150576501176,37.0148971652656,328.310441405947</coordinates>
      <altitudeMode>absolute</altitudeMode>
    </Point>
  </Placemark>

  <Placemark>
    <Style>
      <IconStyle>
        <scale>0.728545454545455</scale>
        <color>FFC17C3E</color>
        <Icon>
          <href>http://maps.google.com/mapfiles/kml/shapes/placemark_circle.png</href>
        </Icon>
      </IconStyle>
    </Style>
    <Point>
      <coordinates>140.150576501176,37.0148971652656,328.310441405947</coordinates>
      <altitudeMode>absolute</altitudeMode>
    </Point>
  </Placemark>

  <Placemark>
    <Style>
      <IconStyle>
        <scale>0.763454545454545</scale>
        <color>FFBE8241</color>
        <Icon>
          <href>http://maps.google.com/mapfiles/kml/shapes/placemark_circle.png</href>
        </Icon>
      </IconStyle>
    </Style>
    <Point>
      <coordinates>140.150571578861,37.014898872866,328.110441399547</coordinates>
      <altitudeMode>absolute</altitudeMode>
    </Point>
  </Placemark>

  <Placemark>
    <Style>
      <IconStyle>
        <scale>0.763454545454545</scale>
        <color>FFBE8241</color>
        <Icon>
          <href>http://maps.google.com/mapfiles/kml/shapes/placemark_circle.png</href>
        </Icon>
      </IconStyle>
    </Style>
    <Point>
      <coordinates>140.150571578861,37.014898872866,328.110441399547</coordinates>
      <altitudeMode>absolute</altitudeMode>
    </Point>
  </Placemark>

  <Placemark>
    <Style>
      <IconStyle>
        <scale>0.734</scale>
        <color>FFC17D3E</color>
        <Icon>
          <href>http://maps.google.com/mapfiles/kml/shapes/placemark_circle.png</href>
        </Icon>
      </IconStyle>
    </Style>
    <Point>
      <coordinates>140.150568688969,37.0149000946158,327.910441393147</coordinates>
      <altitudeMode>absolute</altitudeMode>
    </Point>
  </Placemark>

  <Placemark>
    <Style>
      <IconStyle>
        <scale>0.734</scale>
        <color>FFC17D3E</color>
        <Icon>
          <href>http://maps.google.com/mapfiles/kml/shapes/placemark_circle.png</href>
        </Icon>
      </IconStyle>
    </Style>
    <Point>
      <coordinates>140.150568688969,37.0149000946158,327.910441393147</coordinates>
      <altitudeMode>absolute</altitudeMode>
    </Point>
  </Placemark>

  <Placemark>
    <Style>
      <IconStyle>
        <scale>0.548545454545455</scale>
        <color>FFD05D2F</color>
        <Icon>
          <href>http://maps.google.com/mapfiles/kml/shapes/placemark_circle.png</href>
        </Icon>
      </IconStyle>
    </Style>
    <Point>
      <coordinates>140.150563757943,37.0149025995631,327.510441380347</coordinates>
      <altitudeMode>absolute</altitudeMode>
    </Point>
  </Placemark>

  <Placemark>
    <Style>
      <IconStyle>
        <scale>0.548545454545455</scale>
        <color>FFD05D2F</color>
        <Icon>
          <href>http://maps.google.com/mapfiles/kml/shapes/placemark_circle.png</href>
        </Icon>
      </IconStyle>
    </Style>
    <Point>
      <coordinates>140.150563757943,37.0149025995631,327.510441380347</coordinates>
      <altitudeMode>absolute</altitudeMode>
    </Point>
  </Placemark>

  <Placemark>
    <Style>
      <IconStyle>
        <scale>0.533454545454545</scale>
        <color>FFD25B2D</color>
        <Icon>
          <href>http://maps.google.com/mapfiles/kml/shapes/placemark_circle.png</href>
        </Icon>
      </IconStyle>
    </Style>
    <Point>
      <coordinates>140.150558163032,37.014905171689,327.110441367547</coordinates>
      <altitudeMode>absolute</altitudeMode>
    </Point>
  </Placemark>

  <Placemark>
    <Style>
      <IconStyle>
        <scale>0.533454545454545</scale>
        <color>FFD25B2D</color>
        <Icon>
          <href>http://maps.google.com/mapfiles/kml/shapes/placemark_circle.png</href>
        </Icon>
      </IconStyle>
    </Style>
    <Point>
      <coordinates>140.150558163032,37.014905171689,327.110441367547</coordinates>
      <altitudeMode>absolute</altitudeMode>
    </Point>
  </Placemark>

  <Placemark>
    <Style>
      <IconStyle>
        <scale>0.505636363636364</scale>
        <color>FFD4562B</color>
        <Icon>
          <href>http://maps.google.com/mapfiles/kml/shapes/placemark_circle.png</href>
        </Icon>
      </IconStyle>
    </Style>
    <Point>
      <coordinates>140.150551573755,37.0149082514846,326.610441351547</coordinates>
      <altitudeMode>absolute</altitudeMode>
    </Point>
  </Placemark>

  <Placemark>
    <Style>
      <IconStyle>
        <scale>0.505636363636364</scale>
        <color>FFD4562B</color>
        <Icon>
          <href>http://maps.google.com/mapfiles/kml/shapes/placemark_circle.png</href>
        </Icon>
      </IconStyle>
    </Style>
    <Point>
      <coordinates>140.150551573755,37.0149082514846,326.610441351547</coordinates>
      <altitudeMode>absolute</altitudeMode>
    </Point>
  </Placemark>

  <Placemark>
    <Style>
      <IconStyle>
        <scale>0.461636363636364</scale>
        <color>FFD84E27</color>
        <Icon>
          <href>http://maps.google.com/mapfiles/kml/shapes/placemark_circle.png</href>
        </Icon>
      </IconStyle>
    </Style>
    <Point>
      <coordinates>140.150532509373,37.0149132096458,326.610441351547</coordinates>
      <altitudeMode>absolute</altitudeMode>
    </Point>
  </Placemark>

  <Placemark>
    <Style>
      <IconStyle>
        <scale>0.461636363636364</scale>
        <color>FFD84E27</color>
        <Icon>
          <href>http://maps.google.com/mapfiles/kml/shapes/placemark_circle.png</href>
        </Icon>
      </IconStyle>
    </Style>
    <Point>
      <coordinates>140.150532509373,37.0149132096458,326.610441351547</coordinates>
      <altitudeMode>absolute</altitudeMode>
    </Point>
  </Placemark>

  <Placemark>
    <Style>
      <IconStyle>
        <scale>0.426363636363636</scale>
        <color>FFDB4824</color>
        <Icon>
          <href>http://maps.google.com/mapfiles/kml/shapes/placemark_circle.png</href>
        </Icon>
      </IconStyle>
    </Style>
    <Point>
      <coordinates>140.150506028153,37.0149225744123,326.310441341947</coordinates>
      <altitudeMode>absolute</altitudeMode>
    </Point>
  </Placemark>

  <Placemark>
    <Style>
      <IconStyle>
        <scale>0.426363636363636</scale>
        <color>FFDB4824</color>
        <Icon>
          <href>http://maps.google.com/mapfiles/kml/shapes/placemark_circle.png</href>
        </Icon>
      </IconStyle>
    </Style>
    <Point>
      <coordinates>140.150506028153,37.0149225744123,326.310441341947</coordinates>
      <altitudeMode>absolute</altitudeMode>
    </Point>
  </Placemark>

  <Placemark>
    <Style>
      <IconStyle>
        <scale>0.283818181818182</scale>
        <color>FFE73018</color>
        <Icon>
          <href>http://maps.google.com/mapfiles/kml/shapes/placemark_circle.png</href>
        </Icon>
      </IconStyle>
    </Style>
    <Point>
      <coordinates>140.150474173934,37.0149339815764,326.010441332347</coordinates>
      <altitudeMode>absolute</altitudeMode>
    </Point>
  </Placemark>

  <Placemark>
    <Style>
      <IconStyle>
        <scale>0.283818181818182</scale>
        <color>FFE73018</color>
        <Icon>
          <href>http://maps.google.com/mapfiles/kml/shapes/placemark_circle.png</href>
        </Icon>
      </IconStyle>
    </Style>
    <Point>
      <coordinates>140.150474173934,37.0149339815764,326.010441332347</coordinates>
      <altitudeMode>absolute</altitudeMode>
    </Point>
  </Placemark>

  <Placemark>
    <Style>
      <IconStyle>
        <scale>0.286181818181818</scale>
        <color>FFE73118</color>
        <Icon>
          <href>http://maps.google.com/mapfiles/kml/shapes/placemark_circle.png</href>
        </Icon>
      </IconStyle>
    </Style>
    <Point>
      <coordinates>140.150440976281,37.014945005234,325.310441309947</coordinates>
      <altitudeMode>absolute</altitudeMode>
    </Point>
  </Placemark>

  <Placemark>
    <Style>
      <IconStyle>
        <scale>0.286181818181818</scale>
        <color>FFE73118</color>
        <Icon>
          <href>http://maps.google.com/mapfiles/kml/shapes/placemark_circle.png</href>
        </Icon>
      </IconStyle>
    </Style>
    <Point>
      <coordinates>140.150440976281,37.014945005234,325.310441309947</coordinates>
      <altitudeMode>absolute</altitudeMode>
    </Point>
  </Placemark>

  <Placemark>
    <Style>
      <IconStyle>
        <scale>0.292727272727273</scale>
        <color>FFE63219</color>
        <Icon>
          <href>http://maps.google.com/mapfiles/kml/shapes/placemark_circle.png</href>
        </Icon>
      </IconStyle>
    </Style>
    <Point>
      <coordinates>140.150407816823,37.014955469583,324.610441287547</coordinates>
      <altitudeMode>absolute</altitudeMode>
    </Point>
  </Placemark>

  <Placemark>
    <Style>
      <IconStyle>
        <scale>0.292727272727273</scale>
        <color>FFE63219</color>
        <Icon>
          <href>http://maps.google.com/mapfiles/kml/shapes/placemark_circle.png</href>
        </Icon>
      </IconStyle>
    </Style>
    <Point>
      <coordinates>140.150407816823,37.014955469583,324.610441287547</coordinates>
      <altitudeMode>absolute</altitudeMode>
    </Point>
  </Placemark>

  <Placemark>
    <Style>
      <IconStyle>
        <scale>0.332</scale>
        <color>FFE3381C</color>
        <Icon>
          <href>http://maps.google.com/mapfiles/kml/shapes/placemark_circle.png</href>
        </Icon>
      </IconStyle>
    </Style>
    <Point>
      <coordinates>140.150377846756,37.0149654263738,324.210441274747</coordinates>
      <altitudeMode>absolute</altitudeMode>
    </Point>
  </Placemark>

  <Placemark>
    <Style>
      <IconStyle>
        <scale>0.332</scale>
        <color>FFE3381C</color>
        <Icon>
          <href>http://maps.google.com/mapfiles/kml/shapes/placemark_circle.png</href>
        </Icon>
      </IconStyle>
    </Style>
    <Point>
      <coordinates>140.150377846756,37.0149654263738,324.210441274747</coordinates>
      <altitudeMode>absolute</altitudeMode>
    </Point>
  </Placemark>

  <Placemark>
    <Style>
      <IconStyle>
        <scale>0.321818181818182</scale>
        <color>FFE4371B</color>
        <Icon>
          <href>http://maps.google.com/mapfiles/kml/shapes/placemark_circle.png</href>
        </Icon>
      </IconStyle>
    </Style>
    <Point>
      <coordinates>140.150374181616,37.0149673816968,324.110441271547</coordinates>
      <altitudeMode>absolute</altitudeMode>
    </Point>
  </Placemark>

  <Placemark>
    <Style>
      <IconStyle>
        <scale>0.321818181818182</scale>
        <color>FFE4371B</color>
        <Icon>
          <href>http://maps.google.com/mapfiles/kml/shapes/placemark_circle.png</href>
        </Icon>
      </IconStyle>
    </Style>
    <Point>
      <coordinates>140.150374181616,37.0149673816968,324.110441271547</coordinates>
      <altitudeMode>absolute</altitudeMode>
    </Point>
  </Placemark>

  <Placemark>
    <Style>
      <IconStyle>
        <scale>0.325272727272727</scale>
        <color>FFE3371C</color>
        <Icon>
          <href>http://maps.google.com/mapfiles/kml/shapes/placemark_circle.png</href>
        </Icon>
      </IconStyle>
    </Style>
    <Point>
      <coordinates>140.150373240978,37.0149674123179,324.510441284347</coordinates>
      <altitudeMode>absolute</altitudeMode>
    </Point>
  </Placemark>

  <Placemark>
    <Style>
      <IconStyle>
        <scale>0.325272727272727</scale>
        <color>FFE3371C</color>
        <Icon>
          <href>http://maps.google.com/mapfiles/kml/shapes/placemark_circle.png</href>
        </Icon>
      </IconStyle>
    </Style>
    <Point>
      <coordinates>140.150373240978,37.0149674123179,324.510441284347</coordinates>
      <altitudeMode>absolute</altitudeMode>
    </Point>
  </Placemark>

  <Placemark>
    <Style>
      <IconStyle>
        <scale>0.386363636363636</scale>
        <color>FFDE4221</color>
        <Icon>
          <href>http://maps.google.com/mapfiles/kml/shapes/placemark_circle.png</href>
        </Icon>
      </IconStyle>
    </Style>
    <Point>
      <coordinates>140.150373091464,37.014966947271,324.110441271547</coordinates>
      <altitudeMode>absolute</altitudeMode>
    </Point>
  </Placemark>

  <Placemark>
    <Style>
      <IconStyle>
        <scale>0.386363636363636</scale>
        <color>FFDE4221</color>
        <Icon>
          <href>http://maps.google.com/mapfiles/kml/shapes/placemark_circle.png</href>
        </Icon>
      </IconStyle>
    </Style>
    <Point>
      <coordinates>140.150373091464,37.014966947271,324.110441271547</coordinates>
      <altitudeMode>absolute</altitudeMode>
    </Point>
  </Placemark>

  <Placemark>
    <Style>
      <IconStyle>
        <scale>0.384181818181818</scale>
        <color>FFDE4121</color>
        <Icon>
          <href>http://maps.google.com/mapfiles/kml/shapes/placemark_circle.png</href>
        </Icon>
      </IconStyle>
    </Style>
    <Point>
      <coordinates>140.150372962893,37.0149670268883,324.010441268347</coordinates>
      <altitudeMode>absolute</altitudeMode>
    </Point>
  </Placemark>

  <Placemark>
    <Style>
      <IconStyle>
        <scale>0.384181818181818</scale>
        <color>FFDE4121</color>
        <Icon>
          <href>http://maps.google.com/mapfiles/kml/shapes/placemark_circle.png</href>
        </Icon>
      </IconStyle>
    </Style>
    <Point>
      <coordinates>140.150372962893,37.0149670268883,324.010441268347</coordinates>
      <altitudeMode>absolute</altitudeMode>
    </Point>
  </Placemark>

  <Placemark>
    <Style>
      <IconStyle>
        <scale>0.390727272727273</scale>
        <color>FFDE4221</color>
        <Icon>
          <href>http://maps.google.com/mapfiles/kml/shapes/placemark_circle.png</href>
        </Icon>
      </IconStyle>
    </Style>
    <Point>
      <coordinates>140.150372591899,37.0149673279804,324.010441268347</coordinates>
      <altitudeMode>absolute</altitudeMode>
    </Point>
  </Placemark>

  <Placemark>
    <Style>
      <IconStyle>
        <scale>0.390727272727273</scale>
        <color>FFDE4221</color>
        <Icon>
          <href>http://maps.google.com/mapfiles/kml/shapes/placemark_circle.png</href>
        </Icon>
      </IconStyle>
    </Style>
    <Point>
      <coordinates>140.150372591899,37.0149673279804,324.010441268347</coordinates>
      <altitudeMode>absolute</altitudeMode>
    </Point>
  </Placemark>

  <Placemark>
    <Style>
      <IconStyle>
        <scale>0.414545454545454</scale>
        <color>FFDC4623</color>
        <Icon>
          <href>http://maps.google.com/mapfiles/kml/shapes/placemark_circle.png</href>
        </Icon>
      </IconStyle>
    </Style>
    <Point>
      <coordinates>140.150371645981,37.0149674034472,324.210441274747</coordinates>
      <altitudeMode>absolute</altitudeMode>
    </Point>
  </Placemark>

  <Placemark>
    <Style>
      <IconStyle>
        <scale>0.414545454545454</scale>
        <color>FFDC4623</color>
        <Icon>
          <href>http://maps.google.com/mapfiles/kml/shapes/placemark_circle.png</href>
        </Icon>
      </IconStyle>
    </Style>
    <Point>
      <coordinates>140.150371645981,37.0149674034472,324.210441274747</coordinates>
      <altitudeMode>absolute</altitudeMode>
    </Point>
  </Placemark>

  <Placemark>
    <Style>
      <IconStyle>
        <scale>0.395272727272727</scale>
        <color>FFDD4322</color>
        <Icon>
          <href>http://maps.google.com/mapfiles/kml/shapes/placemark_circle.png</href>
        </Icon>
      </IconStyle>
    </Style>
    <Point>
      <coordinates>140.150372113876,37.0149679871277,324.310441277947</coordinates>
      <altitudeMode>absolute</altitudeMode>
    </Point>
  </Placemark>

  <Placemark>
    <Style>
      <IconStyle>
        <scale>0.395272727272727</scale>
        <color>FFDD4322</color>
        <Icon>
          <href>http://maps.google.com/mapfiles/kml/shapes/placemark_circle.png</href>
        </Icon>
      </IconStyle>
    </Style>
    <Point>
      <coordinates>140.150372113876,37.0149679871277,324.310441277947</coordinates>
      <altitudeMode>absolute</altitudeMode>
    </Point>
  </Placemark>

  <Placemark>
    <Style>
      <IconStyle>
        <scale>0.401818181818182</scale>
        <color>FFDD4422</color>
        <Icon>
          <href>http://maps.google.com/mapfiles/kml/shapes/placemark_circle.png</href>
        </Icon>
      </IconStyle>
    </Style>
    <Point>
      <coordinates>140.150372262188,37.014968615474,324.310441277947</coordinates>
      <altitudeMode>absolute</altitudeMode>
    </Point>
  </Placemark>

  <Placemark>
    <Style>
      <IconStyle>
        <scale>0.401818181818182</scale>
        <color>FFDD4422</color>
        <Icon>
          <href>http://maps.google.com/mapfiles/kml/shapes/placemark_circle.png</href>
        </Icon>
      </IconStyle>
    </Style>
    <Point>
      <coordinates>140.150372262188,37.014968615474,324.310441277947</coordinates>
      <altitudeMode>absolute</altitudeMode>
    </Point>
  </Placemark>

  <Placemark>
    <Style>
      <IconStyle>
        <scale>0.443636363636364</scale>
        <color>FFD94B26</color>
        <Icon>
          <href>http://maps.google.com/mapfiles/kml/shapes/placemark_circle.png</href>
        </Icon>
      </IconStyle>
    </Style>
    <Point>
      <coordinates>140.150372890625,37.0149723608118,324.210441274747</coordinates>
      <altitudeMode>absolute</altitudeMode>
    </Point>
  </Placemark>

  <Placemark>
    <Style>
      <IconStyle>
        <scale>0.443636363636364</scale>
        <color>FFD94B26</color>
        <Icon>
          <href>http://maps.google.com/mapfiles/kml/shapes/placemark_circle.png</href>
        </Icon>
      </IconStyle>
    </Style>
    <Point>
      <coordinates>140.150372890625,37.0149723608118,324.210441274747</coordinates>
      <altitudeMode>absolute</altitudeMode>
    </Point>
  </Placemark>

  <Placemark>
    <Style>
      <IconStyle>
        <scale>0.521090909090909</scale>
        <color>FFD3592C</color>
        <Icon>
          <href>http://maps.google.com/mapfiles/kml/shapes/placemark_circle.png</href>
        </Icon>
      </IconStyle>
    </Style>
    <Point>
      <coordinates>140.150372533406,37.01497387241,323.310441245947</coordinates>
      <altitudeMode>absolute</altitudeMode>
    </Point>
  </Placemark>

  <Placemark>
    <Style>
      <IconStyle>
        <scale>0.521090909090909</scale>
        <color>FFD3592C</color>
        <Icon>
          <href>http://maps.google.com/mapfiles/kml/shapes/placemark_circle.png</href>
        </Icon>
      </IconStyle>
    </Style>
    <Point>
      <coordinates>140.150372533406,37.01497387241,323.310441245947</coordinates>
      <altitudeMode>absolute</altitudeMode>
    </Point>
  </Placemark>

  <Placemark>
    <Style>
      <IconStyle>
        <scale>0.498181818181818</scale>
        <color>FFD5552A</color>
        <Icon>
          <href>http://maps.google.com/mapfiles/kml/shapes/placemark_circle.png</href>
        </Icon>
      </IconStyle>
    </Style>
    <Point>
      <coordinates>140.150372650906,37.0149740392303,322.510441220347</coordinates>
      <altitudeMode>absolute</altitudeMode>
    </Point>
  </Placemark>

  <Placemark>
    <Style>
      <IconStyle>
        <scale>0.498181818181818</scale>
        <color>FFD5552A</color>
        <Icon>
          <href>http://maps.google.com/mapfiles/kml/shapes/placemark_circle.png</href>
        </Icon>
      </IconStyle>
    </Style>
    <Point>
      <coordinates>140.150372650906,37.0149740392303,322.510441220347</coordinates>
      <altitudeMode>absolute</altitudeMode>
    </Point>
  </Placemark>

  <Placemark>
    <Style>
      <IconStyle>
        <scale>0.473818181818182</scale>
        <color>FFD75128</color>
        <Icon>
          <href>http://maps.google.com/mapfiles/kml/shapes/placemark_circle.png</href>
        </Icon>
      </IconStyle>
    </Style>
    <Point>
      <coordinates>140.150373509449,37.014973584202,321.610441191547</coordinates>
      <altitudeMode>absolute</altitudeMode>
    </Point>
  </Placemark>

  <Placemark>
    <Style>
      <IconStyle>
        <scale>0.473818181818182</scale>
        <color>FFD75128</color>
        <Icon>
          <href>http://maps.google.com/mapfiles/kml/shapes/placemark_circle.png</href>
        </Icon>
      </IconStyle>
    </Style>
    <Point>
      <coordinates>140.150373509449,37.014973584202,321.610441191547</coordinates>
      <altitudeMode>absolute</altitudeMode>
    </Point>
  </Placemark>

  <Placemark>
    <Style>
      <IconStyle>
        <scale>0.49</scale>
        <color>FFD5532A</color>
        <Icon>
          <href>http://maps.google.com/mapfiles/kml/shapes/placemark_circle.png</href>
        </Icon>
      </IconStyle>
    </Style>
    <Point>
      <coordinates>140.150373932112,37.0149686225713,320.810441165947</coordinates>
      <altitudeMode>absolute</altitudeMode>
    </Point>
  </Placemark>

  <Placemark>
    <Style>
      <IconStyle>
        <scale>0.49</scale>
        <color>FFD5532A</color>
        <Icon>
          <href>http://maps.google.com/mapfiles/kml/shapes/placemark_circle.png</href>
        </Icon>
      </IconStyle>
    </Style>
    <Point>
      <coordinates>140.150373932112,37.0149686225713,320.810441165947</coordinates>
      <altitudeMode>absolute</altitudeMode>
    </Point>
  </Placemark>

  <Placemark>
    <Style>
      <IconStyle>
        <scale>0.484363636363636</scale>
        <color>FFD65229</color>
        <Icon>
          <href>http://maps.google.com/mapfiles/kml/shapes/placemark_circle.png</href>
        </Icon>
      </IconStyle>
    </Style>
    <Point>
      <coordinates>140.150374313106,37.014966463956,320.010441140347</coordinates>
      <altitudeMode>absolute</altitudeMode>
    </Point>
  </Placemark>

  <Placemark>
    <Style>
      <IconStyle>
        <scale>0.484363636363636</scale>
        <color>FFD65229</color>
        <Icon>
          <href>http://maps.google.com/mapfiles/kml/shapes/placemark_circle.png</href>
        </Icon>
      </IconStyle>
    </Style>
    <Point>
      <coordinates>140.150374313106,37.014966463956,320.010441140347</coordinates>
      <altitudeMode>absolute</altitudeMode>
    </Point>
  </Placemark>

  <Placemark>
    <Style>
      <IconStyle>
        <scale>0.484727272727273</scale>
        <color>FFD65229</color>
        <Icon>
          <href>http://maps.google.com/mapfiles/kml/shapes/placemark_circle.png</href>
        </Icon>
      </IconStyle>
    </Style>
    <Point>
      <coordinates>140.15037290307,37.014966901016,319.510441124347</coordinates>
      <altitudeMode>absolute</altitudeMode>
    </Point>
  </Placemark>

  <Placemark>
    <Style>
      <IconStyle>
        <scale>0.484727272727273</scale>
        <color>FFD65229</color>
        <Icon>
          <href>http://maps.google.com/mapfiles/kml/shapes/placemark_circle.png</href>
        </Icon>
      </IconStyle>
    </Style>
    <Point>
      <coordinates>140.15037290307,37.014966901016,319.510441124347</coordinates>
      <altitudeMode>absolute</altitudeMode>
    </Point>
  </Placemark>

  <Placemark>
    <Style>
      <IconStyle>
        <scale>0.545090909090909</scale>
        <color>FFD15D2E</color>
        <Icon>
          <href>http://maps.google.com/mapfiles/kml/shapes/placemark_circle.png</href>
        </Icon>
      </IconStyle>
    </Style>
    <Point>
      <coordinates>140.15036561165,37.0149678044207,318.910441105147</coordinates>
      <altitudeMode>absolute</altitudeMode>
    </Point>
  </Placemark>

  <Placemark>
    <Style>
      <IconStyle>
        <scale>0.545090909090909</scale>
        <color>FFD15D2E</color>
        <Icon>
          <href>http://maps.google.com/mapfiles/kml/shapes/placemark_circle.png</href>
        </Icon>
      </IconStyle>
    </Style>
    <Point>
      <coordinates>140.15036561165,37.0149678044207,318.910441105147</coordinates>
      <altitudeMode>absolute</altitudeMode>
    </Point>
  </Placemark>

  <Placemark>
    <Style>
      <IconStyle>
        <scale>0.530727272727273</scale>
        <color>FFD25A2D</color>
        <Icon>
          <href>http://maps.google.com/mapfiles/kml/shapes/placemark_circle.png</href>
        </Icon>
      </IconStyle>
    </Style>
    <Point>
      <coordinates>140.150352836167,37.0149691835719,318.910441105147</coordinates>
      <altitudeMode>absolute</altitudeMode>
    </Point>
  </Placemark>

  <Placemark>
    <Style>
      <IconStyle>
        <scale>0.530727272727273</scale>
        <color>FFD25A2D</color>
        <Icon>
          <href>http://maps.google.com/mapfiles/kml/shapes/placemark_circle.png</href>
        </Icon>
      </IconStyle>
    </Style>
    <Point>
      <coordinates>140.150352836167,37.0149691835719,318.910441105147</coordinates>
      <altitudeMode>absolute</altitudeMode>
    </Point>
  </Placemark>

  <Placemark>
    <Style>
      <IconStyle>
        <scale>0.592545454545454</scale>
        <color>FFCD6532</color>
        <Icon>
          <href>http://maps.google.com/mapfiles/kml/shapes/placemark_circle.png</href>
        </Icon>
      </IconStyle>
    </Style>
    <Point>
      <coordinates>140.150346860178,37.014968947337,318.810441101947</coordinates>
      <altitudeMode>absolute</altitudeMode>
    </Point>
  </Placemark>

  <Placemark>
    <Style>
      <IconStyle>
        <scale>0.592545454545454</scale>
        <color>FFCD6532</color>
        <Icon>
          <href>http://maps.google.com/mapfiles/kml/shapes/placemark_circle.png</href>
        </Icon>
      </IconStyle>
    </Style>
    <Point>
      <coordinates>140.150346860178,37.014968947337,318.810441101947</coordinates>
      <altitudeMode>absolute</altitudeMode>
    </Point>
  </Placemark>

  <Placemark>
    <Style>
      <IconStyle>
        <scale>0.611090909090909</scale>
        <color>FFCB6834</color>
        <Icon>
          <href>http://maps.google.com/mapfiles/kml/shapes/placemark_circle.png</href>
        </Icon>
      </IconStyle>
    </Style>
    <Point>
      <coordinates>140.150326665883,37.0149713692275,318.810441101947</coordinates>
      <altitudeMode>absolute</altitudeMode>
    </Point>
  </Placemark>

  <Placemark>
    <Style>
      <IconStyle>
        <scale>0.611090909090909</scale>
        <color>FFCB6834</color>
        <Icon>
          <href>http://maps.google.com/mapfiles/kml/shapes/placemark_circle.png</href>
        </Icon>
      </IconStyle>
    </Style>
    <Point>
      <coordinates>140.150326665883,37.0149713692275,318.810441101947</coordinates>
      <altitudeMode>absolute</altitudeMode>
    </Point>
  </Placemark>

  <Placemark>
    <Style>
      <IconStyle>
        <scale>0.650545454545455</scale>
        <color>FFC86F37</color>
        <Icon>
          <href>http://maps.google.com/mapfiles/kml/shapes/placemark_circle.png</href>
        </Icon>
      </IconStyle>
    </Style>
    <Point>
      <coordinates>140.15029581352,37.0149741779139,318.410441089147</coordinates>
      <altitudeMode>absolute</altitudeMode>
    </Point>
  </Placemark>

  <Placemark>
    <Style>
      <IconStyle>
        <scale>0.650545454545455</scale>
        <color>FFC86F37</color>
        <Icon>
          <href>http://maps.google.com/mapfiles/kml/shapes/placemark_circle.png</href>
        </Icon>
      </IconStyle>
    </Style>
    <Point>
      <coordinates>140.15029581352,37.0149741779139,318.410441089147</coordinates>
      <altitudeMode>absolute</altitudeMode>
    </Point>
  </Placemark>

  <Placemark>
    <Style>
      <IconStyle>
        <scale>0.582181818181818</scale>
        <color>FFCE6331</color>
        <Icon>
          <href>http://maps.google.com/mapfiles/kml/shapes/placemark_circle.png</href>
        </Icon>
      </IconStyle>
    </Style>
    <Point>
      <coordinates>140.150263429973,37.0149766872429,318.410441089147</coordinates>
      <altitudeMode>absolute</altitudeMode>
    </Point>
  </Placemark>

  <Placemark>
    <Style>
      <IconStyle>
        <scale>0.582181818181818</scale>
        <color>FFCE6331</color>
        <Icon>
          <href>http://maps.google.com/mapfiles/kml/shapes/placemark_circle.png</href>
        </Icon>
      </IconStyle>
    </Style>
    <Point>
      <coordinates>140.150263429973,37.0149766872429,318.410441089147</coordinates>
      <altitudeMode>absolute</altitudeMode>
    </Point>
  </Placemark>

  <Placemark>
    <Style>
      <IconStyle>
        <scale>0.562909090909091</scale>
        <color>FFCF6030</color>
        <Icon>
          <href>http://maps.google.com/mapfiles/kml/shapes/placemark_circle.png</href>
        </Icon>
      </IconStyle>
    </Style>
    <Point>
      <coordinates>140.150237274731,37.0149784064981,318.410441089147</coordinates>
      <altitudeMode>absolute</altitudeMode>
    </Point>
  </Placemark>

  <Placemark>
    <Style>
      <IconStyle>
        <scale>0.562909090909091</scale>
        <color>FFCF6030</color>
        <Icon>
          <href>http://maps.google.com/mapfiles/kml/shapes/placemark_circle.png</href>
        </Icon>
      </IconStyle>
    </Style>
    <Point>
      <coordinates>140.150237274731,37.0149784064981,318.410441089147</coordinates>
      <altitudeMode>absolute</altitudeMode>
    </Point>
  </Placemark>

  <Placemark>
    <Style>
      <IconStyle>
        <scale>0.542909090909091</scale>
        <color>FFD15C2E</color>
        <Icon>
          <href>http://maps.google.com/mapfiles/kml/shapes/placemark_circle.png</href>
        </Icon>
      </IconStyle>
    </Style>
    <Point>
      <coordinates>140.150215960416,37.0149796140103,318.210441082747</coordinates>
      <altitudeMode>absolute</altitudeMode>
    </Point>
  </Placemark>

  <Placemark>
    <Style>
      <IconStyle>
        <scale>0.542909090909091</scale>
        <color>FFD15C2E</color>
        <Icon>
          <href>http://maps.google.com/mapfiles/kml/shapes/placemark_circle.png</href>
        </Icon>
      </IconStyle>
    </Style>
    <Point>
      <coordinates>140.150215960416,37.0149796140103,318.210441082747</coordinates>
      <altitudeMode>absolute</altitudeMode>
    </Point>
  </Placemark>

  <Placemark>
    <Style>
      <IconStyle>
        <scale>0.507818181818182</scale>
        <color>FFD4562B</color>
        <Icon>
          <href>http://maps.google.com/mapfiles/kml/shapes/placemark_circle.png</href>
        </Icon>
      </IconStyle>
    </Style>
    <Point>
      <coordinates>140.150198507552,37.0149827978078,318.010441076347</coordinates>
      <altitudeMode>absolute</altitudeMode>
    </Point>
  </Placemark>

  <Placemark>
    <Style>
      <IconStyle>
        <scale>0.507818181818182</scale>
        <color>FFD4562B</color>
        <Icon>
          <href>http://maps.google.com/mapfiles/kml/shapes/placemark_circle.png</href>
        </Icon>
      </IconStyle>
    </Style>
    <Point>
      <coordinates>140.150198507552,37.0149827978078,318.010441076347</coordinates>
      <altitudeMode>absolute</altitudeMode>
    </Point>
  </Placemark>

  <Placemark>
    <Style>
      <IconStyle>
        <scale>0.486727272727273</scale>
        <color>FFD65329</color>
        <Icon>
          <href>http://maps.google.com/mapfiles/kml/shapes/placemark_circle.png</href>
        </Icon>
      </IconStyle>
    </Style>
    <Point>
      <coordinates>140.150185598048,37.0149900298856,317.810441069947</coordinates>
      <altitudeMode>absolute</altitudeMode>
    </Point>
  </Placemark>

  <Placemark>
    <Style>
      <IconStyle>
        <scale>0.486727272727273</scale>
        <color>FFD65329</color>
        <Icon>
          <href>http://maps.google.com/mapfiles/kml/shapes/placemark_circle.png</href>
        </Icon>
      </IconStyle>
    </Style>
    <Point>
      <coordinates>140.150185598048,37.0149900298856,317.810441069947</coordinates>
      <altitudeMode>absolute</altitudeMode>
    </Point>
  </Placemark>

  <Placemark>
    <Style>
      <IconStyle>
        <scale>0.502620321975585</scale>
        <color>FFD4552B</color>
        <Icon>
          <href>http://maps.google.com/mapfiles/kml/shapes/placemark_circle.png</href>
        </Icon>
      </IconStyle>
    </Style>
    <Point>
      <coordinates>140.150183560026,37.0149913782315,317.710441066747</coordinates>
      <altitudeMode>absolute</altitudeMode>
    </Point>
  </Placemark>

  <Placemark>
    <Style>
      <IconStyle>
        <scale>0.502620321975585</scale>
        <color>FFD4552B</color>
        <Icon>
          <href>http://maps.google.com/mapfiles/kml/shapes/placemark_circle.png</href>
        </Icon>
      </IconStyle>
    </Style>
    <Point>
      <coordinates>140.150183560026,37.0149913782315,317.710441066747</coordinates>
      <altitudeMode>absolute</altitudeMode>
    </Point>
  </Placemark>

  <Placemark>
    <Style>
      <IconStyle>
        <scale>0.468820692130374</scale>
        <color>FFD75028</color>
        <Icon>
          <href>http://maps.google.com/mapfiles/kml/shapes/placemark_circle.png</href>
        </Icon>
      </IconStyle>
    </Style>
    <Point>
      <coordinates>140.150183784758,37.0149908431704,317.610441063547</coordinates>
      <altitudeMode>absolute</altitudeMode>
    </Point>
  </Placemark>

  <Placemark>
    <Style>
      <IconStyle>
        <scale>0.468820692130374</scale>
        <color>FFD75028</color>
        <Icon>
          <href>http://maps.google.com/mapfiles/kml/shapes/placemark_circle.png</href>
        </Icon>
      </IconStyle>
    </Style>
    <Point>
      <coordinates>140.150183784758,37.0149908431704,317.610441063547</coordinates>
      <altitudeMode>absolute</altitudeMode>
    </Point>
  </Placemark>

  <Placemark>
    <Style>
      <IconStyle>
        <scale>0.488638873948556</scale>
        <color>FFD5532A</color>
        <Icon>
          <href>http://maps.google.com/mapfiles/kml/shapes/placemark_circle.png</href>
        </Icon>
      </IconStyle>
    </Style>
    <Point>
      <coordinates>140.150184054356,37.0149909008788,317.410441057147</coordinates>
      <altitudeMode>absolute</altitudeMode>
    </Point>
  </Placemark>

  <Placemark>
    <Style>
      <IconStyle>
        <scale>0.488638873948556</scale>
        <color>FFD5532A</color>
        <Icon>
          <href>http://maps.google.com/mapfiles/kml/shapes/placemark_circle.png</href>
        </Icon>
      </IconStyle>
    </Style>
    <Point>
      <coordinates>140.150184054356,37.0149909008788,317.410441057147</coordinates>
      <altitudeMode>absolute</altitudeMode>
    </Point>
  </Placemark>

  <Placemark>
    <Style>
      <IconStyle>
        <scale>0.521729783039465</scale>
        <color>FFD3592C</color>
        <Icon>
          <href>http://maps.google.com/mapfiles/kml/shapes/placemark_circle.png</href>
        </Icon>
      </IconStyle>
    </Style>
    <Point>
      <coordinates>140.150182753977,37.0149912163198,317.110441047547</coordinates>
      <altitudeMode>absolute</altitudeMode>
    </Point>
  </Placemark>

  <Placemark>
    <Style>
      <IconStyle>
        <scale>0.521729783039465</scale>
        <color>FFD3592C</color>
        <Icon>
          <href>http://maps.google.com/mapfiles/kml/shapes/placemark_circle.png</href>
        </Icon>
      </IconStyle>
    </Style>
    <Point>
      <coordinates>140.150182753977,37.0149912163198,317.110441047547</coordinates>
      <altitudeMode>absolute</altitudeMode>
    </Point>
  </Placemark>

  <Placemark>
    <Style>
      <IconStyle>
        <scale>0.534093419403101</scale>
        <color>FFD25B2D</color>
        <Icon>
          <href>http://maps.google.com/mapfiles/kml/shapes/placemark_circle.png</href>
        </Icon>
      </IconStyle>
    </Style>
    <Point>
      <coordinates>140.150177230702,37.0149917693064,316.810441037947</coordinates>
      <altitudeMode>absolute</altitudeMode>
    </Point>
  </Placemark>

  <Placemark>
    <Style>
      <IconStyle>
        <scale>0.534093419403101</scale>
        <color>FFD25B2D</color>
        <Icon>
          <href>http://maps.google.com/mapfiles/kml/shapes/placemark_circle.png</href>
        </Icon>
      </IconStyle>
    </Style>
    <Point>
      <coordinates>140.150177230702,37.0149917693064,316.810441037947</coordinates>
      <altitudeMode>absolute</altitudeMode>
    </Point>
  </Placemark>

  <Placemark>
    <Style>
      <IconStyle>
        <scale>0.497002510312192</scale>
        <color>FFD5542A</color>
        <Icon>
          <href>http://maps.google.com/mapfiles/kml/shapes/placemark_circle.png</href>
        </Icon>
      </IconStyle>
    </Style>
    <Point>
      <coordinates>140.15016790054,37.0149929376696,316.310441021947</coordinates>
      <altitudeMode>absolute</altitudeMode>
    </Point>
  </Placemark>

  <Placemark>
    <Style>
      <IconStyle>
        <scale>0.497002510312192</scale>
        <color>FFD5542A</color>
        <Icon>
          <href>http://maps.google.com/mapfiles/kml/shapes/placemark_circle.png</href>
        </Icon>
      </IconStyle>
    </Style>
    <Point>
      <coordinates>140.15016790054,37.0149929376696,316.310441021947</coordinates>
      <altitudeMode>absolute</altitudeMode>
    </Point>
  </Placemark>

  <Placemark>
    <Style>
      <IconStyle>
        <scale>0.526638873948556</scale>
        <color>FFD25A2D</color>
        <Icon>
          <href>http://maps.google.com/mapfiles/kml/shapes/placemark_circle.png</href>
        </Icon>
      </IconStyle>
    </Style>
    <Point>
      <coordinates>140.15015545465,37.0149951234665,315.710441002747</coordinates>
      <altitudeMode>absolute</altitudeMode>
    </Point>
  </Placemark>

  <Placemark>
    <Style>
      <IconStyle>
        <scale>0.526638873948556</scale>
        <color>FFD25A2D</color>
        <Icon>
          <href>http://maps.google.com/mapfiles/kml/shapes/placemark_circle.png</href>
        </Icon>
      </IconStyle>
    </Style>
    <Point>
      <coordinates>140.15015545465,37.0149951234665,315.710441002747</coordinates>
      <altitudeMode>absolute</altitudeMode>
    </Point>
  </Placemark>

  <Placemark>
    <Style>
      <IconStyle>
        <scale>0.538457055766738</scale>
        <color>FFD15C2E</color>
        <Icon>
          <href>http://maps.google.com/mapfiles/kml/shapes/placemark_circle.png</href>
        </Icon>
      </IconStyle>
    </Style>
    <Point>
      <coordinates>140.150140128276,37.0149975379148,315.610440999547</coordinates>
      <altitudeMode>absolute</altitudeMode>
    </Point>
  </Placemark>

  <Placemark>
    <Style>
      <IconStyle>
        <scale>0.538457055766738</scale>
        <color>FFD15C2E</color>
        <Icon>
          <href>http://maps.google.com/mapfiles/kml/shapes/placemark_circle.png</href>
        </Icon>
      </IconStyle>
    </Style>
    <Point>
      <coordinates>140.150140128276,37.0149975379148,315.610440999547</coordinates>
      <altitudeMode>absolute</altitudeMode>
    </Point>
  </Placemark>

  <Placemark>
    <Style>
      <IconStyle>
        <scale>0.535729783039465</scale>
        <color>FFD15B2E</color>
        <Icon>
          <href>http://maps.google.com/mapfiles/kml/shapes/placemark_circle.png</href>
        </Icon>
      </IconStyle>
    </Style>
    <Point>
      <coordinates>140.150122972101,37.0150001626007,315.210440986747</coordinates>
      <altitudeMode>absolute</altitudeMode>
    </Point>
  </Placemark>

  <Placemark>
    <Style>
      <IconStyle>
        <scale>0.535729783039465</scale>
        <color>FFD15B2E</color>
        <Icon>
          <href>http://maps.google.com/mapfiles/kml/shapes/placemark_circle.png</href>
        </Icon>
      </IconStyle>
    </Style>
    <Point>
      <coordinates>140.150122972101,37.0150001626007,315.210440986747</coordinates>
      <altitudeMode>absolute</altitudeMode>
    </Point>
  </Placemark>

  <Placemark>
    <Style>
      <IconStyle>
        <scale>0.553366146675829</scale>
        <color>FFD05E2F</color>
        <Icon>
          <href>http://maps.google.com/mapfiles/kml/shapes/placemark_circle.png</href>
        </Icon>
      </IconStyle>
    </Style>
    <Point>
      <coordinates>140.150104475893,37.0150029485408,314.510440964347</coordinates>
      <altitudeMode>absolute</altitudeMode>
    </Point>
  </Placemark>

  <Placemark>
    <Style>
      <IconStyle>
        <scale>0.553366146675829</scale>
        <color>FFD05E2F</color>
        <Icon>
          <href>http://maps.google.com/mapfiles/kml/shapes/placemark_circle.png</href>
        </Icon>
      </IconStyle>
    </Style>
    <Point>
      <coordinates>140.150104475893,37.0150029485408,314.510440964347</coordinates>
      <altitudeMode>absolute</altitudeMode>
    </Point>
  </Placemark>

  <Placemark>
    <Style>
      <IconStyle>
        <scale>0.57918432849401</scale>
        <color>FFCE6231</color>
        <Icon>
          <href>http://maps.google.com/mapfiles/kml/shapes/placemark_circle.png</href>
        </Icon>
      </IconStyle>
    </Style>
    <Point>
      <coordinates>140.150085586189,37.0150060904544,313.710440938747</coordinates>
      <altitudeMode>absolute</altitudeMode>
    </Point>
  </Placemark>

  <Placemark>
    <Style>
      <IconStyle>
        <scale>0.57918432849401</scale>
        <color>FFCE6231</color>
        <Icon>
          <href>http://maps.google.com/mapfiles/kml/shapes/placemark_circle.png</href>
        </Icon>
      </IconStyle>
    </Style>
    <Point>
      <coordinates>140.150085586189,37.0150060904544,313.710440938747</coordinates>
      <altitudeMode>absolute</altitudeMode>
    </Point>
  </Placemark>

  <Placemark>
    <Style>
      <IconStyle>
        <scale>0.568564006518426</scale>
        <color>FFCF6130</color>
        <Icon>
          <href>http://maps.google.com/mapfiles/kml/shapes/placemark_circle.png</href>
        </Icon>
      </IconStyle>
    </Style>
    <Point>
      <coordinates>140.150069610865,37.015009271515,312.910440913147</coordinates>
      <altitudeMode>absolute</altitudeMode>
    </Point>
  </Placemark>

  <Placemark>
    <Style>
      <IconStyle>
        <scale>0.568564006518426</scale>
        <color>FFCF6130</color>
        <Icon>
          <href>http://maps.google.com/mapfiles/kml/shapes/placemark_circle.png</href>
        </Icon>
      </IconStyle>
    </Style>
    <Point>
      <coordinates>140.150069610865,37.015009271515,312.910440913147</coordinates>
      <altitudeMode>absolute</altitudeMode>
    </Point>
  </Placemark>

  <Placemark>
    <Style>
      <IconStyle>
        <scale>0.554909090909091</scale>
        <color>FFD05E2F</color>
        <Icon>
          <href>http://maps.google.com/mapfiles/kml/shapes/placemark_circle.png</href>
        </Icon>
      </IconStyle>
    </Style>
    <Point>
      <coordinates>140.150056107018,37.0150121335301,312.010440884347</coordinates>
      <altitudeMode>absolute</altitudeMode>
    </Point>
  </Placemark>

  <Placemark>
    <Style>
      <IconStyle>
        <scale>0.554909090909091</scale>
        <color>FFD05E2F</color>
        <Icon>
          <href>http://maps.google.com/mapfiles/kml/shapes/placemark_circle.png</href>
        </Icon>
      </IconStyle>
    </Style>
    <Point>
      <coordinates>140.150056107018,37.0150121335301,312.010440884347</coordinates>
      <altitudeMode>absolute</altitudeMode>
    </Point>
  </Placemark>

  <Placemark>
    <Style>
      <IconStyle>
        <scale>0.552909090909091</scale>
        <color>FFD05E2F</color>
        <Icon>
          <href>http://maps.google.com/mapfiles/kml/shapes/placemark_circle.png</href>
        </Icon>
      </IconStyle>
    </Style>
    <Point>
      <coordinates>140.150048140478,37.0150145207165,311.410440865147</coordinates>
      <altitudeMode>absolute</altitudeMode>
    </Point>
  </Placemark>

  <Placemark>
    <Style>
      <IconStyle>
        <scale>0.552909090909091</scale>
        <color>FFD05E2F</color>
        <Icon>
          <href>http://maps.google.com/mapfiles/kml/shapes/placemark_circle.png</href>
        </Icon>
      </IconStyle>
    </Style>
    <Point>
      <coordinates>140.150048140478,37.0150145207165,311.410440865147</coordinates>
      <altitudeMode>absolute</altitudeMode>
    </Point>
  </Placemark>

  <Placemark>
    <Style>
      <IconStyle>
        <scale>0.508</scale>
        <color>FFD4562B</color>
        <Icon>
          <href>http://maps.google.com/mapfiles/kml/shapes/placemark_circle.png</href>
        </Icon>
      </IconStyle>
    </Style>
    <Point>
      <coordinates>140.150048637794,37.0150144099502,311.410440865147</coordinates>
      <altitudeMode>absolute</altitudeMode>
    </Point>
  </Placemark>

  <Placemark>
    <Style>
      <IconStyle>
        <scale>0.508</scale>
        <color>FFD4562B</color>
        <Icon>
          <href>http://maps.google.com/mapfiles/kml/shapes/placemark_circle.png</href>
        </Icon>
      </IconStyle>
    </Style>
    <Point>
      <coordinates>140.150048637794,37.0150144099502,311.410440865147</coordinates>
      <altitudeMode>absolute</altitudeMode>
    </Point>
  </Placemark>

  <Placemark>
    <Style>
      <IconStyle>
        <scale>0.478363636363636</scale>
        <color>FFD65129</color>
        <Icon>
          <href>http://maps.google.com/mapfiles/kml/shapes/placemark_circle.png</href>
        </Icon>
      </IconStyle>
    </Style>
    <Point>
      <coordinates>140.150049250602,37.0150144327136,311.010440852347</coordinates>
      <altitudeMode>absolute</altitudeMode>
    </Point>
  </Placemark>

  <Placemark>
    <Style>
      <IconStyle>
        <scale>0.478363636363636</scale>
        <color>FFD65129</color>
        <Icon>
          <href>http://maps.google.com/mapfiles/kml/shapes/placemark_circle.png</href>
        </Icon>
      </IconStyle>
    </Style>
    <Point>
      <coordinates>140.150049250602,37.0150144327136,311.010440852347</coordinates>
      <altitudeMode>absolute</altitudeMode>
    </Point>
  </Placemark>

  <Placemark>
    <Style>
      <IconStyle>
        <scale>0.438</scale>
        <color>FFDA4A25</color>
        <Icon>
          <href>http://maps.google.com/mapfiles/kml/shapes/placemark_circle.png</href>
        </Icon>
      </IconStyle>
    </Style>
    <Point>
      <coordinates>140.150046230904,37.0150156214277,310.710440842747</coordinates>
      <altitudeMode>absolute</altitudeMode>
    </Point>
  </Placemark>

  <Placemark>
    <Style>
      <IconStyle>
        <scale>0.438</scale>
        <color>FFDA4A25</color>
        <Icon>
          <href>http://maps.google.com/mapfiles/kml/shapes/placemark_circle.png</href>
        </Icon>
      </IconStyle>
    </Style>
    <Point>
      <coordinates>140.150046230904,37.0150156214277,310.710440842747</coordinates>
      <altitudeMode>absolute</altitudeMode>
    </Point>
  </Placemark>

  <Placemark>
    <Style>
      <IconStyle>
        <scale>0.387454545454545</scale>
        <color>FFDE4221</color>
        <Icon>
          <href>http://maps.google.com/mapfiles/kml/shapes/placemark_circle.png</href>
        </Icon>
      </IconStyle>
    </Style>
    <Point>
      <coordinates>140.150036325107,37.0150182023621,310.610440839547</coordinates>
      <altitudeMode>absolute</altitudeMode>
    </Point>
  </Placemark>

  <Placemark>
    <Style>
      <IconStyle>
        <scale>0.387454545454545</scale>
        <color>FFDE4221</color>
        <Icon>
          <href>http://maps.google.com/mapfiles/kml/shapes/placemark_circle.png</href>
        </Icon>
      </IconStyle>
    </Style>
    <Point>
      <coordinates>140.150036325107,37.0150182023621,310.610440839547</coordinates>
      <altitudeMode>absolute</altitudeMode>
    </Point>
  </Placemark>

  <Placemark>
    <Style>
      <IconStyle>
        <scale>0.377090909090909</scale>
        <color>FFDF4020</color>
        <Icon>
          <href>http://maps.google.com/mapfiles/kml/shapes/placemark_circle.png</href>
        </Icon>
      </IconStyle>
    </Style>
    <Point>
      <coordinates>140.150022528939,37.0150215140537,310.610440839547</coordinates>
      <altitudeMode>absolute</altitudeMode>
    </Point>
  </Placemark>

  <Placemark>
    <Style>
      <IconStyle>
        <scale>0.377090909090909</scale>
        <color>FFDF4020</color>
        <Icon>
          <href>http://maps.google.com/mapfiles/kml/shapes/placemark_circle.png</href>
        </Icon>
      </IconStyle>
    </Style>
    <Point>
      <coordinates>140.150022528939,37.0150215140537,310.610440839547</coordinates>
      <altitudeMode>absolute</altitudeMode>
    </Point>
  </Placemark>

  <Placemark>
    <Style>
      <IconStyle>
        <scale>0.369454545454545</scale>
        <color>FFE03F1F</color>
        <Icon>
          <href>http://maps.google.com/mapfiles/kml/shapes/placemark_circle.png</href>
        </Icon>
      </IconStyle>
    </Style>
    <Point>
      <coordinates>140.150009992472,37.0150238877703,310.610440839547</coordinates>
      <altitudeMode>absolute</altitudeMode>
    </Point>
  </Placemark>

  <Placemark>
    <Style>
      <IconStyle>
        <scale>0.369454545454545</scale>
        <color>FFE03F1F</color>
        <Icon>
          <href>http://maps.google.com/mapfiles/kml/shapes/placemark_circle.png</href>
        </Icon>
      </IconStyle>
    </Style>
    <Point>
      <coordinates>140.150009992472,37.0150238877703,310.610440839547</coordinates>
      <altitudeMode>absolute</altitudeMode>
    </Point>
  </Placemark>

  <Placemark>
    <Style>
      <IconStyle>
        <scale>0.318909090909091</scale>
        <color>FFE4361B</color>
        <Icon>
          <href>http://maps.google.com/mapfiles/kml/shapes/placemark_circle.png</href>
        </Icon>
      </IconStyle>
    </Style>
    <Point>
      <coordinates>140.150009517169,37.0150238356135,310.610440839547</coordinates>
      <altitudeMode>absolute</altitudeMode>
    </Point>
  </Placemark>

  <Placemark>
    <Style>
      <IconStyle>
        <scale>0.318909090909091</scale>
        <color>FFE4361B</color>
        <Icon>
          <href>http://maps.google.com/mapfiles/kml/shapes/placemark_circle.png</href>
        </Icon>
      </IconStyle>
    </Style>
    <Point>
      <coordinates>140.150009517169,37.0150238356135,310.610440839547</coordinates>
      <altitudeMode>absolute</altitudeMode>
    </Point>
  </Placemark>

  <Placemark>
    <Style>
      <IconStyle>
        <scale>0.307090909090909</scale>
        <color>FFE5341A</color>
        <Icon>
          <href>http://maps.google.com/mapfiles/kml/shapes/placemark_circle.png</href>
        </Icon>
      </IconStyle>
    </Style>
    <Point>
      <coordinates>140.150010152627,37.0150240683495,310.610440839547</coordinates>
      <altitudeMode>absolute</altitudeMode>
    </Point>
  </Placemark>

  <Placemark>
    <Style>
      <IconStyle>
        <scale>0.307090909090909</scale>
        <color>FFE5341A</color>
        <Icon>
          <href>http://maps.google.com/mapfiles/kml/shapes/placemark_circle.png</href>
        </Icon>
      </IconStyle>
    </Style>
    <Point>
      <coordinates>140.150010152627,37.0150240683495,310.610440839547</coordinates>
      <altitudeMode>absolute</altitudeMode>
    </Point>
  </Placemark>

  <Placemark>
    <Style>
      <IconStyle>
        <scale>0.345636363636364</scale>
        <color>FFE23B1D</color>
        <Icon>
          <href>http://maps.google.com/mapfiles/kml/shapes/placemark_circle.png</href>
        </Icon>
      </IconStyle>
    </Style>
    <Point>
      <coordinates>140.150010959671,37.0150242066047,310.610440839547</coordinates>
      <altitudeMode>absolute</altitudeMode>
    </Point>
  </Placemark>

  <Placemark>
    <Style>
      <IconStyle>
        <scale>0.345636363636364</scale>
        <color>FFE23B1D</color>
        <Icon>
          <href>http://maps.google.com/mapfiles/kml/shapes/placemark_circle.png</href>
        </Icon>
      </IconStyle>
    </Style>
    <Point>
      <coordinates>140.150010959671,37.0150242066047,310.610440839547</coordinates>
      <altitudeMode>absolute</altitudeMode>
    </Point>
  </Placemark>

  <Placemark>
    <Style>
      <IconStyle>
        <scale>0.341818181818182</scale>
        <color>FFE23A1D</color>
        <Icon>
          <href>http://maps.google.com/mapfiles/kml/shapes/placemark_circle.png</href>
        </Icon>
      </IconStyle>
    </Style>
    <Point>
      <coordinates>140.150010441279,37.01502463626,310.610440839547</coordinates>
      <altitudeMode>absolute</altitudeMode>
    </Point>
  </Placemark>

  <Placemark>
    <Style>
      <IconStyle>
        <scale>0.341818181818182</scale>
        <color>FFE23A1D</color>
        <Icon>
          <href>http://maps.google.com/mapfiles/kml/shapes/placemark_circle.png</href>
        </Icon>
      </IconStyle>
    </Style>
    <Point>
      <coordinates>140.150010441279,37.01502463626,310.610440839547</coordinates>
      <altitudeMode>absolute</altitudeMode>
    </Point>
  </Placemark>

  <Placemark>
    <Style>
      <IconStyle>
        <scale>0.366363636363636</scale>
        <color>FFE03E1F</color>
        <Icon>
          <href>http://maps.google.com/mapfiles/kml/shapes/placemark_circle.png</href>
        </Icon>
      </IconStyle>
    </Style>
    <Point>
      <coordinates>140.150009896209,37.0150247200069,310.110440823547</coordinates>
      <altitudeMode>absolute</altitudeMode>
    </Point>
  </Placemark>

  <Placemark>
    <Style>
      <IconStyle>
        <scale>0.366363636363636</scale>
        <color>FFE03E1F</color>
        <Icon>
          <href>http://maps.google.com/mapfiles/kml/shapes/placemark_circle.png</href>
        </Icon>
      </IconStyle>
    </Style>
    <Point>
      <coordinates>140.150009896209,37.0150247200069,310.110440823547</coordinates>
      <altitudeMode>absolute</altitudeMode>
    </Point>
  </Placemark>

  <Placemark>
    <Style>
      <IconStyle>
        <scale>0.319090909090909</scale>
        <color>FFE4361B</color>
        <Icon>
          <href>http://maps.google.com/mapfiles/kml/shapes/placemark_circle.png</href>
        </Icon>
      </IconStyle>
    </Style>
    <Point>
      <coordinates>140.150009386621,37.0150239670246,309.610440807547</coordinates>
      <altitudeMode>absolute</altitudeMode>
    </Point>
  </Placemark>

  <Placemark>
    <Style>
      <IconStyle>
        <scale>0.319090909090909</scale>
        <color>FFE4361B</color>
        <Icon>
          <href>http://maps.google.com/mapfiles/kml/shapes/placemark_circle.png</href>
        </Icon>
      </IconStyle>
    </Style>
    <Point>
      <coordinates>140.150009386621,37.0150239670246,309.610440807547</coordinates>
      <altitudeMode>absolute</altitudeMode>
    </Point>
  </Placemark>

  <Placemark>
    <Style>
      <IconStyle>
        <scale>0.325090909090909</scale>
        <color>FFE3371C</color>
        <Icon>
          <href>http://maps.google.com/mapfiles/kml/shapes/placemark_circle.png</href>
        </Icon>
      </IconStyle>
    </Style>
    <Point>
      <coordinates>140.150009265085,37.015023711931,309.110440791547</coordinates>
      <altitudeMode>absolute</altitudeMode>
    </Point>
  </Placemark>

  <Placemark>
    <Style>
      <IconStyle>
        <scale>0.325090909090909</scale>
        <color>FFE3371C</color>
        <Icon>
          <href>http://maps.google.com/mapfiles/kml/shapes/placemark_circle.png</href>
        </Icon>
      </IconStyle>
    </Style>
    <Point>
      <coordinates>140.150009265085,37.015023711931,309.110440791547</coordinates>
      <altitudeMode>absolute</altitudeMode>
    </Point>
  </Placemark>

  <Placemark>
    <Style>
      <IconStyle>
        <scale>0.342363636363636</scale>
        <color>FFE23A1D</color>
        <Icon>
          <href>http://maps.google.com/mapfiles/kml/shapes/placemark_circle.png</href>
        </Icon>
      </IconStyle>
    </Style>
    <Point>
      <coordinates>140.150009853981,37.0150238001732,308.510440772347</coordinates>
      <altitudeMode>absolute</altitudeMode>
    </Point>
  </Placemark>

  <Placemark>
    <Style>
      <IconStyle>
        <scale>0.342363636363636</scale>
        <color>FFE23A1D</color>
        <Icon>
          <href>http://maps.google.com/mapfiles/kml/shapes/placemark_circle.png</href>
        </Icon>
      </IconStyle>
    </Style>
    <Point>
      <coordinates>140.150009853981,37.0150238001732,308.510440772347</coordinates>
      <altitudeMode>absolute</altitudeMode>
    </Point>
  </Placemark>

  <Placemark>
    <Style>
      <IconStyle>
        <scale>0.393636363636364</scale>
        <color>FFDE4321</color>
        <Icon>
          <href>http://maps.google.com/mapfiles/kml/shapes/placemark_circle.png</href>
        </Icon>
      </IconStyle>
    </Style>
    <Point>
      <coordinates>140.150009814706,37.0150238023288,307.910440753147</coordinates>
      <altitudeMode>absolute</altitudeMode>
    </Point>
  </Placemark>

  <Placemark>
    <Style>
      <IconStyle>
        <scale>0.393636363636364</scale>
        <color>FFDE4321</color>
        <Icon>
          <href>http://maps.google.com/mapfiles/kml/shapes/placemark_circle.png</href>
        </Icon>
      </IconStyle>
    </Style>
    <Point>
      <coordinates>140.150009814706,37.0150238023288,307.910440753147</coordinates>
      <altitudeMode>absolute</altitudeMode>
    </Point>
  </Placemark>

  <Placemark>
    <Style>
      <IconStyle>
        <scale>0.446181818181818</scale>
        <color>FFD94C26</color>
        <Icon>
          <href>http://maps.google.com/mapfiles/kml/shapes/placemark_circle.png</href>
        </Icon>
      </IconStyle>
    </Style>
    <Point>
      <coordinates>140.150009451669,37.015023601811,307.410440737147</coordinates>
      <altitudeMode>absolute</altitudeMode>
    </Point>
  </Placemark>

  <Placemark>
    <Style>
      <IconStyle>
        <scale>0.446181818181818</scale>
        <color>FFD94C26</color>
        <Icon>
          <href>http://maps.google.com/mapfiles/kml/shapes/placemark_circle.png</href>
        </Icon>
      </IconStyle>
    </Style>
    <Point>
      <coordinates>140.150009451669,37.015023601811,307.410440737147</coordinates>
      <altitudeMode>absolute</altitudeMode>
    </Point>
  </Placemark>

  <Placemark>
    <Style>
      <IconStyle>
        <scale>0.558</scale>
        <color>FFD05F2F</color>
        <Icon>
          <href>http://maps.google.com/mapfiles/kml/shapes/placemark_circle.png</href>
        </Icon>
      </IconStyle>
    </Style>
    <Point>
      <coordinates>140.15000922232,37.0150241618719,307.210440730747</coordinates>
      <altitudeMode>absolute</altitudeMode>
    </Point>
  </Placemark>

  <Placemark>
    <Style>
      <IconStyle>
        <scale>0.558</scale>
        <color>FFD05F2F</color>
        <Icon>
          <href>http://maps.google.com/mapfiles/kml/shapes/placemark_circle.png</href>
        </Icon>
      </IconStyle>
    </Style>
    <Point>
      <coordinates>140.15000922232,37.0150241618719,307.210440730747</coordinates>
      <altitudeMode>absolute</altitudeMode>
    </Point>
  </Placemark>

  <Placemark>
    <Style>
      <IconStyle>
        <scale>0.693454545454545</scale>
        <color>FFC4763B</color>
        <Icon>
          <href>http://maps.google.com/mapfiles/kml/shapes/placemark_circle.png</href>
        </Icon>
      </IconStyle>
    </Style>
    <Point>
      <coordinates>140.150008974095,37.0150243122423,307.010440724347</coordinates>
      <altitudeMode>absolute</altitudeMode>
    </Point>
  </Placemark>

  <Placemark>
    <Style>
      <IconStyle>
        <scale>0.693454545454545</scale>
        <color>FFC4763B</color>
        <Icon>
          <href>http://maps.google.com/mapfiles/kml/shapes/placemark_circle.png</href>
        </Icon>
      </IconStyle>
    </Style>
    <Point>
      <coordinates>140.150008974095,37.0150243122423,307.010440724347</coordinates>
      <altitudeMode>absolute</altitudeMode>
    </Point>
  </Placemark>

  <Placemark>
    <Style>
      <IconStyle>
        <scale>0.658363636363636</scale>
        <color>FFC77038</color>
        <Icon>
          <href>http://maps.google.com/mapfiles/kml/shapes/placemark_circle.png</href>
        </Icon>
      </IconStyle>
    </Style>
    <Point>
      <coordinates>140.150009245286,37.0150243807445,307.010440724347</coordinates>
      <altitudeMode>absolute</altitudeMode>
    </Point>
  </Placemark>

  <Placemark>
    <Style>
      <IconStyle>
        <scale>0.658363636363636</scale>
        <color>FFC77038</color>
        <Icon>
          <href>http://maps.google.com/mapfiles/kml/shapes/placemark_circle.png</href>
        </Icon>
      </IconStyle>
    </Style>
    <Point>
      <coordinates>140.150009245286,37.0150243807445,307.010440724347</coordinates>
      <altitudeMode>absolute</altitudeMode>
    </Point>
  </Placemark>

  <Placemark>
    <Style>
      <IconStyle>
        <scale>0.556181818181818</scale>
        <color>FFD05F2F</color>
        <Icon>
          <href>http://maps.google.com/mapfiles/kml/shapes/placemark_circle.png</href>
        </Icon>
      </IconStyle>
    </Style>
    <Point>
      <coordinates>140.150009525365,37.0150232149048,306.410440705147</coordinates>
      <altitudeMode>absolute</altitudeMode>
    </Point>
  </Placemark>

  <Placemark>
    <Style>
      <IconStyle>
        <scale>0.556181818181818</scale>
        <color>FFD05F2F</color>
        <Icon>
          <href>http://maps.google.com/mapfiles/kml/shapes/placemark_circle.png</href>
        </Icon>
      </IconStyle>
    </Style>
    <Point>
      <coordinates>140.150009525365,37.0150232149048,306.410440705147</coordinates>
      <altitudeMode>absolute</altitudeMode>
    </Point>
  </Placemark>
</Document>
</kml>
