<?xml version="1.0" encoding="UTF-8"?>
<kml xmlns="http://www.opengis.net/kml/2.2">
<Document>
  <Placemark>
    <Style>
      <IconStyle>
        <scale>0.705818181818182</scale>
        <color>FFC3783C</color>
        <Icon>
          <href>http://maps.google.com/mapfiles/kml/shapes/placemark_circle.png</href>
        </Icon>
      </IconStyle>
    </Style>
    <Point>
      <coordinates>140.150037738105,37.0149983624945,308.634152976291</coordinates>
      <altitudeMode>absolute</altitudeMode>
    </Point>
  </Placemark>

  <Placemark>
    <Style>
      <IconStyle>
        <scale>0.857454545454545</scale>
        <color>FFB69249</color>
        <Icon>
          <href>http://maps.google.com/mapfiles/kml/shapes/placemark_circle.png</href>
        </Icon>
      </IconStyle>
    </Style>
    <Point>
      <coordinates>140.150038121134,37.0149980231329,308.734152979491</coordinates>
      <altitudeMode>absolute</altitudeMode>
    </Point>
  </Placemark>

  <Placemark>
    <Style>
      <IconStyle>
        <scale>1.01327272727273</scale>
        <color>FFA9AC56</color>
        <Icon>
          <href>http://maps.google.com/mapfiles/kml/shapes/placemark_circle.png</href>
        </Icon>
      </IconStyle>
    </Style>
    <Point>
      <coordinates>140.150042716099,37.0149931127766,309.134152992291</coordinates>
      <altitudeMode>absolute</altitudeMode>
    </Point>
  </Placemark>

  <Placemark>
    <Style>
      <IconStyle>
        <scale>1.024</scale>
        <color>FFA8AE57</color>
        <Icon>
          <href>http://maps.google.com/mapfiles/kml/shapes/placemark_circle.png</href>
        </Icon>
      </IconStyle>
    </Style>
    <Point>
      <coordinates>140.150054983997,37.0149807202633,309.434153001891</coordinates>
      <altitudeMode>absolute</altitudeMode>
    </Point>
  </Placemark>

  <Placemark>
    <Style>
      <IconStyle>
        <scale>1.10327272727273</scale>
        <color>FFA1BC5E</color>
        <Icon>
          <href>http://maps.google.com/mapfiles/kml/shapes/placemark_circle.png</href>
        </Icon>
      </IconStyle>
    </Style>
    <Point>
      <coordinates>140.150066618751,37.0149684929621,309.934153017891</coordinates>
      <altitudeMode>absolute</altitudeMode>
    </Point>
  </Placemark>

  <Placemark>
    <Style>
      <IconStyle>
        <scale>1.202</scale>
        <color>FF99CC66</color>
        <Icon>
          <href>http://maps.google.com/mapfiles/kml/shapes/placemark_circle.png</href>
        </Icon>
      </IconStyle>
    </Style>
    <Point>
      <coordinates>140.150076145045,37.0149585071095,310.434153033891</coordinates>
      <altitudeMode>absolute</altitudeMode>
    </Point>
  </Placemark>

  <Placemark>
    <Style>
      <IconStyle>
        <scale>1.24363636363636</scale>
        <color>FF95D36A</color>
        <Icon>
          <href>http://maps.google.com/mapfiles/kml/shapes/placemark_circle.png</href>
        </Icon>
      </IconStyle>
    </Style>
    <Point>
      <coordinates>140.150084323664,37.0149501750199,310.934153049891</coordinates>
      <altitudeMode>absolute</altitudeMode>
    </Point>
  </Placemark>

  <Placemark>
    <Style>
      <IconStyle>
        <scale>1.22963636363636</scale>
        <color>FF96D169</color>
        <Icon>
          <href>http://maps.google.com/mapfiles/kml/shapes/placemark_circle.png</href>
        </Icon>
      </IconStyle>
    </Style>
    <Point>
      <coordinates>140.150090498992,37.0149439731361,311.534153069091</coordinates>
      <altitudeMode>absolute</altitudeMode>
    </Point>
  </Placemark>

  <Placemark>
    <Style>
      <IconStyle>
        <scale>1.148</scale>
        <color>FF9DC362</color>
        <Icon>
          <href>http://maps.google.com/mapfiles/kml/shapes/placemark_circle.png</href>
        </Icon>
      </IconStyle>
    </Style>
    <Point>
      <coordinates>140.150095621111,37.0149385800874,312.034153085091</coordinates>
      <altitudeMode>absolute</altitudeMode>
    </Point>
  </Placemark>

  <Placemark>
    <Style>
      <IconStyle>
        <scale>0.993636363636364</scale>
        <color>FFABA954</color>
        <Icon>
          <href>http://maps.google.com/mapfiles/kml/shapes/placemark_circle.png</href>
        </Icon>
      </IconStyle>
    </Style>
    <Point>
      <coordinates>140.150099757788,37.0149325994087,312.534153101091</coordinates>
      <altitudeMode>absolute</altitudeMode>
    </Point>
  </Placemark>

  <Placemark>
    <Style>
      <IconStyle>
        <scale>0.946181818181819</scale>
        <color>FFAFA150</color>
        <Icon>
          <href>http://maps.google.com/mapfiles/kml/shapes/placemark_circle.png</href>
        </Icon>
      </IconStyle>
    </Style>
    <Point>
      <coordinates>140.150104084104,37.0149263628818,313.034153117091</coordinates>
      <altitudeMode>absolute</altitudeMode>
    </Point>
  </Placemark>

  <Placemark>
    <Style>
      <IconStyle>
        <scale>0.816909090909091</scale>
        <color>FFBA8B45</color>
        <Icon>
          <href>http://maps.google.com/mapfiles/kml/shapes/placemark_circle.png</href>
        </Icon>
      </IconStyle>
    </Style>
    <Point>
      <coordinates>140.150108327365,37.0149201332468,313.534153133091</coordinates>
      <altitudeMode>absolute</altitudeMode>
    </Point>
  </Placemark>

  <Placemark>
    <Style>
      <IconStyle>
        <scale>0.658181818181819</scale>
        <color>FFC77038</color>
        <Icon>
          <href>http://maps.google.com/mapfiles/kml/shapes/placemark_circle.png</href>
        </Icon>
      </IconStyle>
    </Style>
    <Point>
      <coordinates>140.150112548868,37.0149138311816,314.134153152291</coordinates>
      <altitudeMode>absolute</altitudeMode>
    </Point>
  </Placemark>

  <Placemark>
    <Style>
      <IconStyle>
        <scale>0.650727272727273</scale>
        <color>FFC86F37</color>
        <Icon>
          <href>http://maps.google.com/mapfiles/kml/shapes/placemark_circle.png</href>
        </Icon>
      </IconStyle>
    </Style>
    <Point>
      <coordinates>140.150117136076,37.014907504068,314.634153168291</coordinates>
      <altitudeMode>absolute</altitudeMode>
    </Point>
  </Placemark>

  <Placemark>
    <Style>
      <IconStyle>
        <scale>0.721818181818182</scale>
        <color>FFC27B3D</color>
        <Icon>
          <href>http://maps.google.com/mapfiles/kml/shapes/placemark_circle.png</href>
        </Icon>
      </IconStyle>
    </Style>
    <Point>
      <coordinates>140.150121787135,37.0149014878938,315.234153187491</coordinates>
      <altitudeMode>absolute</altitudeMode>
    </Point>
  </Placemark>

  <Placemark>
    <Style>
      <IconStyle>
        <scale>0.719090909090909</scale>
        <color>FFC27A3D</color>
        <Icon>
          <href>http://maps.google.com/mapfiles/kml/shapes/placemark_circle.png</href>
        </Icon>
      </IconStyle>
    </Style>
    <Point>
      <coordinates>140.150126516052,37.0148957750264,315.734153203491</coordinates>
      <altitudeMode>absolute</altitudeMode>
    </Point>
  </Placemark>

  <Placemark>
    <Style>
      <IconStyle>
        <scale>0.620545454545455</scale>
        <color>FFCA6935</color>
        <Icon>
          <href>http://maps.google.com/mapfiles/kml/shapes/placemark_circle.png</href>
        </Icon>
      </IconStyle>
    </Style>
    <Point>
      <coordinates>140.150130700541,37.0148901268191,316.334153222691</coordinates>
      <altitudeMode>absolute</altitudeMode>
    </Point>
  </Placemark>

  <Placemark>
    <Style>
      <IconStyle>
        <scale>0.602909090909091</scale>
        <color>FFCC6633</color>
        <Icon>
          <href>http://maps.google.com/mapfiles/kml/shapes/placemark_circle.png</href>
        </Icon>
      </IconStyle>
    </Style>
    <Point>
      <coordinates>140.150134164306,37.014884108846,316.834153238691</coordinates>
      <altitudeMode>absolute</altitudeMode>
    </Point>
  </Placemark>

  <Placemark>
    <Style>
      <IconStyle>
        <scale>0.579454545454546</scale>
        <color>FFCE6331</color>
        <Icon>
          <href>http://maps.google.com/mapfiles/kml/shapes/placemark_circle.png</href>
        </Icon>
      </IconStyle>
    </Style>
    <Point>
      <coordinates>140.150137014825,37.0148776384485,317.434153257891</coordinates>
      <altitudeMode>absolute</altitudeMode>
    </Point>
  </Placemark>

  <Placemark>
    <Style>
      <IconStyle>
        <scale>0.599636363636364</scale>
        <color>FFCC6633</color>
        <Icon>
          <href>http://maps.google.com/mapfiles/kml/shapes/placemark_circle.png</href>
        </Icon>
      </IconStyle>
    </Style>
    <Point>
      <coordinates>140.150140233764,37.0148716879282,317.934153273891</coordinates>
      <altitudeMode>absolute</altitudeMode>
    </Point>
  </Placemark>

  <Placemark>
    <Style>
      <IconStyle>
        <scale>0.588727272727273</scale>
        <color>FFCD6432</color>
        <Icon>
          <href>http://maps.google.com/mapfiles/kml/shapes/placemark_circle.png</href>
        </Icon>
      </IconStyle>
    </Style>
    <Point>
      <coordinates>140.150142943792,37.014866451934,318.534153293091</coordinates>
      <altitudeMode>absolute</altitudeMode>
    </Point>
  </Placemark>

  <Placemark>
    <Style>
      <IconStyle>
        <scale>0.523090909090909</scale>
        <color>FFD3592C</color>
        <Icon>
          <href>http://maps.google.com/mapfiles/kml/shapes/placemark_circle.png</href>
        </Icon>
      </IconStyle>
    </Style>
    <Point>
      <coordinates>140.150145790385,37.014862764872,319.034153309091</coordinates>
      <altitudeMode>absolute</altitudeMode>
    </Point>
  </Placemark>

  <Placemark>
    <Style>
      <IconStyle>
        <scale>0.507636363636364</scale>
        <color>FFD4562B</color>
        <Icon>
          <href>http://maps.google.com/mapfiles/kml/shapes/placemark_circle.png</href>
        </Icon>
      </IconStyle>
    </Style>
    <Point>
      <coordinates>140.150149205764,37.0148594457169,319.534153325091</coordinates>
      <altitudeMode>absolute</altitudeMode>
    </Point>
  </Placemark>

  <Placemark>
    <Style>
      <IconStyle>
        <scale>0.712727272727273</scale>
        <color>FFC2793D</color>
        <Icon>
          <href>http://maps.google.com/mapfiles/kml/shapes/placemark_circle.png</href>
        </Icon>
      </IconStyle>
    </Style>
    <Point>
      <coordinates>140.150152967719,37.0148549646828,320.034153341091</coordinates>
      <altitudeMode>absolute</altitudeMode>
    </Point>
  </Placemark>

  <Placemark>
    <Style>
      <IconStyle>
        <scale>0.636363636363636</scale>
        <color>FFC96C36</color>
        <Icon>
          <href>http://maps.google.com/mapfiles/kml/shapes/placemark_circle.png</href>
        </Icon>
      </IconStyle>
    </Style>
    <Point>
      <coordinates>140.150157041178,37.0148500150936,320.534153357091</coordinates>
      <altitudeMode>absolute</altitudeMode>
    </Point>
  </Placemark>

  <Placemark>
    <Style>
      <IconStyle>
        <scale>0.572181818181818</scale>
        <color>FFCE6131</color>
        <Icon>
          <href>http://maps.google.com/mapfiles/kml/shapes/placemark_circle.png</href>
        </Icon>
      </IconStyle>
    </Style>
    <Point>
      <coordinates>140.150162541067,37.0148435700273,320.934153369891</coordinates>
      <altitudeMode>absolute</altitudeMode>
    </Point>
  </Placemark>

  <Placemark>
    <Style>
      <IconStyle>
        <scale>0.548</scale>
        <color>FFD05D2F</color>
        <Icon>
          <href>http://maps.google.com/mapfiles/kml/shapes/placemark_circle.png</href>
        </Icon>
      </IconStyle>
    </Style>
    <Point>
      <coordinates>140.150171512755,37.0148342927278,321.434153385891</coordinates>
      <altitudeMode>absolute</altitudeMode>
    </Point>
  </Placemark>

  <Placemark>
    <Style>
      <IconStyle>
        <scale>0.666545454545454</scale>
        <color>FFC67139</color>
        <Icon>
          <href>http://maps.google.com/mapfiles/kml/shapes/placemark_circle.png</href>
        </Icon>
      </IconStyle>
    </Style>
    <Point>
      <coordinates>140.150184851234,37.0148209123325,322.034153405091</coordinates>
      <altitudeMode>absolute</altitudeMode>
    </Point>
  </Placemark>

  <Placemark>
    <Style>
      <IconStyle>
        <scale>0.626363636363636</scale>
        <color>FFCA6A35</color>
        <Icon>
          <href>http://maps.google.com/mapfiles/kml/shapes/placemark_circle.png</href>
        </Icon>
      </IconStyle>
    </Style>
    <Point>
      <coordinates>140.150200511227,37.0148064998926,322.634153424291</coordinates>
      <altitudeMode>absolute</altitudeMode>
    </Point>
  </Placemark>

  <Placemark>
    <Style>
      <IconStyle>
        <scale>0.662727272727273</scale>
        <color>FFC77138</color>
        <Icon>
          <href>http://maps.google.com/mapfiles/kml/shapes/placemark_circle.png</href>
        </Icon>
      </IconStyle>
    </Style>
    <Point>
      <coordinates>140.150215461127,37.0147926264418,323.234153443491</coordinates>
      <altitudeMode>absolute</altitudeMode>
    </Point>
  </Placemark>

  <Placemark>
    <Style>
      <IconStyle>
        <scale>0.661818181818182</scale>
        <color>FFC77138</color>
        <Icon>
          <href>http://maps.google.com/mapfiles/kml/shapes/placemark_circle.png</href>
        </Icon>
      </IconStyle>
    </Style>
    <Point>
      <coordinates>140.150230610182,37.014778910187,323.934153465891</coordinates>
      <altitudeMode>absolute</altitudeMode>
    </Point>
  </Placemark>

  <Placemark>
    <Style>
      <IconStyle>
        <scale>0.71617468908368</scale>
        <color>FFC27A3D</color>
        <Icon>
          <href>http://maps.google.com/mapfiles/kml/shapes/placemark_circle.png</href>
        </Icon>
      </IconStyle>
    </Style>
    <Point>
      <coordinates>140.150245363974,37.0147659055028,324.734153491491</coordinates>
      <altitudeMode>absolute</altitudeMode>
    </Point>
  </Placemark>

  <Placemark>
    <Style>
      <IconStyle>
        <scale>0.835328674882691</scale>
        <color>FFB88E47</color>
        <Icon>
          <href>http://maps.google.com/mapfiles/kml/shapes/placemark_circle.png</href>
        </Icon>
      </IconStyle>
    </Style>
    <Point>
      <coordinates>140.15025962657,37.0147542526691,325.334153510691</coordinates>
      <altitudeMode>absolute</altitudeMode>
    </Point>
  </Placemark>

  <Placemark>
    <Style>
      <IconStyle>
        <scale>0.842055947609964</scale>
        <color>FFB78F48</color>
        <Icon>
          <href>http://maps.google.com/mapfiles/kml/shapes/placemark_circle.png</href>
        </Icon>
      </IconStyle>
    </Style>
    <Point>
      <coordinates>140.150272136673,37.0147433523026,325.734153523491</coordinates>
      <altitudeMode>absolute</altitudeMode>
    </Point>
  </Placemark>

  <Placemark>
    <Style>
      <IconStyle>
        <scale>0.647328674882691</scale>
        <color>FFC86E37</color>
        <Icon>
          <href>http://maps.google.com/mapfiles/kml/shapes/placemark_circle.png</href>
        </Icon>
      </IconStyle>
    </Style>
    <Point>
      <coordinates>140.150283540359,37.014732411502,326.134153536291</coordinates>
      <altitudeMode>absolute</altitudeMode>
    </Point>
  </Placemark>

  <Placemark>
    <Style>
      <IconStyle>
        <scale>0.578783220337237</scale>
        <color>FFCE6231</color>
        <Icon>
          <href>http://maps.google.com/mapfiles/kml/shapes/placemark_circle.png</href>
        </Icon>
      </IconStyle>
    </Style>
    <Point>
      <coordinates>140.150294472074,37.0147215839853,326.434153545891</coordinates>
      <altitudeMode>absolute</altitudeMode>
    </Point>
  </Placemark>

  <Placemark>
    <Style>
      <IconStyle>
        <scale>0.635510493064509</scale>
        <color>FFC96C36</color>
        <Icon>
          <href>http://maps.google.com/mapfiles/kml/shapes/placemark_circle.png</href>
        </Icon>
      </IconStyle>
    </Style>
    <Point>
      <coordinates>140.150307037301,37.0147098058403,327.034153565091</coordinates>
      <altitudeMode>absolute</altitudeMode>
    </Point>
  </Placemark>

  <Placemark>
    <Style>
      <IconStyle>
        <scale>0.665328674882691</scale>
        <color>FFC67139</color>
        <Icon>
          <href>http://maps.google.com/mapfiles/kml/shapes/placemark_circle.png</href>
        </Icon>
      </IconStyle>
    </Style>
    <Point>
      <coordinates>140.150321011426,37.0146971520413,327.534153581091</coordinates>
      <altitudeMode>absolute</altitudeMode>
    </Point>
  </Placemark>

  <Placemark>
    <Style>
      <IconStyle>
        <scale>0.624055947609964</scale>
        <color>FFCA6A35</color>
        <Icon>
          <href>http://maps.google.com/mapfiles/kml/shapes/placemark_circle.png</href>
        </Icon>
      </IconStyle>
    </Style>
    <Point>
      <coordinates>140.150335278935,37.0146847583223,328.034153597091</coordinates>
      <altitudeMode>absolute</altitudeMode>
    </Point>
  </Placemark>

  <Placemark>
    <Style>
      <IconStyle>
        <scale>0.644237765791782</scale>
        <color>FFC86E37</color>
        <Icon>
          <href>http://maps.google.com/mapfiles/kml/shapes/placemark_circle.png</href>
        </Icon>
      </IconStyle>
    </Style>
    <Point>
      <coordinates>140.150351056255,37.0146728078015,328.534153613091</coordinates>
      <altitudeMode>absolute</altitudeMode>
    </Point>
  </Placemark>

  <Placemark>
    <Style>
      <IconStyle>
        <scale>0.600601402155418</scale>
        <color>FFCC6633</color>
        <Icon>
          <href>http://maps.google.com/mapfiles/kml/shapes/placemark_circle.png</href>
        </Icon>
      </IconStyle>
    </Style>
    <Point>
      <coordinates>140.150366241938,37.0146594443851,328.834153622691</coordinates>
      <altitudeMode>absolute</altitudeMode>
    </Point>
  </Placemark>

  <Placemark>
    <Style>
      <IconStyle>
        <scale>0.590783220337237</scale>
        <color>FFCD6432</color>
        <Icon>
          <href>http://maps.google.com/mapfiles/kml/shapes/placemark_circle.png</href>
        </Icon>
      </IconStyle>
    </Style>
    <Point>
      <coordinates>140.150371939135,37.0146562481084,329.134153632291</coordinates>
      <altitudeMode>absolute</altitudeMode>
    </Point>
  </Placemark>

  <Placemark>
    <Style>
      <IconStyle>
        <scale>0.552790349435375</scale>
        <color>FFD05E2F</color>
        <Icon>
          <href>http://maps.google.com/mapfiles/kml/shapes/placemark_circle.png</href>
        </Icon>
      </IconStyle>
    </Style>
    <Point>
      <coordinates>140.150371898753,37.0146562337852,329.034153629091</coordinates>
      <altitudeMode>absolute</altitudeMode>
    </Point>
  </Placemark>

  <Placemark>
    <Style>
      <IconStyle>
        <scale>0.413636363636364</scale>
        <color>FFDC4623</color>
        <Icon>
          <href>http://maps.google.com/mapfiles/kml/shapes/placemark_circle.png</href>
        </Icon>
      </IconStyle>
    </Style>
    <Point>
      <coordinates>140.150375845218,37.0146507412661,329.334153638691</coordinates>
      <altitudeMode>absolute</altitudeMode>
    </Point>
  </Placemark>

  <Placemark>
    <Style>
      <IconStyle>
        <scale>0.390363636363636</scale>
        <color>FFDE4221</color>
        <Icon>
          <href>http://maps.google.com/mapfiles/kml/shapes/placemark_circle.png</href>
        </Icon>
      </IconStyle>
    </Style>
    <Point>
      <coordinates>140.150390132232,37.0146351548341,329.934153657891</coordinates>
      <altitudeMode>absolute</altitudeMode>
    </Point>
  </Placemark>

  <Placemark>
    <Style>
      <IconStyle>
        <scale>0.423090909090909</scale>
        <color>FFDB4824</color>
        <Icon>
          <href>http://maps.google.com/mapfiles/kml/shapes/placemark_circle.png</href>
        </Icon>
      </IconStyle>
    </Style>
    <Point>
      <coordinates>140.150411241978,37.0146107254087,330.734153683491</coordinates>
      <altitudeMode>absolute</altitudeMode>
    </Point>
  </Placemark>

  <Placemark>
    <Style>
      <IconStyle>
        <scale>0.435636363636364</scale>
        <color>FFDA4A25</color>
        <Icon>
          <href>http://maps.google.com/mapfiles/kml/shapes/placemark_circle.png</href>
        </Icon>
      </IconStyle>
    </Style>
    <Point>
      <coordinates>140.150435455868,37.0145818414197,331.434153705891</coordinates>
      <altitudeMode>absolute</altitudeMode>
    </Point>
  </Placemark>

  <Placemark>
    <Style>
      <IconStyle>
        <scale>0.372727272727273</scale>
        <color>FFDF3F20</color>
        <Icon>
          <href>http://maps.google.com/mapfiles/kml/shapes/placemark_circle.png</href>
        </Icon>
      </IconStyle>
    </Style>
    <Point>
      <coordinates>140.150460260902,37.014551424638,332.134153728291</coordinates>
      <altitudeMode>absolute</altitudeMode>
    </Point>
  </Placemark>

  <Placemark>
    <Style>
      <IconStyle>
        <scale>0.318909090909091</scale>
        <color>FFE4361B</color>
        <Icon>
          <href>http://maps.google.com/mapfiles/kml/shapes/placemark_circle.png</href>
        </Icon>
      </IconStyle>
    </Style>
    <Point>
      <coordinates>140.150486364008,37.0145196725048,332.634153744291</coordinates>
      <altitudeMode>absolute</altitudeMode>
    </Point>
  </Placemark>

  <Placemark>
    <Style>
      <IconStyle>
        <scale>0.269272727272727</scale>
        <color>FFE82E17</color>
        <Icon>
          <href>http://maps.google.com/mapfiles/kml/shapes/placemark_circle.png</href>
        </Icon>
      </IconStyle>
    </Style>
    <Point>
      <coordinates>140.150511381168,37.014490024244,333.234153763491</coordinates>
      <altitudeMode>absolute</altitudeMode>
    </Point>
  </Placemark>

  <Placemark>
    <Style>
      <IconStyle>
        <scale>0.241454545454545</scale>
        <color>FFEA2915</color>
        <Icon>
          <href>http://maps.google.com/mapfiles/kml/shapes/placemark_circle.png</href>
        </Icon>
      </IconStyle>
    </Style>
    <Point>
      <coordinates>140.150537864967,37.014458460746,333.834153782691</coordinates>
      <altitudeMode>absolute</altitudeMode>
    </Point>
  </Placemark>

  <Placemark>
    <Style>
      <IconStyle>
        <scale>0.233090909090909</scale>
        <color>FFEB2814</color>
        <Icon>
          <href>http://maps.google.com/mapfiles/kml/shapes/placemark_circle.png</href>
        </Icon>
      </IconStyle>
    </Style>
    <Point>
      <coordinates>140.1505644594,37.0144261431531,334.334153798691</coordinates>
      <altitudeMode>absolute</altitudeMode>
    </Point>
  </Placemark>

  <Placemark>
    <Style>
      <IconStyle>
        <scale>0.233090909090909</scale>
        <color>FFEB2814</color>
        <Icon>
          <href>http://maps.google.com/mapfiles/kml/shapes/placemark_circle.png</href>
        </Icon>
      </IconStyle>
    </Style>
    <Point>
      <coordinates>140.150582963882,37.0144011954181,334.534153805091</coordinates>
      <altitudeMode>absolute</altitudeMode>
    </Point>
  </Placemark>

  <Placemark>
    <Style>
      <IconStyle>
        <scale>0.231090909090909</scale>
        <color>FFEB2714</color>
        <Icon>
          <href>http://maps.google.com/mapfiles/kml/shapes/placemark_circle.png</href>
        </Icon>
      </IconStyle>
    </Style>
    <Point>
      <coordinates>140.150584075792,37.0143978578278,334.734153811491</coordinates>
      <altitudeMode>absolute</altitudeMode>
    </Point>
  </Placemark>

  <Placemark>
    <Style>
      <IconStyle>
        <scale>0.233818181818182</scale>
        <color>FFEB2814</color>
        <Icon>
          <href>http://maps.google.com/mapfiles/kml/shapes/placemark_circle.png</href>
        </Icon>
      </IconStyle>
    </Style>
    <Point>
      <coordinates>140.150584974933,37.0143965271367,335.034153821091</coordinates>
      <altitudeMode>absolute</altitudeMode>
    </Point>
  </Placemark>

  <Placemark>
    <Style>
      <IconStyle>
        <scale>0.231818181818182</scale>
        <color>FFEB2714</color>
        <Icon>
          <href>http://maps.google.com/mapfiles/kml/shapes/placemark_circle.png</href>
        </Icon>
      </IconStyle>
    </Style>
    <Point>
      <coordinates>140.150591659654,37.014388621185,335.334153830691</coordinates>
      <altitudeMode>absolute</altitudeMode>
    </Point>
  </Placemark>

  <Placemark>
    <Style>
      <IconStyle>
        <scale>0.191454545454545</scale>
        <color>FFEF2110</color>
        <Icon>
          <href>http://maps.google.com/mapfiles/kml/shapes/placemark_circle.png</href>
        </Icon>
      </IconStyle>
    </Style>
    <Point>
      <coordinates>140.150603962803,37.0143741860952,335.934153849891</coordinates>
      <altitudeMode>absolute</altitudeMode>
    </Point>
  </Placemark>

  <Placemark>
    <Style>
      <IconStyle>
        <scale>0.169272727272727</scale>
        <color>FFF11D0E</color>
        <Icon>
          <href>http://maps.google.com/mapfiles/kml/shapes/placemark_circle.png</href>
        </Icon>
      </IconStyle>
    </Style>
    <Point>
      <coordinates>140.150621598613,37.0143539635234,336.634153872291</coordinates>
      <altitudeMode>absolute</altitudeMode>
    </Point>
  </Placemark>

  <Placemark>
    <Style>
      <IconStyle>
        <scale>0.172363636363636</scale>
        <color>FFF01D0F</color>
        <Icon>
          <href>http://maps.google.com/mapfiles/kml/shapes/placemark_circle.png</href>
        </Icon>
      </IconStyle>
    </Style>
    <Point>
      <coordinates>140.150642623583,37.0143276381526,337.534153901091</coordinates>
      <altitudeMode>absolute</altitudeMode>
    </Point>
  </Placemark>

  <Placemark>
    <Style>
      <IconStyle>
        <scale>0.143636363636364</scale>
        <color>FFF3180C</color>
        <Icon>
          <href>http://maps.google.com/mapfiles/kml/shapes/placemark_circle.png</href>
        </Icon>
      </IconStyle>
    </Style>
    <Point>
      <coordinates>140.150667964102,37.0142974347461,338.434153929891</coordinates>
      <altitudeMode>absolute</altitudeMode>
    </Point>
  </Placemark>

  <Placemark>
    <Style>
      <IconStyle>
        <scale>0.129818181818182</scale>
        <color>FFF4160B</color>
        <Icon>
          <href>http://maps.google.com/mapfiles/kml/shapes/placemark_circle.png</href>
        </Icon>
      </IconStyle>
    </Style>
    <Point>
      <coordinates>140.150695561141,37.0142653691121,339.234153955491</coordinates>
      <altitudeMode>absolute</altitudeMode>
    </Point>
  </Placemark>

  <Placemark>
    <Style>
      <IconStyle>
        <scale>0.136909090909091</scale>
        <color>FFF3170C</color>
        <Icon>
          <href>http://maps.google.com/mapfiles/kml/shapes/placemark_circle.png</href>
        </Icon>
      </IconStyle>
    </Style>
    <Point>
      <coordinates>140.150728042861,37.0142269092799,339.834153974691</coordinates>
      <altitudeMode>absolute</altitudeMode>
    </Point>
  </Placemark>

  <Placemark>
    <Style>
      <IconStyle>
        <scale>0.135090909090909</scale>
        <color>FFF4170B</color>
        <Icon>
          <href>http://maps.google.com/mapfiles/kml/shapes/placemark_circle.png</href>
        </Icon>
      </IconStyle>
    </Style>
    <Point>
      <coordinates>140.150748676194,37.0142023403913,340.234153987491</coordinates>
      <altitudeMode>absolute</altitudeMode>
    </Point>
  </Placemark>

  <Placemark>
    <Style>
      <IconStyle>
        <scale>0.126</scale>
        <color>FFF4150B</color>
        <Icon>
          <href>http://maps.google.com/mapfiles/kml/shapes/placemark_circle.png</href>
        </Icon>
      </IconStyle>
    </Style>
    <Point>
      <coordinates>140.150773574953,37.0141735278473,341.134154016291</coordinates>
      <altitudeMode>absolute</altitudeMode>
    </Point>
  </Placemark>

  <Placemark>
    <Style>
      <IconStyle>
        <scale>0.136</scale>
        <color>FFF3170C</color>
        <Icon>
          <href>http://maps.google.com/mapfiles/kml/shapes/placemark_circle.png</href>
        </Icon>
      </IconStyle>
    </Style>
    <Point>
      <coordinates>140.150798175243,37.0141453105746,341.934154041891</coordinates>
      <altitudeMode>absolute</altitudeMode>
    </Point>
  </Placemark>

  <Placemark>
    <Style>
      <IconStyle>
        <scale>0.117636363636364</scale>
        <color>FFF5140A</color>
        <Icon>
          <href>http://maps.google.com/mapfiles/kml/shapes/placemark_circle.png</href>
        </Icon>
      </IconStyle>
    </Style>
    <Point>
      <coordinates>140.150823189312,37.0141154612058,342.634154064291</coordinates>
      <altitudeMode>absolute</altitudeMode>
    </Point>
  </Placemark>

  <Placemark>
    <Style>
      <IconStyle>
        <scale>0.144</scale>
        <color>FFF3180C</color>
        <Icon>
          <href>http://maps.google.com/mapfiles/kml/shapes/placemark_circle.png</href>
        </Icon>
      </IconStyle>
    </Style>
    <Point>
      <coordinates>140.150848851131,37.0140828922022,343.334154086691</coordinates>
      <altitudeMode>absolute</altitudeMode>
    </Point>
  </Placemark>

  <Placemark>
    <Style>
      <IconStyle>
        <scale>0.212545454545454</scale>
        <color>FFED2412</color>
        <Icon>
          <href>http://maps.google.com/mapfiles/kml/shapes/placemark_circle.png</href>
        </Icon>
      </IconStyle>
    </Style>
    <Point>
      <coordinates>140.150876116057,37.0140487984927,344.134154112291</coordinates>
      <altitudeMode>absolute</altitudeMode>
    </Point>
  </Placemark>

  <Placemark>
    <Style>
      <IconStyle>
        <scale>0.240363636363636</scale>
        <color>FFEB2914</color>
        <Icon>
          <href>http://maps.google.com/mapfiles/kml/shapes/placemark_circle.png</href>
        </Icon>
      </IconStyle>
    </Style>
    <Point>
      <coordinates>140.150906382753,37.014013151362,345.034154141091</coordinates>
      <altitudeMode>absolute</altitudeMode>
    </Point>
  </Placemark>

  <Placemark>
    <Style>
      <IconStyle>
        <scale>0.236</scale>
        <color>FFEB2814</color>
        <Icon>
          <href>http://maps.google.com/mapfiles/kml/shapes/placemark_circle.png</href>
        </Icon>
      </IconStyle>
    </Style>
    <Point>
      <coordinates>140.150937520868,37.013976080542,346.034154173091</coordinates>
      <altitudeMode>absolute</altitudeMode>
    </Point>
  </Placemark>

  <Placemark>
    <Style>
      <IconStyle>
        <scale>0.236545454545454</scale>
        <color>FFEB2814</color>
        <Icon>
          <href>http://maps.google.com/mapfiles/kml/shapes/placemark_circle.png</href>
        </Icon>
      </IconStyle>
    </Style>
    <Point>
      <coordinates>140.150969598806,37.0139371334453,347.034154205091</coordinates>
      <altitudeMode>absolute</altitudeMode>
    </Point>
  </Placemark>

  <Placemark>
    <Style>
      <IconStyle>
        <scale>0.281818181818182</scale>
        <color>FFE73018</color>
        <Icon>
          <href>http://maps.google.com/mapfiles/kml/shapes/placemark_circle.png</href>
        </Icon>
      </IconStyle>
    </Style>
    <Point>
      <coordinates>140.151002843928,37.0138962613456,348.034154237091</coordinates>
      <altitudeMode>absolute</altitudeMode>
    </Point>
  </Placemark>

  <Placemark>
    <Style>
      <IconStyle>
        <scale>0.309090909090909</scale>
        <color>FFE5351A</color>
        <Icon>
          <href>http://maps.google.com/mapfiles/kml/shapes/placemark_circle.png</href>
        </Icon>
      </IconStyle>
    </Style>
    <Point>
      <coordinates>140.151035998501,37.0138553889033,348.934154265891</coordinates>
      <altitudeMode>absolute</altitudeMode>
    </Point>
  </Placemark>

  <Placemark>
    <Style>
      <IconStyle>
        <scale>0.432363636363636</scale>
        <color>FFDA4A25</color>
        <Icon>
          <href>http://maps.google.com/mapfiles/kml/shapes/placemark_circle.png</href>
        </Icon>
      </IconStyle>
    </Style>
    <Point>
      <coordinates>140.151070491228,37.0138142280086,349.834154294691</coordinates>
      <altitudeMode>absolute</altitudeMode>
    </Point>
  </Placemark>

  <Placemark>
    <Style>
      <IconStyle>
        <scale>0.641454545454545</scale>
        <color>FFC86D37</color>
        <Icon>
          <href>http://maps.google.com/mapfiles/kml/shapes/placemark_circle.png</href>
        </Icon>
      </IconStyle>
    </Style>
    <Point>
      <coordinates>140.151105716846,37.0137719485302,350.734154323491</coordinates>
      <altitudeMode>absolute</altitudeMode>
    </Point>
  </Placemark>

  <Placemark>
    <Style>
      <IconStyle>
        <scale>0.69</scale>
        <color>FFC4753B</color>
        <Icon>
          <href>http://maps.google.com/mapfiles/kml/shapes/placemark_circle.png</href>
        </Icon>
      </IconStyle>
    </Style>
    <Point>
      <coordinates>140.151141389888,37.0137288362475,351.634154352291</coordinates>
      <altitudeMode>absolute</altitudeMode>
    </Point>
  </Placemark>

  <Placemark>
    <Style>
      <IconStyle>
        <scale>0.734545454545455</scale>
        <color>FFC17D3E</color>
        <Icon>
          <href>http://maps.google.com/mapfiles/kml/shapes/placemark_circle.png</href>
        </Icon>
      </IconStyle>
    </Style>
    <Point>
      <coordinates>140.151174546263,37.0136896259184,352.434154377891</coordinates>
      <altitudeMode>absolute</altitudeMode>
    </Point>
  </Placemark>

  <Placemark>
    <Style>
      <IconStyle>
        <scale>0.816545454545454</scale>
        <color>FFBA8B45</color>
        <Icon>
          <href>http://maps.google.com/mapfiles/kml/shapes/placemark_circle.png</href>
        </Icon>
      </IconStyle>
    </Style>
    <Point>
      <coordinates>140.151205272487,37.0136529477198,353.234154403491</coordinates>
      <altitudeMode>absolute</altitudeMode>
    </Point>
  </Placemark>

  <Placemark>
    <Style>
      <IconStyle>
        <scale>0.758666666666667</scale>
        <color>FFBF8140</color>
        <Icon>
          <href>http://maps.google.com/mapfiles/kml/shapes/placemark_circle.png</href>
        </Icon>
      </IconStyle>
    </Style>
    <Point>
      <coordinates>140.151235432927,37.0136165883332,354.134154432291</coordinates>
      <altitudeMode>absolute</altitudeMode>
    </Point>
  </Placemark>

  <Placemark>
    <Style>
      <IconStyle>
        <scale>0.73230303030303</scale>
        <color>FFC17C3E</color>
        <Icon>
          <href>http://maps.google.com/mapfiles/kml/shapes/placemark_circle.png</href>
        </Icon>
      </IconStyle>
    </Style>
    <Point>
      <coordinates>140.151265017887,37.0135807005858,354.934154457891</coordinates>
      <altitudeMode>absolute</altitudeMode>
    </Point>
  </Placemark>

  <Placemark>
    <Style>
      <IconStyle>
        <scale>0.761757575757576</scale>
        <color>FFBE8141</color>
        <Icon>
          <href>http://maps.google.com/mapfiles/kml/shapes/placemark_circle.png</href>
        </Icon>
      </IconStyle>
    </Style>
    <Point>
      <coordinates>140.151295146657,37.0135442087949,355.834154486691</coordinates>
      <altitudeMode>absolute</altitudeMode>
    </Point>
  </Placemark>

  <Placemark>
    <Style>
      <IconStyle>
        <scale>0.906121212121212</scale>
        <color>FFB29A4D</color>
        <Icon>
          <href>http://maps.google.com/mapfiles/kml/shapes/placemark_circle.png</href>
        </Icon>
      </IconStyle>
    </Style>
    <Point>
      <coordinates>140.151325711522,37.0135081079121,356.734154515491</coordinates>
      <altitudeMode>absolute</altitudeMode>
    </Point>
  </Placemark>

  <Placemark>
    <Style>
      <IconStyle>
        <scale>0.897757575757576</scale>
        <color>FFB3994C</color>
        <Icon>
          <href>http://maps.google.com/mapfiles/kml/shapes/placemark_circle.png</href>
        </Icon>
      </IconStyle>
    </Style>
    <Point>
      <coordinates>140.151356217251,37.013470895847,357.634154544291</coordinates>
      <altitudeMode>absolute</altitudeMode>
    </Point>
  </Placemark>

  <Placemark>
    <Style>
      <IconStyle>
        <scale>NA</scale>
        <color>FFNANANA</color>
        <Icon>
          <href>http://maps.google.com/mapfiles/kml/shapes/placemark_circle.png</href>
        </Icon>
      </IconStyle>
    </Style>
    <Point>
      <coordinates>140.151388174601,37.0134330408122,358.434154569891</coordinates>
      <altitudeMode>absolute</altitudeMode>
    </Point>
  </Placemark>

  <Placemark>
    <Style>
      <IconStyle>
        <scale>NA</scale>
        <color>FFNANANA</color>
        <Icon>
          <href>http://maps.google.com/mapfiles/kml/shapes/placemark_circle.png</href>
        </Icon>
      </IconStyle>
    </Style>
    <Point>
      <coordinates>140.15142070477,37.0133951380788,359.234154595491</coordinates>
      <altitudeMode>absolute</altitudeMode>
    </Point>
  </Placemark>

  <Placemark>
    <Style>
      <IconStyle>
        <scale>NA</scale>
        <color>FFNANANA</color>
        <Icon>
          <href>http://maps.google.com/mapfiles/kml/shapes/placemark_circle.png</href>
        </Icon>
      </IconStyle>
    </Style>
    <Point>
      <coordinates>140.151452793265,37.0133563563506,359.934154617891</coordinates>
      <altitudeMode>absolute</altitudeMode>
    </Point>
  </Placemark>

  <Placemark>
    <Style>
      <IconStyle>
        <scale>NA</scale>
        <color>FFNANANA</color>
        <Icon>
          <href>http://maps.google.com/mapfiles/kml/shapes/placemark_circle.png</href>
        </Icon>
      </IconStyle>
    </Style>
    <Point>
      <coordinates>140.151485467627,37.0133172514241,360.834154646691</coordinates>
      <altitudeMode>absolute</altitudeMode>
    </Point>
  </Placemark>

  <Placemark>
    <Style>
      <IconStyle>
        <scale>NA</scale>
        <color>FFNANANA</color>
        <Icon>
          <href>http://maps.google.com/mapfiles/kml/shapes/placemark_circle.png</href>
        </Icon>
      </IconStyle>
    </Style>
    <Point>
      <coordinates>140.151518868356,37.0132774872171,361.634154672291</coordinates>
      <altitudeMode>absolute</altitudeMode>
    </Point>
  </Placemark>

  <Placemark>
    <Style>
      <IconStyle>
        <scale>NA</scale>
        <color>FFNANANA</color>
        <Icon>
          <href>http://maps.google.com/mapfiles/kml/shapes/placemark_circle.png</href>
        </Icon>
      </IconStyle>
    </Style>
    <Point>
      <coordinates>140.151552086442,37.0132371935299,362.434154697891</coordinates>
      <altitudeMode>absolute</altitudeMode>
    </Point>
  </Placemark>

  <Placemark>
    <Style>
      <IconStyle>
        <scale>NA</scale>
        <color>FFNANANA</color>
        <Icon>
          <href>http://maps.google.com/mapfiles/kml/shapes/placemark_circle.png</href>
        </Icon>
      </IconStyle>
    </Style>
    <Point>
      <coordinates>140.151585667926,37.013196361316,363.334154726691</coordinates>
      <altitudeMode>absolute</altitudeMode>
    </Point>
  </Placemark>

  <Placemark>
    <Style>
      <IconStyle>
        <scale>NA</scale>
        <color>FFNANANA</color>
        <Icon>
          <href>http://maps.google.com/mapfiles/kml/shapes/placemark_circle.png</href>
        </Icon>
      </IconStyle>
    </Style>
    <Point>
      <coordinates>140.151620104264,37.0131551384681,364.234154755491</coordinates>
      <altitudeMode>absolute</altitudeMode>
    </Point>
  </Placemark>

  <Placemark>
    <Style>
      <IconStyle>
        <scale>NA</scale>
        <color>FFNANANA</color>
        <Icon>
          <href>http://maps.google.com/mapfiles/kml/shapes/placemark_circle.png</href>
        </Icon>
      </IconStyle>
    </Style>
    <Point>
      <coordinates>140.151655513898,37.0131127934728,365.134154784291</coordinates>
      <altitudeMode>absolute</altitudeMode>
    </Point>
  </Placemark>

  <Placemark>
    <Style>
      <IconStyle>
        <scale>NA</scale>
        <color>FFNANANA</color>
        <Icon>
          <href>http://maps.google.com/mapfiles/kml/shapes/placemark_circle.png</href>
        </Icon>
      </IconStyle>
    </Style>
    <Point>
      <coordinates>140.151690649224,37.0130707036917,365.934154809891</coordinates>
      <altitudeMode>absolute</altitudeMode>
    </Point>
  </Placemark>

  <Placemark>
    <Style>
      <IconStyle>
        <scale>NA</scale>
        <color>FFNANANA</color>
        <Icon>
          <href>http://maps.google.com/mapfiles/kml/shapes/placemark_circle.png</href>
        </Icon>
      </IconStyle>
    </Style>
    <Point>
      <coordinates>140.151725479859,37.0130289209351,366.834154838691</coordinates>
      <altitudeMode>absolute</altitudeMode>
    </Point>
  </Placemark>

  <Placemark>
    <Style>
      <IconStyle>
        <scale>NA</scale>
        <color>FFNANANA</color>
        <Icon>
          <href>http://maps.google.com/mapfiles/kml/shapes/placemark_circle.png</href>
        </Icon>
      </IconStyle>
    </Style>
    <Point>
      <coordinates>140.151760422585,37.0129871239239,367.634154864291</coordinates>
      <altitudeMode>absolute</altitudeMode>
    </Point>
  </Placemark>

  <Placemark>
    <Style>
      <IconStyle>
        <scale>NA</scale>
        <color>FFNANANA</color>
        <Icon>
          <href>http://maps.google.com/mapfiles/kml/shapes/placemark_circle.png</href>
        </Icon>
      </IconStyle>
    </Style>
    <Point>
      <coordinates>140.151795264892,37.0129450838972,368.534154893091</coordinates>
      <altitudeMode>absolute</altitudeMode>
    </Point>
  </Placemark>

  <Placemark>
    <Style>
      <IconStyle>
        <scale>NA</scale>
        <color>FFNANANA</color>
        <Icon>
          <href>http://maps.google.com/mapfiles/kml/shapes/placemark_circle.png</href>
        </Icon>
      </IconStyle>
    </Style>
    <Point>
      <coordinates>140.15182978929,37.0129037603069,369.234154915491</coordinates>
      <altitudeMode>absolute</altitudeMode>
    </Point>
  </Placemark>

  <Placemark>
    <Style>
      <IconStyle>
        <scale>NA</scale>
        <color>FFNANANA</color>
        <Icon>
          <href>http://maps.google.com/mapfiles/kml/shapes/placemark_circle.png</href>
        </Icon>
      </IconStyle>
    </Style>
    <Point>
      <coordinates>140.151864714508,37.0128623668137,370.034154941091</coordinates>
      <altitudeMode>absolute</altitudeMode>
    </Point>
  </Placemark>

  <Placemark>
    <Style>
      <IconStyle>
        <scale>NA</scale>
        <color>FFNANANA</color>
        <Icon>
          <href>http://maps.google.com/mapfiles/kml/shapes/placemark_circle.png</href>
        </Icon>
      </IconStyle>
    </Style>
    <Point>
      <coordinates>140.151900029044,37.0128206098253,370.734154963491</coordinates>
      <altitudeMode>absolute</altitudeMode>
    </Point>
  </Placemark>

  <Placemark>
    <Style>
      <IconStyle>
        <scale>NA</scale>
        <color>FFNANANA</color>
        <Icon>
          <href>http://maps.google.com/mapfiles/kml/shapes/placemark_circle.png</href>
        </Icon>
      </IconStyle>
    </Style>
    <Point>
      <coordinates>140.151934760975,37.0127790832424,371.434154985891</coordinates>
      <altitudeMode>absolute</altitudeMode>
    </Point>
  </Placemark>

  <Placemark>
    <Style>
      <IconStyle>
        <scale>NA</scale>
        <color>FFNANANA</color>
        <Icon>
          <href>http://maps.google.com/mapfiles/kml/shapes/placemark_circle.png</href>
        </Icon>
      </IconStyle>
    </Style>
    <Point>
      <coordinates>140.151969424415,37.0127375695436,372.034155005091</coordinates>
      <altitudeMode>absolute</altitudeMode>
    </Point>
  </Placemark>

  <Placemark>
    <Style>
      <IconStyle>
        <scale>NA</scale>
        <color>FFNANANA</color>
        <Icon>
          <href>http://maps.google.com/mapfiles/kml/shapes/placemark_circle.png</href>
        </Icon>
      </IconStyle>
    </Style>
    <Point>
      <coordinates>140.152003195066,37.0126971501681,372.734155027491</coordinates>
      <altitudeMode>absolute</altitudeMode>
    </Point>
  </Placemark>

  <Placemark>
    <Style>
      <IconStyle>
        <scale>NA</scale>
        <color>FFNANANA</color>
        <Icon>
          <href>http://maps.google.com/mapfiles/kml/shapes/placemark_circle.png</href>
        </Icon>
      </IconStyle>
    </Style>
    <Point>
      <coordinates>140.152035088473,37.0126589595992,373.234155043491</coordinates>
      <altitudeMode>absolute</altitudeMode>
    </Point>
  </Placemark>

  <Placemark>
    <Style>
      <IconStyle>
        <scale>0.947212121212121</scale>
        <color>FFAEA151</color>
        <Icon>
          <href>http://maps.google.com/mapfiles/kml/shapes/placemark_circle.png</href>
        </Icon>
      </IconStyle>
    </Style>
    <Point>
      <coordinates>140.152050188133,37.0126404024302,373.234155043491</coordinates>
      <altitudeMode>absolute</altitudeMode>
    </Point>
  </Placemark>

  <Placemark>
    <Style>
      <IconStyle>
        <scale>0.978484848484849</scale>
        <color>FFACA653</color>
        <Icon>
          <href>http://maps.google.com/mapfiles/kml/shapes/placemark_circle.png</href>
        </Icon>
      </IconStyle>
    </Style>
    <Point>
      <coordinates>140.152050034157,37.0126405685524,373.134155040291</coordinates>
      <altitudeMode>absolute</altitudeMode>
    </Point>
  </Placemark>

  <Placemark>
    <Style>
      <IconStyle>
        <scale>0.814484848484848</scale>
        <color>FFBA8A45</color>
        <Icon>
          <href>http://maps.google.com/mapfiles/kml/shapes/placemark_circle.png</href>
        </Icon>
      </IconStyle>
    </Style>
    <Point>
      <coordinates>140.152046046558,37.0126446448521,372.934155033891</coordinates>
      <altitudeMode>absolute</altitudeMode>
    </Point>
  </Placemark>

  <Placemark>
    <Style>
      <IconStyle>
        <scale>0.81030303030303</scale>
        <color>FFBA8A45</color>
        <Icon>
          <href>http://maps.google.com/mapfiles/kml/shapes/placemark_circle.png</href>
        </Icon>
      </IconStyle>
    </Style>
    <Point>
      <coordinates>140.15203677964,37.0126550631283,373.034155037091</coordinates>
      <altitudeMode>absolute</altitudeMode>
    </Point>
  </Placemark>

  <Placemark>
    <Style>
      <IconStyle>
        <scale>0.788848484848485</scale>
        <color>FFBC8643</color>
        <Icon>
          <href>http://maps.google.com/mapfiles/kml/shapes/placemark_circle.png</href>
        </Icon>
      </IconStyle>
    </Style>
    <Point>
      <coordinates>140.15201793253,37.0126769652205,373.334155046691</coordinates>
      <altitudeMode>absolute</altitudeMode>
    </Point>
  </Placemark>

  <Placemark>
    <Style>
      <IconStyle>
        <scale>0.738484848484848</scale>
        <color>FFC07E3F</color>
        <Icon>
          <href>http://maps.google.com/mapfiles/kml/shapes/placemark_circle.png</href>
        </Icon>
      </IconStyle>
    </Style>
    <Point>
      <coordinates>140.15198244874,37.0127186830085,373.534155053091</coordinates>
      <altitudeMode>absolute</altitudeMode>
    </Point>
  </Placemark>

  <Placemark>
    <Style>
      <IconStyle>
        <scale>0.730545454545454</scale>
        <color>FFC17C3E</color>
        <Icon>
          <href>http://maps.google.com/mapfiles/kml/shapes/placemark_circle.png</href>
        </Icon>
      </IconStyle>
    </Style>
    <Point>
      <coordinates>140.151929839218,37.0127811072746,373.534155053091</coordinates>
      <altitudeMode>absolute</altitudeMode>
    </Point>
  </Placemark>

  <Placemark>
    <Style>
      <IconStyle>
        <scale>0.818181818181818</scale>
        <color>FFB98B46</color>
        <Icon>
          <href>http://maps.google.com/mapfiles/kml/shapes/placemark_circle.png</href>
        </Icon>
      </IconStyle>
    </Style>
    <Point>
      <coordinates>140.151866119866,37.0128604103544,373.334155046691</coordinates>
      <altitudeMode>absolute</altitudeMode>
    </Point>
  </Placemark>

  <Placemark>
    <Style>
      <IconStyle>
        <scale>0.822</scale>
        <color>FFB98C46</color>
        <Icon>
          <href>http://maps.google.com/mapfiles/kml/shapes/placemark_circle.png</href>
        </Icon>
      </IconStyle>
    </Style>
    <Point>
      <coordinates>140.151794164912,37.0129495893459,373.234155043491</coordinates>
      <altitudeMode>absolute</altitudeMode>
    </Point>
  </Placemark>

  <Placemark>
    <Style>
      <IconStyle>
        <scale>0.73690909090909</scale>
        <color>FFC07D3F</color>
        <Icon>
          <href>http://maps.google.com/mapfiles/kml/shapes/placemark_circle.png</href>
        </Icon>
      </IconStyle>
    </Style>
    <Point>
      <coordinates>140.151718088296,37.0130438623414,373.234155043491</coordinates>
      <altitudeMode>absolute</altitudeMode>
    </Point>
  </Placemark>

  <Placemark>
    <Style>
      <IconStyle>
        <scale>0.758363636363636</scale>
        <color>FFBF8140</color>
        <Icon>
          <href>http://maps.google.com/mapfiles/kml/shapes/placemark_circle.png</href>
        </Icon>
      </IconStyle>
    </Style>
    <Point>
      <coordinates>140.151637797494,37.0131432460627,373.234155043491</coordinates>
      <altitudeMode>absolute</altitudeMode>
    </Point>
  </Placemark>

  <Placemark>
    <Style>
      <IconStyle>
        <scale>0.761999999999999</scale>
        <color>FFBE8241</color>
        <Icon>
          <href>http://maps.google.com/mapfiles/kml/shapes/placemark_circle.png</href>
        </Icon>
      </IconStyle>
    </Style>
    <Point>
      <coordinates>140.151560834097,37.0132383387041,372.834155030691</coordinates>
      <altitudeMode>absolute</altitudeMode>
    </Point>
  </Placemark>

  <Placemark>
    <Style>
      <IconStyle>
        <scale>0.63490909090909</scale>
        <color>FFC96C36</color>
        <Icon>
          <href>http://maps.google.com/mapfiles/kml/shapes/placemark_circle.png</href>
        </Icon>
      </IconStyle>
    </Style>
    <Point>
      <coordinates>140.151484618953,37.0133303535612,372.534155021091</coordinates>
      <altitudeMode>absolute</altitudeMode>
    </Point>
  </Placemark>

  <Placemark>
    <Style>
      <IconStyle>
        <scale>0.582363636363636</scale>
        <color>FFCD6332</color>
        <Icon>
          <href>http://maps.google.com/mapfiles/kml/shapes/placemark_circle.png</href>
        </Icon>
      </IconStyle>
    </Style>
    <Point>
      <coordinates>140.151428039256,37.013399005218,371.734154995491</coordinates>
      <altitudeMode>absolute</altitudeMode>
    </Point>
  </Placemark>

  <Placemark>
    <Style>
      <IconStyle>
        <scale>0.524545454545454</scale>
        <color>FFD2592D</color>
        <Icon>
          <href>http://maps.google.com/mapfiles/kml/shapes/placemark_circle.png</href>
        </Icon>
      </IconStyle>
    </Style>
    <Point>
      <coordinates>140.151416902905,37.0134133571096,371.634154992291</coordinates>
      <altitudeMode>absolute</altitudeMode>
    </Point>
  </Placemark>

  <Placemark>
    <Style>
      <IconStyle>
        <scale>0.542363636363636</scale>
        <color>FFD15C2E</color>
        <Icon>
          <href>http://maps.google.com/mapfiles/kml/shapes/placemark_circle.png</href>
        </Icon>
      </IconStyle>
    </Style>
    <Point>
      <coordinates>140.151416034061,37.0134147280292,372.434155017891</coordinates>
      <altitudeMode>absolute</altitudeMode>
    </Point>
  </Placemark>

  <Placemark>
    <Style>
      <IconStyle>
        <scale>0.545090909090909</scale>
        <color>FFD15D2E</color>
        <Icon>
          <href>http://maps.google.com/mapfiles/kml/shapes/placemark_circle.png</href>
        </Icon>
      </IconStyle>
    </Style>
    <Point>
      <coordinates>140.15141643428,37.0134148668756,373.434155049891</coordinates>
      <altitudeMode>absolute</altitudeMode>
    </Point>
  </Placemark>

  <Placemark>
    <Style>
      <IconStyle>
        <scale>0.566545454545454</scale>
        <color>FFCF6030</color>
        <Icon>
          <href>http://maps.google.com/mapfiles/kml/shapes/placemark_circle.png</href>
        </Icon>
      </IconStyle>
    </Style>
    <Point>
      <coordinates>140.15141693612,37.0134145143456,374.534155085091</coordinates>
      <altitudeMode>absolute</altitudeMode>
    </Point>
  </Placemark>

  <Placemark>
    <Style>
      <IconStyle>
        <scale>0.479636363636363</scale>
        <color>FFD65229</color>
        <Icon>
          <href>http://maps.google.com/mapfiles/kml/shapes/placemark_circle.png</href>
        </Icon>
      </IconStyle>
    </Style>
    <Point>
      <coordinates>140.151416577013,37.0134151386746,375.534155117091</coordinates>
      <altitudeMode>absolute</altitudeMode>
    </Point>
  </Placemark>

  <Placemark>
    <Style>
      <IconStyle>
        <scale>0.466363636363636</scale>
        <color>FFD74F28</color>
        <Icon>
          <href>http://maps.google.com/mapfiles/kml/shapes/placemark_circle.png</href>
        </Icon>
      </IconStyle>
    </Style>
    <Point>
      <coordinates>140.151415429484,37.0134153345399,376.634155152291</coordinates>
      <altitudeMode>absolute</altitudeMode>
    </Point>
  </Placemark>

  <Placemark>
    <Style>
      <IconStyle>
        <scale>0.410727272727272</scale>
        <color>FFDC4623</color>
        <Icon>
          <href>http://maps.google.com/mapfiles/kml/shapes/placemark_circle.png</href>
        </Icon>
      </IconStyle>
    </Style>
    <Point>
      <coordinates>140.151416100321,37.0134150369727,378.234155203491</coordinates>
      <altitudeMode>absolute</altitudeMode>
    </Point>
  </Placemark>

  <Placemark>
    <Style>
      <IconStyle>
        <scale>0.404545454545454</scale>
        <color>FFDD4522</color>
        <Icon>
          <href>http://maps.google.com/mapfiles/kml/shapes/placemark_circle.png</href>
        </Icon>
      </IconStyle>
    </Style>
    <Point>
      <coordinates>140.151416936807,37.0134147931349,380.234155267491</coordinates>
      <altitudeMode>absolute</altitudeMode>
    </Point>
  </Placemark>

  <Placemark>
    <Style>
      <IconStyle>
        <scale>0.31</scale>
        <color>FFE5351A</color>
        <Icon>
          <href>http://maps.google.com/mapfiles/kml/shapes/placemark_circle.png</href>
        </Icon>
      </IconStyle>
    </Style>
    <Point>
      <coordinates>140.151417936625,37.0134144954307,381.534155309091</coordinates>
      <altitudeMode>absolute</altitudeMode>
    </Point>
  </Placemark>

  <Placemark>
    <Style>
      <IconStyle>
        <scale>0.293454545454545</scale>
        <color>FFE63219</color>
        <Icon>
          <href>http://maps.google.com/mapfiles/kml/shapes/placemark_circle.png</href>
        </Icon>
      </IconStyle>
    </Style>
    <Point>
      <coordinates>140.151417259351,37.0134150076409,382.134155328291</coordinates>
      <altitudeMode>absolute</altitudeMode>
    </Point>
  </Placemark>

  <Placemark>
    <Style>
      <IconStyle>
        <scale>0.297818181818182</scale>
        <color>FFE63319</color>
        <Icon>
          <href>http://maps.google.com/mapfiles/kml/shapes/placemark_circle.png</href>
        </Icon>
      </IconStyle>
    </Style>
    <Point>
      <coordinates>140.151416057836,37.0134155944142,383.534155373091</coordinates>
      <altitudeMode>absolute</altitudeMode>
    </Point>
  </Placemark>

  <Placemark>
    <Style>
      <IconStyle>
        <scale>0.326909090909091</scale>
        <color>FFE3381C</color>
        <Icon>
          <href>http://maps.google.com/mapfiles/kml/shapes/placemark_circle.png</href>
        </Icon>
      </IconStyle>
    </Style>
    <Point>
      <coordinates>140.151417148546,37.0134151538888,385.434155433891</coordinates>
      <altitudeMode>absolute</altitudeMode>
    </Point>
  </Placemark>

  <Placemark>
    <Style>
      <IconStyle>
        <scale>0.331090909090909</scale>
        <color>FFE3381C</color>
        <Icon>
          <href>http://maps.google.com/mapfiles/kml/shapes/placemark_circle.png</href>
        </Icon>
      </IconStyle>
    </Style>
    <Point>
      <coordinates>140.15141807644,37.013415358252,387.934155513891</coordinates>
      <altitudeMode>absolute</altitudeMode>
    </Point>
  </Placemark>

  <Placemark>
    <Style>
      <IconStyle>
        <scale>0.344727272727273</scale>
        <color>FFE23B1D</color>
        <Icon>
          <href>http://maps.google.com/mapfiles/kml/shapes/placemark_circle.png</href>
        </Icon>
      </IconStyle>
    </Style>
    <Point>
      <coordinates>140.151417630388,37.0134148874353,389.234155555491</coordinates>
      <altitudeMode>absolute</altitudeMode>
    </Point>
  </Placemark>

  <Placemark>
    <Style>
      <IconStyle>
        <scale>0.423272727272727</scale>
        <color>FFDB4824</color>
        <Icon>
          <href>http://maps.google.com/mapfiles/kml/shapes/placemark_circle.png</href>
        </Icon>
      </IconStyle>
    </Style>
    <Point>
      <coordinates>140.151417108293,37.0134151249682,391.334155622691</coordinates>
      <altitudeMode>absolute</altitudeMode>
    </Point>
  </Placemark>

  <Placemark>
    <Style>
      <IconStyle>
        <scale>0.503272727272727</scale>
        <color>FFD4562B</color>
        <Icon>
          <href>http://maps.google.com/mapfiles/kml/shapes/placemark_circle.png</href>
        </Icon>
      </IconStyle>
    </Style>
    <Point>
      <coordinates>140.151417989066,37.0134152783434,393.934155705891</coordinates>
      <altitudeMode>absolute</altitudeMode>
    </Point>
  </Placemark>

  <Placemark>
    <Style>
      <IconStyle>
        <scale>0.581090909090909</scale>
        <color>FFCE6331</color>
        <Icon>
          <href>http://maps.google.com/mapfiles/kml/shapes/placemark_circle.png</href>
        </Icon>
      </IconStyle>
    </Style>
    <Point>
      <coordinates>140.151417882724,37.0134153446826,395.834155766691</coordinates>
      <altitudeMode>absolute</altitudeMode>
    </Point>
  </Placemark>

  <Placemark>
    <Style>
      <IconStyle>
        <scale>0.648909090909091</scale>
        <color>FFC86E37</color>
        <Icon>
          <href>http://maps.google.com/mapfiles/kml/shapes/placemark_circle.png</href>
        </Icon>
      </IconStyle>
    </Style>
    <Point>
      <coordinates>140.15141709559,37.0134151767786,397.834155830691</coordinates>
      <altitudeMode>absolute</altitudeMode>
    </Point>
  </Placemark>

  <Placemark>
    <Style>
      <IconStyle>
        <scale>0.615090909090909</scale>
        <color>FFCB6934</color>
        <Icon>
          <href>http://maps.google.com/mapfiles/kml/shapes/placemark_circle.png</href>
        </Icon>
      </IconStyle>
    </Style>
    <Point>
      <coordinates>140.151415683537,37.0134151697883,397.334155814691</coordinates>
      <altitudeMode>absolute</altitudeMode>
    </Point>
  </Placemark>

  <Placemark>
    <Style>
      <IconStyle>
        <scale>0.618363636363637</scale>
        <color>FFCA6935</color>
        <Icon>
          <href>http://maps.google.com/mapfiles/kml/shapes/placemark_circle.png</href>
        </Icon>
      </IconStyle>
    </Style>
    <Point>
      <coordinates>140.151412315621,37.0134166012904,397.734155827491</coordinates>
      <altitudeMode>absolute</altitudeMode>
    </Point>
  </Placemark>

  <Placemark>
    <Style>
      <IconStyle>
        <scale>0.61</scale>
        <color>FFCB6834</color>
        <Icon>
          <href>http://maps.google.com/mapfiles/kml/shapes/placemark_circle.png</href>
        </Icon>
      </IconStyle>
    </Style>
    <Point>
      <coordinates>140.15141303538,37.0134156099025,398.234155843491</coordinates>
      <altitudeMode>absolute</altitudeMode>
    </Point>
  </Placemark>

  <Placemark>
    <Style>
      <IconStyle>
        <scale>0.609636363636364</scale>
        <color>FFCB6834</color>
        <Icon>
          <href>http://maps.google.com/mapfiles/kml/shapes/placemark_circle.png</href>
        </Icon>
      </IconStyle>
    </Style>
    <Point>
      <coordinates>140.151415081878,37.0134148191772,399.134155872291</coordinates>
      <altitudeMode>absolute</altitudeMode>
    </Point>
  </Placemark>

  <Placemark>
    <Style>
      <IconStyle>
        <scale>0.575636363636364</scale>
        <color>FFCE6231</color>
        <Icon>
          <href>http://maps.google.com/mapfiles/kml/shapes/placemark_circle.png</href>
        </Icon>
      </IconStyle>
    </Style>
    <Point>
      <coordinates>140.151415109687,37.0134153655164,400.134155904291</coordinates>
      <altitudeMode>absolute</altitudeMode>
    </Point>
  </Placemark>

  <Placemark>
    <Style>
      <IconStyle>
        <scale>0.532545454545455</scale>
        <color>FFD25B2D</color>
        <Icon>
          <href>http://maps.google.com/mapfiles/kml/shapes/placemark_circle.png</href>
        </Icon>
      </IconStyle>
    </Style>
    <Point>
      <coordinates>140.15141505879,37.0134153575667,400.934155929891</coordinates>
      <altitudeMode>absolute</altitudeMode>
    </Point>
  </Placemark>

  <Placemark>
    <Style>
      <IconStyle>
        <scale>0.469090909090909</scale>
        <color>FFD75028</color>
        <Icon>
          <href>http://maps.google.com/mapfiles/kml/shapes/placemark_circle.png</href>
        </Icon>
      </IconStyle>
    </Style>
    <Point>
      <coordinates>140.151415402105,37.0134149603536,402.434155977891</coordinates>
      <altitudeMode>absolute</altitudeMode>
    </Point>
  </Placemark>

  <Placemark>
    <Style>
      <IconStyle>
        <scale>0.482727272727273</scale>
        <color>FFD65229</color>
        <Icon>
          <href>http://maps.google.com/mapfiles/kml/shapes/placemark_circle.png</href>
        </Icon>
      </IconStyle>
    </Style>
    <Point>
      <coordinates>140.151415003517,37.0134145861674,402.434155977891</coordinates>
      <altitudeMode>absolute</altitudeMode>
    </Point>
  </Placemark>

  <Placemark>
    <Style>
      <IconStyle>
        <scale>0.426909090909091</scale>
        <color>FFDB4924</color>
        <Icon>
          <href>http://maps.google.com/mapfiles/kml/shapes/placemark_circle.png</href>
        </Icon>
      </IconStyle>
    </Style>
    <Point>
      <coordinates>140.151412693353,37.0134147092514,402.134155968291</coordinates>
      <altitudeMode>absolute</altitudeMode>
    </Point>
  </Placemark>

  <Placemark>
    <Style>
      <IconStyle>
        <scale>0.377090909090909</scale>
        <color>FFDF4020</color>
        <Icon>
          <href>http://maps.google.com/mapfiles/kml/shapes/placemark_circle.png</href>
        </Icon>
      </IconStyle>
    </Style>
    <Point>
      <coordinates>140.151412623832,37.0134154535119,402.334155974691</coordinates>
      <altitudeMode>absolute</altitudeMode>
    </Point>
  </Placemark>

  <Placemark>
    <Style>
      <IconStyle>
        <scale>0.324545454545455</scale>
        <color>FFE3371C</color>
        <Icon>
          <href>http://maps.google.com/mapfiles/kml/shapes/placemark_circle.png</href>
        </Icon>
      </IconStyle>
    </Style>
    <Point>
      <coordinates>140.151413526921,37.0134153509876,402.734155987491</coordinates>
      <altitudeMode>absolute</altitudeMode>
    </Point>
  </Placemark>

  <Placemark>
    <Style>
      <IconStyle>
        <scale>0.304</scale>
        <color>FFE5341A</color>
        <Icon>
          <href>http://maps.google.com/mapfiles/kml/shapes/placemark_circle.png</href>
        </Icon>
      </IconStyle>
    </Style>
    <Point>
      <coordinates>140.15141361275,37.0134154705079,402.734155987491</coordinates>
      <altitudeMode>absolute</altitudeMode>
    </Point>
  </Placemark>

  <Placemark>
    <Style>
      <IconStyle>
        <scale>0.327090909090909</scale>
        <color>FFE3381C</color>
        <Icon>
          <href>http://maps.google.com/mapfiles/kml/shapes/placemark_circle.png</href>
        </Icon>
      </IconStyle>
    </Style>
    <Point>
      <coordinates>140.15141313889,37.0134156615759,402.734155987491</coordinates>
      <altitudeMode>absolute</altitudeMode>
    </Point>
  </Placemark>

  <Placemark>
    <Style>
      <IconStyle>
        <scale>0.326</scale>
        <color>FFE3371C</color>
        <Icon>
          <href>http://maps.google.com/mapfiles/kml/shapes/placemark_circle.png</href>
        </Icon>
      </IconStyle>
    </Style>
    <Point>
      <coordinates>140.15141191669,37.0134162084634,402.734155987491</coordinates>
      <altitudeMode>absolute</altitudeMode>
    </Point>
  </Placemark>

  <Placemark>
    <Style>
      <IconStyle>
        <scale>0.329454545454546</scale>
        <color>FFE3381C</color>
        <Icon>
          <href>http://maps.google.com/mapfiles/kml/shapes/placemark_circle.png</href>
        </Icon>
      </IconStyle>
    </Style>
    <Point>
      <coordinates>140.151411010769,37.0134163870585,402.534155981091</coordinates>
      <altitudeMode>absolute</altitudeMode>
    </Point>
  </Placemark>

  <Placemark>
    <Style>
      <IconStyle>
        <scale>0.334363636363636</scale>
        <color>FFE3391C</color>
        <Icon>
          <href>http://maps.google.com/mapfiles/kml/shapes/placemark_circle.png</href>
        </Icon>
      </IconStyle>
    </Style>
    <Point>
      <coordinates>140.151411095825,37.0134165605822,402.434155977891</coordinates>
      <altitudeMode>absolute</altitudeMode>
    </Point>
  </Placemark>

  <Placemark>
    <Style>
      <IconStyle>
        <scale>0.343454545454545</scale>
        <color>FFE23A1D</color>
        <Icon>
          <href>http://maps.google.com/mapfiles/kml/shapes/placemark_circle.png</href>
        </Icon>
      </IconStyle>
    </Style>
    <Point>
      <coordinates>140.151410213249,37.0134176688861,402.134155968291</coordinates>
      <altitudeMode>absolute</altitudeMode>
    </Point>
  </Placemark>

  <Placemark>
    <Style>
      <IconStyle>
        <scale>0.389454545454545</scale>
        <color>FFDE4221</color>
        <Icon>
          <href>http://maps.google.com/mapfiles/kml/shapes/placemark_circle.png</href>
        </Icon>
      </IconStyle>
    </Style>
    <Point>
      <coordinates>140.151410339074,37.0134184809936,401.634155952291</coordinates>
      <altitudeMode>absolute</altitudeMode>
    </Point>
  </Placemark>

  <Placemark>
    <Style>
      <IconStyle>
        <scale>0.296363636363636</scale>
        <color>FFE63219</color>
        <Icon>
          <href>http://maps.google.com/mapfiles/kml/shapes/placemark_circle.png</href>
        </Icon>
      </IconStyle>
    </Style>
    <Point>
      <coordinates>140.151410016701,37.0134201656539,401.234155939491</coordinates>
      <altitudeMode>absolute</altitudeMode>
    </Point>
  </Placemark>

  <Placemark>
    <Style>
      <IconStyle>
        <scale>0.274545454545454</scale>
        <color>FFE82F17</color>
        <Icon>
          <href>http://maps.google.com/mapfiles/kml/shapes/placemark_circle.png</href>
        </Icon>
      </IconStyle>
    </Style>
    <Point>
      <coordinates>140.151411290913,37.0134196086236,400.734155923491</coordinates>
      <altitudeMode>absolute</altitudeMode>
    </Point>
  </Placemark>

  <Placemark>
    <Style>
      <IconStyle>
        <scale>0.284363636363636</scale>
        <color>FFE73018</color>
        <Icon>
          <href>http://maps.google.com/mapfiles/kml/shapes/placemark_circle.png</href>
        </Icon>
      </IconStyle>
    </Style>
    <Point>
      <coordinates>140.15141275309,37.0134196374072,400.334155910691</coordinates>
      <altitudeMode>absolute</altitudeMode>
    </Point>
  </Placemark>

  <Placemark>
    <Style>
      <IconStyle>
        <scale>0.284363636363636</scale>
        <color>FFE73018</color>
        <Icon>
          <href>http://maps.google.com/mapfiles/kml/shapes/placemark_circle.png</href>
        </Icon>
      </IconStyle>
    </Style>
    <Point>
      <coordinates>140.151413648626,37.0134207803884,399.934155897891</coordinates>
      <altitudeMode>absolute</altitudeMode>
    </Point>
  </Placemark>

  <Placemark>
    <Style>
      <IconStyle>
        <scale>0.273454545454545</scale>
        <color>FFE82E17</color>
        <Icon>
          <href>http://maps.google.com/mapfiles/kml/shapes/placemark_circle.png</href>
        </Icon>
      </IconStyle>
    </Style>
    <Point>
      <coordinates>140.151414459964,37.0134203813935,399.434155881891</coordinates>
      <altitudeMode>absolute</altitudeMode>
    </Point>
  </Placemark>

  <Placemark>
    <Style>
      <IconStyle>
        <scale>0.328363636363636</scale>
        <color>FFE3381C</color>
        <Icon>
          <href>http://maps.google.com/mapfiles/kml/shapes/placemark_circle.png</href>
        </Icon>
      </IconStyle>
    </Style>
    <Point>
      <coordinates>140.151414611709,37.013419849309,398.934155865891</coordinates>
      <altitudeMode>absolute</altitudeMode>
    </Point>
  </Placemark>

  <Placemark>
    <Style>
      <IconStyle>
        <scale>0.357636363636364</scale>
        <color>FFE13D1E</color>
        <Icon>
          <href>http://maps.google.com/mapfiles/kml/shapes/placemark_circle.png</href>
        </Icon>
      </IconStyle>
    </Style>
    <Point>
      <coordinates>140.151414325642,37.0134213459168,398.734155859491</coordinates>
      <altitudeMode>absolute</altitudeMode>
    </Point>
  </Placemark>

  <Placemark>
    <Style>
      <IconStyle>
        <scale>0.431090909090909</scale>
        <color>FFDA4925</color>
        <Icon>
          <href>http://maps.google.com/mapfiles/kml/shapes/placemark_circle.png</href>
        </Icon>
      </IconStyle>
    </Style>
    <Point>
      <coordinates>140.151414726977,37.0134221968135,398.534155853091</coordinates>
      <altitudeMode>absolute</altitudeMode>
    </Point>
  </Placemark>

  <Placemark>
    <Style>
      <IconStyle>
        <scale>0.454545454545455</scale>
        <color>FFD84D27</color>
        <Icon>
          <href>http://maps.google.com/mapfiles/kml/shapes/placemark_circle.png</href>
        </Icon>
      </IconStyle>
    </Style>
    <Point>
      <coordinates>140.151416532726,37.0134215156027,398.334155846691</coordinates>
      <altitudeMode>absolute</altitudeMode>
    </Point>
  </Placemark>

  <Placemark>
    <Style>
      <IconStyle>
        <scale>0.526727272727273</scale>
        <color>FFD25A2D</color>
        <Icon>
          <href>http://maps.google.com/mapfiles/kml/shapes/placemark_circle.png</href>
        </Icon>
      </IconStyle>
    </Style>
    <Point>
      <coordinates>140.151418987768,37.0134215981155,398.334155846691</coordinates>
      <altitudeMode>absolute</altitudeMode>
    </Point>
  </Placemark>

  <Placemark>
    <Style>
      <IconStyle>
        <scale>0.537272727272728</scale>
        <color>FFD15B2E</color>
        <Icon>
          <href>http://maps.google.com/mapfiles/kml/shapes/placemark_circle.png</href>
        </Icon>
      </IconStyle>
    </Style>
    <Point>
      <coordinates>140.1514213387,37.0134231929986,398.134155840291</coordinates>
      <altitudeMode>absolute</altitudeMode>
    </Point>
  </Placemark>

  <Placemark>
    <Style>
      <IconStyle>
        <scale>0.519454545454546</scale>
        <color>FFD3582C</color>
        <Icon>
          <href>http://maps.google.com/mapfiles/kml/shapes/placemark_circle.png</href>
        </Icon>
      </IconStyle>
    </Style>
    <Point>
      <coordinates>140.151424640871,37.0134241868536,397.734155827491</coordinates>
      <altitudeMode>absolute</altitudeMode>
    </Point>
  </Placemark>

  <Placemark>
    <Style>
      <IconStyle>
        <scale>0.580909090909092</scale>
        <color>FFCE6331</color>
        <Icon>
          <href>http://maps.google.com/mapfiles/kml/shapes/placemark_circle.png</href>
        </Icon>
      </IconStyle>
    </Style>
    <Point>
      <coordinates>140.151427677059,37.0134252403317,397.234155811491</coordinates>
      <altitudeMode>absolute</altitudeMode>
    </Point>
  </Placemark>

  <Placemark>
    <Style>
      <IconStyle>
        <scale>0.642909090909092</scale>
        <color>FFC86D37</color>
        <Icon>
          <href>http://maps.google.com/mapfiles/kml/shapes/placemark_circle.png</href>
        </Icon>
      </IconStyle>
    </Style>
    <Point>
      <coordinates>140.151428405401,37.0134276348494,396.634155792291</coordinates>
      <altitudeMode>absolute</altitudeMode>
    </Point>
  </Placemark>

  <Placemark>
    <Style>
      <IconStyle>
        <scale>0.657636363636364</scale>
        <color>FFC77038</color>
        <Icon>
          <href>http://maps.google.com/mapfiles/kml/shapes/placemark_circle.png</href>
        </Icon>
      </IconStyle>
    </Style>
    <Point>
      <coordinates>140.151426807358,37.0134313377852,396.034155773091</coordinates>
      <altitudeMode>absolute</altitudeMode>
    </Point>
  </Placemark>

  <Placemark>
    <Style>
      <IconStyle>
        <scale>0.689272727272728</scale>
        <color>FFC4753B</color>
        <Icon>
          <href>http://maps.google.com/mapfiles/kml/shapes/placemark_circle.png</href>
        </Icon>
      </IconStyle>
    </Style>
    <Point>
      <coordinates>140.151423264266,37.0134369980027,395.434155753891</coordinates>
      <altitudeMode>absolute</altitudeMode>
    </Point>
  </Placemark>

  <Placemark>
    <Style>
      <IconStyle>
        <scale>0.609454545454546</scale>
        <color>FFCB6834</color>
        <Icon>
          <href>http://maps.google.com/mapfiles/kml/shapes/placemark_circle.png</href>
        </Icon>
      </IconStyle>
    </Style>
    <Point>
      <coordinates>140.151418388856,37.0134438815213,394.734155731491</coordinates>
      <altitudeMode>absolute</altitudeMode>
    </Point>
  </Placemark>

  <Placemark>
    <Style>
      <IconStyle>
        <scale>0.600909090909091</scale>
        <color>FFCC6633</color>
        <Icon>
          <href>http://maps.google.com/mapfiles/kml/shapes/placemark_circle.png</href>
        </Icon>
      </IconStyle>
    </Style>
    <Point>
      <coordinates>140.151413429763,37.0134515350686,394.234155715491</coordinates>
      <altitudeMode>absolute</altitudeMode>
    </Point>
  </Placemark>

  <Placemark>
    <Style>
      <IconStyle>
        <scale>0.620181818181818</scale>
        <color>FFCA6935</color>
        <Icon>
          <href>http://maps.google.com/mapfiles/kml/shapes/placemark_circle.png</href>
        </Icon>
      </IconStyle>
    </Style>
    <Point>
      <coordinates>140.151410323281,37.0134549359141,393.534155693091</coordinates>
      <altitudeMode>absolute</altitudeMode>
    </Point>
  </Placemark>

  <Placemark>
    <Style>
      <IconStyle>
        <scale>0.609090909090909</scale>
        <color>FFCB6834</color>
        <Icon>
          <href>http://maps.google.com/mapfiles/kml/shapes/placemark_circle.png</href>
        </Icon>
      </IconStyle>
    </Style>
    <Point>
      <coordinates>140.151409936795,37.0134561877246,393.134155680291</coordinates>
      <altitudeMode>absolute</altitudeMode>
    </Point>
  </Placemark>

  <Placemark>
    <Style>
      <IconStyle>
        <scale>0.531818181818182</scale>
        <color>FFD25A2D</color>
        <Icon>
          <href>http://maps.google.com/mapfiles/kml/shapes/placemark_circle.png</href>
        </Icon>
      </IconStyle>
    </Style>
    <Point>
      <coordinates>140.151408448784,37.0134597912886,392.734155667491</coordinates>
      <altitudeMode>absolute</altitudeMode>
    </Point>
  </Placemark>

  <Placemark>
    <Style>
      <IconStyle>
        <scale>0.456727272727273</scale>
        <color>FFD84E27</color>
        <Icon>
          <href>http://maps.google.com/mapfiles/kml/shapes/placemark_circle.png</href>
        </Icon>
      </IconStyle>
    </Style>
    <Point>
      <coordinates>140.151408448526,37.0134602392156,392.234155651491</coordinates>
      <altitudeMode>absolute</altitudeMode>
    </Point>
  </Placemark>

  <Placemark>
    <Style>
      <IconStyle>
        <scale>0.460545454545455</scale>
        <color>FFD84E27</color>
        <Icon>
          <href>http://maps.google.com/mapfiles/kml/shapes/placemark_circle.png</href>
        </Icon>
      </IconStyle>
    </Style>
    <Point>
      <coordinates>140.151406937427,37.0134625107863,391.934155641891</coordinates>
      <altitudeMode>absolute</altitudeMode>
    </Point>
  </Placemark>

  <Placemark>
    <Style>
      <IconStyle>
        <scale>0.461636363636364</scale>
        <color>FFD84E27</color>
        <Icon>
          <href>http://maps.google.com/mapfiles/kml/shapes/placemark_circle.png</href>
        </Icon>
      </IconStyle>
    </Style>
    <Point>
      <coordinates>140.151405305997,37.0134642926254,391.334155622691</coordinates>
      <altitudeMode>absolute</altitudeMode>
    </Point>
  </Placemark>

  <Placemark>
    <Style>
      <IconStyle>
        <scale>0.337090909090909</scale>
        <color>FFE2391D</color>
        <Icon>
          <href>http://maps.google.com/mapfiles/kml/shapes/placemark_circle.png</href>
        </Icon>
      </IconStyle>
    </Style>
    <Point>
      <coordinates>140.151403908191,37.0134661477941,390.934155609891</coordinates>
      <altitudeMode>absolute</altitudeMode>
    </Point>
  </Placemark>

  <Placemark>
    <Style>
      <IconStyle>
        <scale>0.415818181818182</scale>
        <color>FFDC4723</color>
        <Icon>
          <href>http://maps.google.com/mapfiles/kml/shapes/placemark_circle.png</href>
        </Icon>
      </IconStyle>
    </Style>
    <Point>
      <coordinates>140.151403479477,37.0134673852128,390.534155597091</coordinates>
      <altitudeMode>absolute</altitudeMode>
    </Point>
  </Placemark>

  <Placemark>
    <Style>
      <IconStyle>
        <scale>0.381636363636364</scale>
        <color>FFDF4120</color>
        <Icon>
          <href>http://maps.google.com/mapfiles/kml/shapes/placemark_circle.png</href>
        </Icon>
      </IconStyle>
    </Style>
    <Point>
      <coordinates>140.151402330232,37.0134696218321,390.034155581091</coordinates>
      <altitudeMode>absolute</altitudeMode>
    </Point>
  </Placemark>

  <Placemark>
    <Style>
      <IconStyle>
        <scale>0.399272727272727</scale>
        <color>FFDD4422</color>
        <Icon>
          <href>http://maps.google.com/mapfiles/kml/shapes/placemark_circle.png</href>
        </Icon>
      </IconStyle>
    </Style>
    <Point>
      <coordinates>140.15140160807,37.0134710525118,389.534155565091</coordinates>
      <altitudeMode>absolute</altitudeMode>
    </Point>
  </Placemark>

  <Placemark>
    <Style>
      <IconStyle>
        <scale>0.452727272727273</scale>
        <color>FFD94D26</color>
        <Icon>
          <href>http://maps.google.com/mapfiles/kml/shapes/placemark_circle.png</href>
        </Icon>
      </IconStyle>
    </Style>
    <Point>
      <coordinates>140.15139968568,37.0134745131175,389.034155549091</coordinates>
      <altitudeMode>absolute</altitudeMode>
    </Point>
  </Placemark>

  <Placemark>
    <Style>
      <IconStyle>
        <scale>0.424181818181818</scale>
        <color>FFDB4824</color>
        <Icon>
          <href>http://maps.google.com/mapfiles/kml/shapes/placemark_circle.png</href>
        </Icon>
      </IconStyle>
    </Style>
    <Point>
      <coordinates>140.15139849352,37.0134752842426,388.534155533091</coordinates>
      <altitudeMode>absolute</altitudeMode>
    </Point>
  </Placemark>

  <Placemark>
    <Style>
      <IconStyle>
        <scale>0.420181818181818</scale>
        <color>FFDB4724</color>
        <Icon>
          <href>http://maps.google.com/mapfiles/kml/shapes/placemark_circle.png</href>
        </Icon>
      </IconStyle>
    </Style>
    <Point>
      <coordinates>140.151396306692,37.0134786726153,388.034155517091</coordinates>
      <altitudeMode>absolute</altitudeMode>
    </Point>
  </Placemark>

  <Placemark>
    <Style>
      <IconStyle>
        <scale>0.424909090909091</scale>
        <color>FFDB4824</color>
        <Icon>
          <href>http://maps.google.com/mapfiles/kml/shapes/placemark_circle.png</href>
        </Icon>
      </IconStyle>
    </Style>
    <Point>
      <coordinates>140.151395584273,37.013479478829,387.534155501091</coordinates>
      <altitudeMode>absolute</altitudeMode>
    </Point>
  </Placemark>

  <Placemark>
    <Style>
      <IconStyle>
        <scale>0.464545454545454</scale>
        <color>FFD84F27</color>
        <Icon>
          <href>http://maps.google.com/mapfiles/kml/shapes/placemark_circle.png</href>
        </Icon>
      </IconStyle>
    </Style>
    <Point>
      <coordinates>140.151394684617,37.0134819609309,387.034155485091</coordinates>
      <altitudeMode>absolute</altitudeMode>
    </Point>
  </Placemark>

  <Placemark>
    <Style>
      <IconStyle>
        <scale>0.488181818181818</scale>
        <color>FFD65329</color>
        <Icon>
          <href>http://maps.google.com/mapfiles/kml/shapes/placemark_circle.png</href>
        </Icon>
      </IconStyle>
    </Style>
    <Point>
      <coordinates>140.151394542914,37.0134842475787,386.734155475491</coordinates>
      <altitudeMode>absolute</altitudeMode>
    </Point>
  </Placemark>

  <Placemark>
    <Style>
      <IconStyle>
        <scale>0.448545454545454</scale>
        <color>FFD94C26</color>
        <Icon>
          <href>http://maps.google.com/mapfiles/kml/shapes/placemark_circle.png</href>
        </Icon>
      </IconStyle>
    </Style>
    <Point>
      <coordinates>140.151394263198,37.0134855491436,386.234155459491</coordinates>
      <altitudeMode>absolute</altitudeMode>
    </Point>
  </Placemark>

  <Placemark>
    <Style>
      <IconStyle>
        <scale>0.523454545454545</scale>
        <color>FFD3592C</color>
        <Icon>
          <href>http://maps.google.com/mapfiles/kml/shapes/placemark_circle.png</href>
        </Icon>
      </IconStyle>
    </Style>
    <Point>
      <coordinates>140.151393123394,37.0134883504689,385.734155443491</coordinates>
      <altitudeMode>absolute</altitudeMode>
    </Point>
  </Placemark>

  <Placemark>
    <Style>
      <IconStyle>
        <scale>0.497818181818182</scale>
        <color>FFD5552A</color>
        <Icon>
          <href>http://maps.google.com/mapfiles/kml/shapes/placemark_circle.png</href>
        </Icon>
      </IconStyle>
    </Style>
    <Point>
      <coordinates>140.151393440187,37.0134892622222,385.334155430691</coordinates>
      <altitudeMode>absolute</altitudeMode>
    </Point>
  </Placemark>

  <Placemark>
    <Style>
      <IconStyle>
        <scale>0.584909090909091</scale>
        <color>FFCD6332</color>
        <Icon>
          <href>http://maps.google.com/mapfiles/kml/shapes/placemark_circle.png</href>
        </Icon>
      </IconStyle>
    </Style>
    <Point>
      <coordinates>140.151392037919,37.0134931548554,384.834155414691</coordinates>
      <altitudeMode>absolute</altitudeMode>
    </Point>
  </Placemark>

  <Placemark>
    <Style>
      <IconStyle>
        <scale>0.636909090909091</scale>
        <color>FFC96C36</color>
        <Icon>
          <href>http://maps.google.com/mapfiles/kml/shapes/placemark_circle.png</href>
        </Icon>
      </IconStyle>
    </Style>
    <Point>
      <coordinates>140.151391766443,37.0134942231364,384.234155395491</coordinates>
      <altitudeMode>absolute</altitudeMode>
    </Point>
  </Placemark>

  <Placemark>
    <Style>
      <IconStyle>
        <scale>0.618363636363636</scale>
        <color>FFCA6935</color>
        <Icon>
          <href>http://maps.google.com/mapfiles/kml/shapes/placemark_circle.png</href>
        </Icon>
      </IconStyle>
    </Style>
    <Point>
      <coordinates>140.151389610599,37.0134974423715,383.634155376291</coordinates>
      <altitudeMode>absolute</altitudeMode>
    </Point>
  </Placemark>

  <Placemark>
    <Style>
      <IconStyle>
        <scale>0.610181818181818</scale>
        <color>FFCB6834</color>
        <Icon>
          <href>http://maps.google.com/mapfiles/kml/shapes/placemark_circle.png</href>
        </Icon>
      </IconStyle>
    </Style>
    <Point>
      <coordinates>140.151388320423,37.0134977078655,383.034155357091</coordinates>
      <altitudeMode>absolute</altitudeMode>
    </Point>
  </Placemark>

  <Placemark>
    <Style>
      <IconStyle>
        <scale>0.632181818181818</scale>
        <color>FFC96B36</color>
        <Icon>
          <href>http://maps.google.com/mapfiles/kml/shapes/placemark_circle.png</href>
        </Icon>
      </IconStyle>
    </Style>
    <Point>
      <coordinates>140.151386732508,37.0135019879801,382.434155337891</coordinates>
      <altitudeMode>absolute</altitudeMode>
    </Point>
  </Placemark>

  <Placemark>
    <Style>
      <IconStyle>
        <scale>0.639272727272727</scale>
        <color>FFC96D36</color>
        <Icon>
          <href>http://maps.google.com/mapfiles/kml/shapes/placemark_circle.png</href>
        </Icon>
      </IconStyle>
    </Style>
    <Point>
      <coordinates>140.151385179696,37.0135067729034,381.734155315491</coordinates>
      <altitudeMode>absolute</altitudeMode>
    </Point>
  </Placemark>

  <Placemark>
    <Style>
      <IconStyle>
        <scale>0.632909090909091</scale>
        <color>FFC96C36</color>
        <Icon>
          <href>http://maps.google.com/mapfiles/kml/shapes/placemark_circle.png</href>
        </Icon>
      </IconStyle>
    </Style>
    <Point>
      <coordinates>140.151384780593,37.0135085517271,381.034155293091</coordinates>
      <altitudeMode>absolute</altitudeMode>
    </Point>
  </Placemark>

  <Placemark>
    <Style>
      <IconStyle>
        <scale>0.633272727272727</scale>
        <color>FFC96C36</color>
        <Icon>
          <href>http://maps.google.com/mapfiles/kml/shapes/placemark_circle.png</href>
        </Icon>
      </IconStyle>
    </Style>
    <Point>
      <coordinates>140.151381540819,37.0135152939322,380.434155273891</coordinates>
      <altitudeMode>absolute</altitudeMode>
    </Point>
  </Placemark>

  <Placemark>
    <Style>
      <IconStyle>
        <scale>0.627272727272727</scale>
        <color>FFCA6B35</color>
        <Icon>
          <href>http://maps.google.com/mapfiles/kml/shapes/placemark_circle.png</href>
        </Icon>
      </IconStyle>
    </Style>
    <Point>
      <coordinates>140.151380010752,37.0135177946749,379.634155248291</coordinates>
      <altitudeMode>absolute</altitudeMode>
    </Point>
  </Placemark>

  <Placemark>
    <Style>
      <IconStyle>
        <scale>0.553454545454545</scale>
        <color>FFD05E2F</color>
        <Icon>
          <href>http://maps.google.com/mapfiles/kml/shapes/placemark_circle.png</href>
        </Icon>
      </IconStyle>
    </Style>
    <Point>
      <coordinates>140.151378372369,37.0135226808889,379.234155235491</coordinates>
      <altitudeMode>absolute</altitudeMode>
    </Point>
  </Placemark>

  <Placemark>
    <Style>
      <IconStyle>
        <scale>0.533636363636363</scale>
        <color>FFD25B2D</color>
        <Icon>
          <href>http://maps.google.com/mapfiles/kml/shapes/placemark_circle.png</href>
        </Icon>
      </IconStyle>
    </Style>
    <Point>
      <coordinates>140.151375598645,37.0135284940705,378.534155213091</coordinates>
      <altitudeMode>absolute</altitudeMode>
    </Point>
  </Placemark>

  <Placemark>
    <Style>
      <IconStyle>
        <scale>0.491272727272727</scale>
        <color>FFD5542A</color>
        <Icon>
          <href>http://maps.google.com/mapfiles/kml/shapes/placemark_circle.png</href>
        </Icon>
      </IconStyle>
    </Style>
    <Point>
      <coordinates>140.151375328628,37.0135295774286,378.134155200291</coordinates>
      <altitudeMode>absolute</altitudeMode>
    </Point>
  </Placemark>

  <Placemark>
    <Style>
      <IconStyle>
        <scale>0.456727272727272</scale>
        <color>FFD84E27</color>
        <Icon>
          <href>http://maps.google.com/mapfiles/kml/shapes/placemark_circle.png</href>
        </Icon>
      </IconStyle>
    </Style>
    <Point>
      <coordinates>140.151375077065,37.0135309356012,377.534155181091</coordinates>
      <altitudeMode>absolute</altitudeMode>
    </Point>
  </Placemark>

  <Placemark>
    <Style>
      <IconStyle>
        <scale>0.480181818181818</scale>
        <color>FFD65229</color>
        <Icon>
          <href>http://maps.google.com/mapfiles/kml/shapes/placemark_circle.png</href>
        </Icon>
      </IconStyle>
    </Style>
    <Point>
      <coordinates>140.151374331214,37.0135338508271,377.134155168291</coordinates>
      <altitudeMode>absolute</altitudeMode>
    </Point>
  </Placemark>

  <Placemark>
    <Style>
      <IconStyle>
        <scale>0.421818181818181</scale>
        <color>FFDB4824</color>
        <Icon>
          <href>http://maps.google.com/mapfiles/kml/shapes/placemark_circle.png</href>
        </Icon>
      </IconStyle>
    </Style>
    <Point>
      <coordinates>140.151373692649,37.0135343450819,376.534155149091</coordinates>
      <altitudeMode>absolute</altitudeMode>
    </Point>
  </Placemark>

  <Placemark>
    <Style>
      <IconStyle>
        <scale>0.415818181818181</scale>
        <color>FFDC4723</color>
        <Icon>
          <href>http://maps.google.com/mapfiles/kml/shapes/placemark_circle.png</href>
        </Icon>
      </IconStyle>
    </Style>
    <Point>
      <coordinates>140.151374370008,37.0135373329519,376.234155139491</coordinates>
      <altitudeMode>absolute</altitudeMode>
    </Point>
  </Placemark>

  <Placemark>
    <Style>
      <IconStyle>
        <scale>0.532727272727272</scale>
        <color>FFD25B2D</color>
        <Icon>
          <href>http://maps.google.com/mapfiles/kml/shapes/placemark_circle.png</href>
        </Icon>
      </IconStyle>
    </Style>
    <Point>
      <coordinates>140.151373241963,37.0135469351458,375.834155126691</coordinates>
      <altitudeMode>absolute</altitudeMode>
    </Point>
  </Placemark>

  <Placemark>
    <Style>
      <IconStyle>
        <scale>0.651272727272726</scale>
        <color>FFC86F37</color>
        <Icon>
          <href>http://maps.google.com/mapfiles/kml/shapes/placemark_circle.png</href>
        </Icon>
      </IconStyle>
    </Style>
    <Point>
      <coordinates>140.151370289543,37.0135562252438,375.134155104291</coordinates>
      <altitudeMode>absolute</altitudeMode>
    </Point>
  </Placemark>

  <Placemark>
    <Style>
      <IconStyle>
        <scale>0.642181818181818</scale>
        <color>FFC86D37</color>
        <Icon>
          <href>http://maps.google.com/mapfiles/kml/shapes/placemark_circle.png</href>
        </Icon>
      </IconStyle>
    </Style>
    <Point>
      <coordinates>140.151369494255,37.0135576860777,374.434155081891</coordinates>
      <altitudeMode>absolute</altitudeMode>
    </Point>
  </Placemark>

  <Placemark>
    <Style>
      <IconStyle>
        <scale>0.837454545454545</scale>
        <color>FFB88E47</color>
        <Icon>
          <href>http://maps.google.com/mapfiles/kml/shapes/placemark_circle.png</href>
        </Icon>
      </IconStyle>
    </Style>
    <Point>
      <coordinates>140.151366462959,37.0135647591566,373.934155065891</coordinates>
      <altitudeMode>absolute</altitudeMode>
    </Point>
  </Placemark>

  <Placemark>
    <Style>
      <IconStyle>
        <scale>0.922</scale>
        <color>FFB19D4E</color>
        <Icon>
          <href>http://maps.google.com/mapfiles/kml/shapes/placemark_circle.png</href>
        </Icon>
      </IconStyle>
    </Style>
    <Point>
      <coordinates>140.151363387633,37.0135730699283,373.334155046691</coordinates>
      <altitudeMode>absolute</altitudeMode>
    </Point>
  </Placemark>

  <Placemark>
    <Style>
      <IconStyle>
        <scale>0.908545454545454</scale>
        <color>FFB29A4D</color>
        <Icon>
          <href>http://maps.google.com/mapfiles/kml/shapes/placemark_circle.png</href>
        </Icon>
      </IconStyle>
    </Style>
    <Point>
      <coordinates>140.151361838512,37.0135778978899,372.834155030691</coordinates>
      <altitudeMode>absolute</altitudeMode>
    </Point>
  </Placemark>

  <Placemark>
    <Style>
      <IconStyle>
        <scale>0.885454545454545</scale>
        <color>FFB4974B</color>
        <Icon>
          <href>http://maps.google.com/mapfiles/kml/shapes/placemark_circle.png</href>
        </Icon>
      </IconStyle>
    </Style>
    <Point>
      <coordinates>140.151360643348,37.0135812995579,372.534155021091</coordinates>
      <altitudeMode>absolute</altitudeMode>
    </Point>
  </Placemark>

  <Placemark>
    <Style>
      <IconStyle>
        <scale>0.867454545454545</scale>
        <color>FFB5934A</color>
        <Icon>
          <href>http://maps.google.com/mapfiles/kml/shapes/placemark_circle.png</href>
        </Icon>
      </IconStyle>
    </Style>
    <Point>
      <coordinates>140.15136011473,37.0135835626306,372.134155008291</coordinates>
      <altitudeMode>absolute</altitudeMode>
    </Point>
  </Placemark>

  <Placemark>
    <Style>
      <IconStyle>
        <scale>0.791818181818182</scale>
        <color>FFBC8743</color>
        <Icon>
          <href>http://maps.google.com/mapfiles/kml/shapes/placemark_circle.png</href>
        </Icon>
      </IconStyle>
    </Style>
    <Point>
      <coordinates>140.151359703697,37.0135836267768,371.634154992291</coordinates>
      <altitudeMode>absolute</altitudeMode>
    </Point>
  </Placemark>

  <Placemark>
    <Style>
      <IconStyle>
        <scale>0.814</scale>
        <color>FFBA8A45</color>
        <Icon>
          <href>http://maps.google.com/mapfiles/kml/shapes/placemark_circle.png</href>
        </Icon>
      </IconStyle>
    </Style>
    <Point>
      <coordinates>140.15135969108,37.0135882333792,371.234154979491</coordinates>
      <altitudeMode>absolute</altitudeMode>
    </Point>
  </Placemark>

  <Placemark>
    <Style>
      <IconStyle>
        <scale>0.847636363636364</scale>
        <color>FFB79048</color>
        <Icon>
          <href>http://maps.google.com/mapfiles/kml/shapes/placemark_circle.png</href>
        </Icon>
      </IconStyle>
    </Style>
    <Point>
      <coordinates>140.151360776469,37.0135907933337,370.634154960291</coordinates>
      <altitudeMode>absolute</altitudeMode>
    </Point>
  </Placemark>

  <Placemark>
    <Style>
      <IconStyle>
        <scale>0.804181818181818</scale>
        <color>FFBB8944</color>
        <Icon>
          <href>http://maps.google.com/mapfiles/kml/shapes/placemark_circle.png</href>
        </Icon>
      </IconStyle>
    </Style>
    <Point>
      <coordinates>140.151359987961,37.0135996889599,370.134154944291</coordinates>
      <altitudeMode>absolute</altitudeMode>
    </Point>
  </Placemark>

  <Placemark>
    <Style>
      <IconStyle>
        <scale>0.700909090909091</scale>
        <color>FFC3773C</color>
        <Icon>
          <href>http://maps.google.com/mapfiles/kml/shapes/placemark_circle.png</href>
        </Icon>
      </IconStyle>
    </Style>
    <Point>
      <coordinates>140.15135730101,37.0136150411486,369.834154934691</coordinates>
      <altitudeMode>absolute</altitudeMode>
    </Point>
  </Placemark>

  <Placemark>
    <Style>
      <IconStyle>
        <scale>0.798545454545455</scale>
        <color>FFBB8844</color>
        <Icon>
          <href>http://maps.google.com/mapfiles/kml/shapes/placemark_circle.png</href>
        </Icon>
      </IconStyle>
    </Style>
    <Point>
      <coordinates>140.151358365628,37.0136200176882,369.334154918691</coordinates>
      <altitudeMode>absolute</altitudeMode>
    </Point>
  </Placemark>

  <Placemark>
    <Style>
      <IconStyle>
        <scale>0.694727272727273</scale>
        <color>FFC4763B</color>
        <Icon>
          <href>http://maps.google.com/mapfiles/kml/shapes/placemark_circle.png</href>
        </Icon>
      </IconStyle>
    </Style>
    <Point>
      <coordinates>140.151360466799,37.0136212189219,369.134154912291</coordinates>
      <altitudeMode>absolute</altitudeMode>
    </Point>
  </Placemark>

  <Placemark>
    <Style>
      <IconStyle>
        <scale>0.744727272727273</scale>
        <color>FFC07F3F</color>
        <Icon>
          <href>http://maps.google.com/mapfiles/kml/shapes/placemark_circle.png</href>
        </Icon>
      </IconStyle>
    </Style>
    <Point>
      <coordinates>140.15136272495,37.013619365261,368.934154905891</coordinates>
      <altitudeMode>absolute</altitudeMode>
    </Point>
  </Placemark>

  <Placemark>
    <Style>
      <IconStyle>
        <scale>0.769636363636363</scale>
        <color>FFBE8341</color>
        <Icon>
          <href>http://maps.google.com/mapfiles/kml/shapes/placemark_circle.png</href>
        </Icon>
      </IconStyle>
    </Style>
    <Point>
      <coordinates>140.151365151583,37.0136213034907,368.634154896291</coordinates>
      <altitudeMode>absolute</altitudeMode>
    </Point>
  </Placemark>

  <Placemark>
    <Style>
      <IconStyle>
        <scale>0.792363636363636</scale>
        <color>FFBC8743</color>
        <Icon>
          <href>http://maps.google.com/mapfiles/kml/shapes/placemark_circle.png</href>
        </Icon>
      </IconStyle>
    </Style>
    <Point>
      <coordinates>140.151364915812,37.0136326834118,368.234154883491</coordinates>
      <altitudeMode>absolute</altitudeMode>
    </Point>
  </Placemark>

  <Placemark>
    <Style>
      <IconStyle>
        <scale>0.866181818181818</scale>
        <color>FFB5934A</color>
        <Icon>
          <href>http://maps.google.com/mapfiles/kml/shapes/placemark_circle.png</href>
        </Icon>
      </IconStyle>
    </Style>
    <Point>
      <coordinates>140.15136092787,37.0136518283136,367.534154861091</coordinates>
      <altitudeMode>absolute</altitudeMode>
    </Point>
  </Placemark>

  <Placemark>
    <Style>
      <IconStyle>
        <scale>0.912181818181817</scale>
        <color>FFB19B4E</color>
        <Icon>
          <href>http://maps.google.com/mapfiles/kml/shapes/placemark_circle.png</href>
        </Icon>
      </IconStyle>
    </Style>
    <Point>
      <coordinates>140.151355039082,37.013676387128,366.734154835491</coordinates>
      <altitudeMode>absolute</altitudeMode>
    </Point>
  </Placemark>

  <Placemark>
    <Style>
      <IconStyle>
        <scale>0.896727272727272</scale>
        <color>FFB3984C</color>
        <Icon>
          <href>http://maps.google.com/mapfiles/kml/shapes/placemark_circle.png</href>
        </Icon>
      </IconStyle>
    </Style>
    <Point>
      <coordinates>140.151348506063,37.0137045237382,366.134154816291</coordinates>
      <altitudeMode>absolute</altitudeMode>
    </Point>
  </Placemark>

  <Placemark>
    <Style>
      <IconStyle>
        <scale>0.853636363636363</scale>
        <color>FFB69149</color>
        <Icon>
          <href>http://maps.google.com/mapfiles/kml/shapes/placemark_circle.png</href>
        </Icon>
      </IconStyle>
    </Style>
    <Point>
      <coordinates>140.151341618229,37.013735301034,365.634154800291</coordinates>
      <altitudeMode>absolute</altitudeMode>
    </Point>
  </Placemark>

  <Placemark>
    <Style>
      <IconStyle>
        <scale>0.771090909090909</scale>
        <color>FFBD8342</color>
        <Icon>
          <href>http://maps.google.com/mapfiles/kml/shapes/placemark_circle.png</href>
        </Icon>
      </IconStyle>
    </Style>
    <Point>
      <coordinates>140.15133498668,37.0137680478102,365.034154781091</coordinates>
      <altitudeMode>absolute</altitudeMode>
    </Point>
  </Placemark>

  <Placemark>
    <Style>
      <IconStyle>
        <scale>0.8</scale>
        <color>FFBB8844</color>
        <Icon>
          <href>http://maps.google.com/mapfiles/kml/shapes/placemark_circle.png</href>
        </Icon>
      </IconStyle>
    </Style>
    <Point>
      <coordinates>140.151328294106,37.0138005782986,364.534154765091</coordinates>
      <altitudeMode>absolute</altitudeMode>
    </Point>
  </Placemark>

  <Placemark>
    <Style>
      <IconStyle>
        <scale>0.682909090909091</scale>
        <color>FFC5743A</color>
        <Icon>
          <href>http://maps.google.com/mapfiles/kml/shapes/placemark_circle.png</href>
        </Icon>
      </IconStyle>
    </Style>
    <Point>
      <coordinates>140.151319970015,37.0138320654517,364.334154758691</coordinates>
      <altitudeMode>absolute</altitudeMode>
    </Point>
  </Placemark>

  <Placemark>
    <Style>
      <IconStyle>
        <scale>0.567818181818182</scale>
        <color>FFCF6130</color>
        <Icon>
          <href>http://maps.google.com/mapfiles/kml/shapes/placemark_circle.png</href>
        </Icon>
      </IconStyle>
    </Style>
    <Point>
      <coordinates>140.151312454602,37.0138604428158,364.234154755491</coordinates>
      <altitudeMode>absolute</altitudeMode>
    </Point>
  </Placemark>

  <Placemark>
    <Style>
      <IconStyle>
        <scale>0.537090909090909</scale>
        <color>FFD15B2E</color>
        <Icon>
          <href>http://maps.google.com/mapfiles/kml/shapes/placemark_circle.png</href>
        </Icon>
      </IconStyle>
    </Style>
    <Point>
      <coordinates>140.151308960004,37.0138727153698,364.034154749091</coordinates>
      <altitudeMode>absolute</altitudeMode>
    </Point>
  </Placemark>

  <Placemark>
    <Style>
      <IconStyle>
        <scale>0.534363636363637</scale>
        <color>FFD25B2D</color>
        <Icon>
          <href>http://maps.google.com/mapfiles/kml/shapes/placemark_circle.png</href>
        </Icon>
      </IconStyle>
    </Style>
    <Point>
      <coordinates>140.151308525797,37.0138714061292,364.134154752291</coordinates>
      <altitudeMode>absolute</altitudeMode>
    </Point>
  </Placemark>

  <Placemark>
    <Style>
      <IconStyle>
        <scale>0.51</scale>
        <color>FFD4572B</color>
        <Icon>
          <href>http://maps.google.com/mapfiles/kml/shapes/placemark_circle.png</href>
        </Icon>
      </IconStyle>
    </Style>
    <Point>
      <coordinates>140.151308980002,37.0138713476712,364.234154755491</coordinates>
      <altitudeMode>absolute</altitudeMode>
    </Point>
  </Placemark>

  <Placemark>
    <Style>
      <IconStyle>
        <scale>0.520545454545455</scale>
        <color>FFD3582C</color>
        <Icon>
          <href>http://maps.google.com/mapfiles/kml/shapes/placemark_circle.png</href>
        </Icon>
      </IconStyle>
    </Style>
    <Point>
      <coordinates>140.151308838642,37.0138715386706,364.034154749091</coordinates>
      <altitudeMode>absolute</altitudeMode>
    </Point>
  </Placemark>

  <Placemark>
    <Style>
      <IconStyle>
        <scale>0.508363636363637</scale>
        <color>FFD4562B</color>
        <Icon>
          <href>http://maps.google.com/mapfiles/kml/shapes/placemark_circle.png</href>
        </Icon>
      </IconStyle>
    </Style>
    <Point>
      <coordinates>140.151308179564,37.0138715300356,363.734154739491</coordinates>
      <altitudeMode>absolute</altitudeMode>
    </Point>
  </Placemark>

  <Placemark>
    <Style>
      <IconStyle>
        <scale>0.591818181818183</scale>
        <color>FFCD6532</color>
        <Icon>
          <href>http://maps.google.com/mapfiles/kml/shapes/placemark_circle.png</href>
        </Icon>
      </IconStyle>
    </Style>
    <Point>
      <coordinates>140.151308856838,37.0138718363063,363.734154739491</coordinates>
      <altitudeMode>absolute</altitudeMode>
    </Point>
  </Placemark>

  <Placemark>
    <Style>
      <IconStyle>
        <scale>0.624363636363637</scale>
        <color>FFCA6A35</color>
        <Icon>
          <href>http://maps.google.com/mapfiles/kml/shapes/placemark_circle.png</href>
        </Icon>
      </IconStyle>
    </Style>
    <Point>
      <coordinates>140.151310423811,37.0138717314519,363.734154739491</coordinates>
      <altitudeMode>absolute</altitudeMode>
    </Point>
  </Placemark>

  <Placemark>
    <Style>
      <IconStyle>
        <scale>0.709818181818182</scale>
        <color>FFC3793C</color>
        <Icon>
          <href>http://maps.google.com/mapfiles/kml/shapes/placemark_circle.png</href>
        </Icon>
      </IconStyle>
    </Style>
    <Point>
      <coordinates>140.151310651257,37.0138719467118,363.834154742691</coordinates>
      <altitudeMode>absolute</altitudeMode>
    </Point>
  </Placemark>

  <Placemark>
    <Style>
      <IconStyle>
        <scale>0.694909090909091</scale>
        <color>FFC4763B</color>
        <Icon>
          <href>http://maps.google.com/mapfiles/kml/shapes/placemark_circle.png</href>
        </Icon>
      </IconStyle>
    </Style>
    <Point>
      <coordinates>140.151310535474,37.0138717803154,363.734154739491</coordinates>
      <altitudeMode>absolute</altitudeMode>
    </Point>
  </Placemark>

  <Placemark>
    <Style>
      <IconStyle>
        <scale>0.697818181818182</scale>
        <color>FFC4773B</color>
        <Icon>
          <href>http://maps.google.com/mapfiles/kml/shapes/placemark_circle.png</href>
        </Icon>
      </IconStyle>
    </Style>
    <Point>
      <coordinates>140.151310350943,37.0138734982825,363.334154726691</coordinates>
      <altitudeMode>absolute</altitudeMode>
    </Point>
  </Placemark>

  <Placemark>
    <Style>
      <IconStyle>
        <scale>0.771272727272727</scale>
        <color>FFBD8342</color>
        <Icon>
          <href>http://maps.google.com/mapfiles/kml/shapes/placemark_circle.png</href>
        </Icon>
      </IconStyle>
    </Style>
    <Point>
      <coordinates>140.151307227638,37.0138791584315,363.034154717091</coordinates>
      <altitudeMode>absolute</altitudeMode>
    </Point>
  </Placemark>

  <Placemark>
    <Style>
      <IconStyle>
        <scale>0.705272727272728</scale>
        <color>FFC3783C</color>
        <Icon>
          <href>http://maps.google.com/mapfiles/kml/shapes/placemark_circle.png</href>
        </Icon>
      </IconStyle>
    </Style>
    <Point>
      <coordinates>140.151305270488,37.0138819746967,362.534154701091</coordinates>
      <altitudeMode>absolute</altitudeMode>
    </Point>
  </Placemark>

  <Placemark>
    <Style>
      <IconStyle>
        <scale>0.788181818181818</scale>
        <color>FFBC8643</color>
        <Icon>
          <href>http://maps.google.com/mapfiles/kml/shapes/placemark_circle.png</href>
        </Icon>
      </IconStyle>
    </Style>
    <Point>
      <coordinates>140.151302526976,37.0138854956793,362.134154688291</coordinates>
      <altitudeMode>absolute</altitudeMode>
    </Point>
  </Placemark>

  <Placemark>
    <Style>
      <IconStyle>
        <scale>0.805454545454546</scale>
        <color>FFBB8944</color>
        <Icon>
          <href>http://maps.google.com/mapfiles/kml/shapes/placemark_circle.png</href>
        </Icon>
      </IconStyle>
    </Style>
    <Point>
      <coordinates>140.151300799417,37.013888521996,361.934154681891</coordinates>
      <altitudeMode>absolute</altitudeMode>
    </Point>
  </Placemark>

  <Placemark>
    <Style>
      <IconStyle>
        <scale>0.813090909090909</scale>
        <color>FFBA8A45</color>
        <Icon>
          <href>http://maps.google.com/mapfiles/kml/shapes/placemark_circle.png</href>
        </Icon>
      </IconStyle>
    </Style>
    <Point>
      <coordinates>140.151299888947,37.0138906005113,361.634154672291</coordinates>
      <altitudeMode>absolute</altitudeMode>
    </Point>
  </Placemark>

  <Placemark>
    <Style>
      <IconStyle>
        <scale>0.900363636363636</scale>
        <color>FFB2994D</color>
        <Icon>
          <href>http://maps.google.com/mapfiles/kml/shapes/placemark_circle.png</href>
        </Icon>
      </IconStyle>
    </Style>
    <Point>
      <coordinates>140.151297598781,37.0138958219167,361.734154675491</coordinates>
      <altitudeMode>absolute</altitudeMode>
    </Point>
  </Placemark>

  <Placemark>
    <Style>
      <IconStyle>
        <scale>0.890909090909091</scale>
        <color>FFB3974C</color>
        <Icon>
          <href>http://maps.google.com/mapfiles/kml/shapes/placemark_circle.png</href>
        </Icon>
      </IconStyle>
    </Style>
    <Point>
      <coordinates>140.151288967682,37.013905950507,361.634154672291</coordinates>
      <altitudeMode>absolute</altitudeMode>
    </Point>
  </Placemark>

  <Placemark>
    <Style>
      <IconStyle>
        <scale>0.841272727272727</scale>
        <color>FFB78F48</color>
        <Icon>
          <href>http://maps.google.com/mapfiles/kml/shapes/placemark_circle.png</href>
        </Icon>
      </IconStyle>
    </Style>
    <Point>
      <coordinates>140.151273316143,37.0139244060427,361.434154665891</coordinates>
      <altitudeMode>absolute</altitudeMode>
    </Point>
  </Placemark>

  <Placemark>
    <Style>
      <IconStyle>
        <scale>0.785272727272727</scale>
        <color>FFBC8543</color>
        <Icon>
          <href>http://maps.google.com/mapfiles/kml/shapes/placemark_circle.png</href>
        </Icon>
      </IconStyle>
    </Style>
    <Point>
      <coordinates>140.151255029493,37.0139475489117,361.134154656291</coordinates>
      <altitudeMode>absolute</altitudeMode>
    </Point>
  </Placemark>

  <Placemark>
    <Style>
      <IconStyle>
        <scale>0.773272727272727</scale>
        <color>FFBD8342</color>
        <Icon>
          <href>http://maps.google.com/mapfiles/kml/shapes/placemark_circle.png</href>
        </Icon>
      </IconStyle>
    </Style>
    <Point>
      <coordinates>140.151236801293,37.0139724272921,360.234154627491</coordinates>
      <altitudeMode>absolute</altitudeMode>
    </Point>
  </Placemark>

  <Placemark>
    <Style>
      <IconStyle>
        <scale>0.767454545454546</scale>
        <color>FFBE8241</color>
        <Icon>
          <href>http://maps.google.com/mapfiles/kml/shapes/placemark_circle.png</href>
        </Icon>
      </IconStyle>
    </Style>
    <Point>
      <coordinates>140.151219226936,37.0139957839818,358.934154585891</coordinates>
      <altitudeMode>absolute</altitudeMode>
    </Point>
  </Placemark>

  <Placemark>
    <Style>
      <IconStyle>
        <scale>0.780545454545455</scale>
        <color>FFBD8542</color>
        <Icon>
          <href>http://maps.google.com/mapfiles/kml/shapes/placemark_circle.png</href>
        </Icon>
      </IconStyle>
    </Style>
    <Point>
      <coordinates>140.151201098382,37.0140198969252,357.834154550691</coordinates>
      <altitudeMode>absolute</altitudeMode>
    </Point>
  </Placemark>

  <Placemark>
    <Style>
      <IconStyle>
        <scale>0.806909090909091</scale>
        <color>FFBA8945</color>
        <Icon>
          <href>http://maps.google.com/mapfiles/kml/shapes/placemark_circle.png</href>
        </Icon>
      </IconStyle>
    </Style>
    <Point>
      <coordinates>140.151183515099,37.0140447945631,357.334154534691</coordinates>
      <altitudeMode>absolute</altitudeMode>
    </Point>
  </Placemark>

  <Placemark>
    <Style>
      <IconStyle>
        <scale>0.652363636363636</scale>
        <color>FFC86F37</color>
        <Icon>
          <href>http://maps.google.com/mapfiles/kml/shapes/placemark_circle.png</href>
        </Icon>
      </IconStyle>
    </Style>
    <Point>
      <coordinates>140.151167557752,37.0140688711844,356.934154521891</coordinates>
      <altitudeMode>absolute</altitudeMode>
    </Point>
  </Placemark>

  <Placemark>
    <Style>
      <IconStyle>
        <scale>0.677090909090909</scale>
        <color>FFC5733A</color>
        <Icon>
          <href>http://maps.google.com/mapfiles/kml/shapes/placemark_circle.png</href>
        </Icon>
      </IconStyle>
    </Style>
    <Point>
      <coordinates>140.15114892178,37.0140944925916,356.234154499491</coordinates>
      <altitudeMode>absolute</altitudeMode>
    </Point>
  </Placemark>

  <Placemark>
    <Style>
      <IconStyle>
        <scale>0.603454545454546</scale>
        <color>FFCC6733</color>
        <Icon>
          <href>http://maps.google.com/mapfiles/kml/shapes/placemark_circle.png</href>
        </Icon>
      </IconStyle>
    </Style>
    <Point>
      <coordinates>140.151126498877,37.0141217463691,354.934154457891</coordinates>
      <altitudeMode>absolute</altitudeMode>
    </Point>
  </Placemark>

  <Placemark>
    <Style>
      <IconStyle>
        <scale>0.478545454545455</scale>
        <color>FFD65129</color>
        <Icon>
          <href>http://maps.google.com/mapfiles/kml/shapes/placemark_circle.png</href>
        </Icon>
      </IconStyle>
    </Style>
    <Point>
      <coordinates>140.15110608033,37.0141457263599,353.534154413091</coordinates>
      <altitudeMode>absolute</altitudeMode>
    </Point>
  </Placemark>

  <Placemark>
    <Style>
      <IconStyle>
        <scale>0.414181818181818</scale>
        <color>FFDC4623</color>
        <Icon>
          <href>http://maps.google.com/mapfiles/kml/shapes/placemark_circle.png</href>
        </Icon>
      </IconStyle>
    </Style>
    <Point>
      <coordinates>140.151088417826,37.0141654121184,352.734154387491</coordinates>
      <altitudeMode>absolute</altitudeMode>
    </Point>
  </Placemark>

  <Placemark>
    <Style>
      <IconStyle>
        <scale>0.413090909090909</scale>
        <color>FFDC4623</color>
        <Icon>
          <href>http://maps.google.com/mapfiles/kml/shapes/placemark_circle.png</href>
        </Icon>
      </IconStyle>
    </Style>
    <Point>
      <coordinates>140.151070928611,37.0141844120059,351.634154352291</coordinates>
      <altitudeMode>absolute</altitudeMode>
    </Point>
  </Placemark>

  <Placemark>
    <Style>
      <IconStyle>
        <scale>0.411090909090909</scale>
        <color>FFDC4623</color>
        <Icon>
          <href>http://maps.google.com/mapfiles/kml/shapes/placemark_circle.png</href>
        </Icon>
      </IconStyle>
    </Style>
    <Point>
      <coordinates>140.151053747949,37.0142025288551,350.534154317091</coordinates>
      <altitudeMode>absolute</altitudeMode>
    </Point>
  </Placemark>

  <Placemark>
    <Style>
      <IconStyle>
        <scale>0.367454545454546</scale>
        <color>FFE03E1F</color>
        <Icon>
          <href>http://maps.google.com/mapfiles/kml/shapes/placemark_circle.png</href>
        </Icon>
      </IconStyle>
    </Style>
    <Point>
      <coordinates>140.151035446966,37.0142224258301,349.334154278691</coordinates>
      <altitudeMode>absolute</altitudeMode>
    </Point>
  </Placemark>

  <Placemark>
    <Style>
      <IconStyle>
        <scale>0.378</scale>
        <color>FFDF4020</color>
        <Icon>
          <href>http://maps.google.com/mapfiles/kml/shapes/placemark_circle.png</href>
        </Icon>
      </IconStyle>
    </Style>
    <Point>
      <coordinates>140.151017808065,37.0142423497382,348.834154262691</coordinates>
      <altitudeMode>absolute</altitudeMode>
    </Point>
  </Placemark>

  <Placemark>
    <Style>
      <IconStyle>
        <scale>0.333636363636364</scale>
        <color>FFE3391C</color>
        <Icon>
          <href>http://maps.google.com/mapfiles/kml/shapes/placemark_circle.png</href>
        </Icon>
      </IconStyle>
    </Style>
    <Point>
      <coordinates>140.150999387523,37.0142614961477,347.834154230691</coordinates>
      <altitudeMode>absolute</altitudeMode>
    </Point>
  </Placemark>

  <Placemark>
    <Style>
      <IconStyle>
        <scale>0.359272727272727</scale>
        <color>FFE03D1F</color>
        <Icon>
          <href>http://maps.google.com/mapfiles/kml/shapes/placemark_circle.png</href>
        </Icon>
      </IconStyle>
    </Style>
    <Point>
      <coordinates>140.150982349766,37.0142744749268,346.734154195491</coordinates>
      <altitudeMode>absolute</altitudeMode>
    </Point>
  </Placemark>

  <Placemark>
    <Style>
      <IconStyle>
        <scale>0.461636363636364</scale>
        <color>FFD84E27</color>
        <Icon>
          <href>http://maps.google.com/mapfiles/kml/shapes/placemark_circle.png</href>
        </Icon>
      </IconStyle>
    </Style>
    <Point>
      <coordinates>140.150966757878,37.0142876553963,345.134154144291</coordinates>
      <altitudeMode>absolute</altitudeMode>
    </Point>
  </Placemark>

  <Placemark>
    <Style>
      <IconStyle>
        <scale>0.446727272727273</scale>
        <color>FFD94C26</color>
        <Icon>
          <href>http://maps.google.com/mapfiles/kml/shapes/placemark_circle.png</href>
        </Icon>
      </IconStyle>
    </Style>
    <Point>
      <coordinates>140.150949978723,37.0143072003895,344.134154112291</coordinates>
      <altitudeMode>absolute</altitudeMode>
    </Point>
  </Placemark>

  <Placemark>
    <Style>
      <IconStyle>
        <scale>0.490181818181818</scale>
        <color>FFD5532A</color>
        <Icon>
          <href>http://maps.google.com/mapfiles/kml/shapes/placemark_circle.png</href>
        </Icon>
      </IconStyle>
    </Style>
    <Point>
      <coordinates>140.150929352213,37.0143282673474,342.334154054691</coordinates>
      <altitudeMode>absolute</altitudeMode>
    </Point>
  </Placemark>

  <Placemark>
    <Style>
      <IconStyle>
        <scale>0.525090909090909</scale>
        <color>FFD2592D</color>
        <Icon>
          <href>http://maps.google.com/mapfiles/kml/shapes/placemark_circle.png</href>
        </Icon>
      </IconStyle>
    </Style>
    <Point>
      <coordinates>140.150904997307,37.0143594062195,340.234153987491</coordinates>
      <altitudeMode>absolute</altitudeMode>
    </Point>
  </Placemark>

  <Placemark>
    <Style>
      <IconStyle>
        <scale>0.572181818181818</scale>
        <color>FFCE6131</color>
        <Icon>
          <href>http://maps.google.com/mapfiles/kml/shapes/placemark_circle.png</href>
        </Icon>
      </IconStyle>
    </Style>
    <Point>
      <coordinates>140.15089110311,37.0143764023604,340.034153981091</coordinates>
      <altitudeMode>absolute</altitudeMode>
    </Point>
  </Placemark>

  <Placemark>
    <Style>
      <IconStyle>
        <scale>0.656181818181818</scale>
        <color>FFC77038</color>
        <Icon>
          <href>http://maps.google.com/mapfiles/kml/shapes/placemark_circle.png</href>
        </Icon>
      </IconStyle>
    </Style>
    <Point>
      <coordinates>140.150875046203,37.0143938284728,339.634153968291</coordinates>
      <altitudeMode>absolute</altitudeMode>
    </Point>
  </Placemark>

  <Placemark>
    <Style>
      <IconStyle>
        <scale>0.729636363636363</scale>
        <color>FFC17C3E</color>
        <Icon>
          <href>http://maps.google.com/mapfiles/kml/shapes/placemark_circle.png</href>
        </Icon>
      </IconStyle>
    </Style>
    <Point>
      <coordinates>140.150860704667,37.0144089297649,339.234153955491</coordinates>
      <altitudeMode>absolute</altitudeMode>
    </Point>
  </Placemark>

  <Placemark>
    <Style>
      <IconStyle>
        <scale>0.752727272727272</scale>
        <color>FFBF8040</color>
        <Icon>
          <href>http://maps.google.com/mapfiles/kml/shapes/placemark_circle.png</href>
        </Icon>
      </IconStyle>
    </Style>
    <Point>
      <coordinates>140.15084473745,37.014424779121,338.534153933091</coordinates>
      <altitudeMode>absolute</altitudeMode>
    </Point>
  </Placemark>

  <Placemark>
    <Style>
      <IconStyle>
        <scale>0.863272727272727</scale>
        <color>FFB69349</color>
        <Icon>
          <href>http://maps.google.com/mapfiles/kml/shapes/placemark_circle.png</href>
        </Icon>
      </IconStyle>
    </Style>
    <Point>
      <coordinates>140.150830334632,37.0144384830057,338.034153917091</coordinates>
      <altitudeMode>absolute</altitudeMode>
    </Point>
  </Placemark>

  <Placemark>
    <Style>
      <IconStyle>
        <scale>0.895818181818181</scale>
        <color>FFB3984C</color>
        <Icon>
          <href>http://maps.google.com/mapfiles/kml/shapes/placemark_circle.png</href>
        </Icon>
      </IconStyle>
    </Style>
    <Point>
      <coordinates>140.150817494153,37.0144491641375,338.034153917091</coordinates>
      <altitudeMode>absolute</altitudeMode>
    </Point>
  </Placemark>

  <Placemark>
    <Style>
      <IconStyle>
        <scale>0.866363636363636</scale>
        <color>FFB5934A</color>
        <Icon>
          <href>http://maps.google.com/mapfiles/kml/shapes/placemark_circle.png</href>
        </Icon>
      </IconStyle>
    </Style>
    <Point>
      <coordinates>140.150803647076,37.0144573033729,337.934153913891</coordinates>
      <altitudeMode>absolute</altitudeMode>
    </Point>
  </Placemark>

  <Placemark>
    <Style>
      <IconStyle>
        <scale>0.783818181818181</scale>
        <color>FFBC8543</color>
        <Icon>
          <href>http://maps.google.com/mapfiles/kml/shapes/placemark_circle.png</href>
        </Icon>
      </IconStyle>
    </Style>
    <Point>
      <coordinates>140.150791143474,37.0144656637278,337.834153910691</coordinates>
      <altitudeMode>absolute</altitudeMode>
    </Point>
  </Placemark>

  <Placemark>
    <Style>
      <IconStyle>
        <scale>0.736181818181818</scale>
        <color>FFC07D3F</color>
        <Icon>
          <href>http://maps.google.com/mapfiles/kml/shapes/placemark_circle.png</href>
        </Icon>
      </IconStyle>
    </Style>
    <Point>
      <coordinates>140.150778332863,37.0144709870064,337.534153901091</coordinates>
      <altitudeMode>absolute</altitudeMode>
    </Point>
  </Placemark>

  <Placemark>
    <Style>
      <IconStyle>
        <scale>0.653090909090909</scale>
        <color>FFC76F38</color>
        <Icon>
          <href>http://maps.google.com/mapfiles/kml/shapes/placemark_circle.png</href>
        </Icon>
      </IconStyle>
    </Style>
    <Point>
      <coordinates>140.150766472376,37.0144748415013,336.934153881891</coordinates>
      <altitudeMode>absolute</altitudeMode>
    </Point>
  </Placemark>

  <Placemark>
    <Style>
      <IconStyle>
        <scale>0.624363636363636</scale>
        <color>FFCA6A35</color>
        <Icon>
          <href>http://maps.google.com/mapfiles/kml/shapes/placemark_circle.png</href>
        </Icon>
      </IconStyle>
    </Style>
    <Point>
      <coordinates>140.150755651101,37.0144785302167,336.534153869091</coordinates>
      <altitudeMode>absolute</altitudeMode>
    </Point>
  </Placemark>

  <Placemark>
    <Style>
      <IconStyle>
        <scale>0.558</scale>
        <color>FFD05F2F</color>
        <Icon>
          <href>http://maps.google.com/mapfiles/kml/shapes/placemark_circle.png</href>
        </Icon>
      </IconStyle>
    </Style>
    <Point>
      <coordinates>140.150746328266,37.0144815707538,336.334153862691</coordinates>
      <altitudeMode>absolute</altitudeMode>
    </Point>
  </Placemark>

  <Placemark>
    <Style>
      <IconStyle>
        <scale>0.474909090909091</scale>
        <color>FFD75128</color>
        <Icon>
          <href>http://maps.google.com/mapfiles/kml/shapes/placemark_circle.png</href>
        </Icon>
      </IconStyle>
    </Style>
    <Point>
      <coordinates>140.150735922015,37.0144840425073,336.034153853091</coordinates>
      <altitudeMode>absolute</altitudeMode>
    </Point>
  </Placemark>

  <Placemark>
    <Style>
      <IconStyle>
        <scale>0.364909090909091</scale>
        <color>FFE03E1F</color>
        <Icon>
          <href>http://maps.google.com/mapfiles/kml/shapes/placemark_circle.png</href>
        </Icon>
      </IconStyle>
    </Style>
    <Point>
      <coordinates>140.150725099711,37.0144866273733,335.534153837091</coordinates>
      <altitudeMode>absolute</altitudeMode>
    </Point>
  </Placemark>

  <Placemark>
    <Style>
      <IconStyle>
        <scale>0.400909090909091</scale>
        <color>FFDD4422</color>
        <Icon>
          <href>http://maps.google.com/mapfiles/kml/shapes/placemark_circle.png</href>
        </Icon>
      </IconStyle>
    </Style>
    <Point>
      <coordinates>140.150715299196,37.0144882490525,335.034153821091</coordinates>
      <altitudeMode>absolute</altitudeMode>
    </Point>
  </Placemark>

  <Placemark>
    <Style>
      <IconStyle>
        <scale>0.328545454545454</scale>
        <color>FFE3381C</color>
        <Icon>
          <href>http://maps.google.com/mapfiles/kml/shapes/placemark_circle.png</href>
        </Icon>
      </IconStyle>
    </Style>
    <Point>
      <coordinates>140.150704686957,37.0144907783046,334.434153801891</coordinates>
      <altitudeMode>absolute</altitudeMode>
    </Point>
  </Placemark>

  <Placemark>
    <Style>
      <IconStyle>
        <scale>0.269636363636364</scale>
        <color>FFE82E17</color>
        <Icon>
          <href>http://maps.google.com/mapfiles/kml/shapes/placemark_circle.png</href>
        </Icon>
      </IconStyle>
    </Style>
    <Point>
      <coordinates>140.1506978138,37.0144928660718,334.134153792291</coordinates>
      <altitudeMode>absolute</altitudeMode>
    </Point>
  </Placemark>

  <Placemark>
    <Style>
      <IconStyle>
        <scale>0.230181818181818</scale>
        <color>FFEB2714</color>
        <Icon>
          <href>http://maps.google.com/mapfiles/kml/shapes/placemark_circle.png</href>
        </Icon>
      </IconStyle>
    </Style>
    <Point>
      <coordinates>140.150689391307,37.0144953373798,333.734153779491</coordinates>
      <altitudeMode>absolute</altitudeMode>
    </Point>
  </Placemark>

  <Placemark>
    <Style>
      <IconStyle>
        <scale>0.206727272727273</scale>
        <color>FFED2312</color>
        <Icon>
          <href>http://maps.google.com/mapfiles/kml/shapes/placemark_circle.png</href>
        </Icon>
      </IconStyle>
    </Style>
    <Point>
      <coordinates>140.150681986742,37.0144978351756,333.434153769891</coordinates>
      <altitudeMode>absolute</altitudeMode>
    </Point>
  </Placemark>

  <Placemark>
    <Style>
      <IconStyle>
        <scale>0.210363636363636</scale>
        <color>FFED2412</color>
        <Icon>
          <href>http://maps.google.com/mapfiles/kml/shapes/placemark_circle.png</href>
        </Icon>
      </IconStyle>
    </Style>
    <Point>
      <coordinates>140.150674393654,37.0144997241307,333.234153763491</coordinates>
      <altitudeMode>absolute</altitudeMode>
    </Point>
  </Placemark>

  <Placemark>
    <Style>
      <IconStyle>
        <scale>0.223818181818182</scale>
        <color>FFEC2613</color>
        <Icon>
          <href>http://maps.google.com/mapfiles/kml/shapes/placemark_circle.png</href>
        </Icon>
      </IconStyle>
    </Style>
    <Point>
      <coordinates>140.150666319496,37.0145016316922,332.834153750691</coordinates>
      <altitudeMode>absolute</altitudeMode>
    </Point>
  </Placemark>

  <Placemark>
    <Style>
      <IconStyle>
        <scale>0.241454545454546</scale>
        <color>FFEA2915</color>
        <Icon>
          <href>http://maps.google.com/mapfiles/kml/shapes/placemark_circle.png</href>
        </Icon>
      </IconStyle>
    </Style>
    <Point>
      <coordinates>140.150658422575,37.0145038509043,332.334153734691</coordinates>
      <altitudeMode>absolute</altitudeMode>
    </Point>
  </Placemark>

  <Placemark>
    <Style>
      <IconStyle>
        <scale>0.242363636363636</scale>
        <color>FFEA2915</color>
        <Icon>
          <href>http://maps.google.com/mapfiles/kml/shapes/placemark_circle.png</href>
        </Icon>
      </IconStyle>
    </Style>
    <Point>
      <coordinates>140.15065042841,37.0145069811502,331.834153718691</coordinates>
      <altitudeMode>absolute</altitudeMode>
    </Point>
  </Placemark>

  <Placemark>
    <Style>
      <IconStyle>
        <scale>0.255272727272727</scale>
        <color>FFE92B16</color>
        <Icon>
          <href>http://maps.google.com/mapfiles/kml/shapes/placemark_circle.png</href>
        </Icon>
      </IconStyle>
    </Style>
    <Point>
      <coordinates>140.150642567923,37.014511125194,331.334153702691</coordinates>
      <altitudeMode>absolute</altitudeMode>
    </Point>
  </Placemark>

  <Placemark>
    <Style>
      <IconStyle>
        <scale>0.348545454545454</scale>
        <color>FFE13B1E</color>
        <Icon>
          <href>http://maps.google.com/mapfiles/kml/shapes/placemark_circle.png</href>
        </Icon>
      </IconStyle>
    </Style>
    <Point>
      <coordinates>140.15063498831,37.0145171786839,330.734153683491</coordinates>
      <altitudeMode>absolute</altitudeMode>
    </Point>
  </Placemark>

  <Placemark>
    <Style>
      <IconStyle>
        <scale>0.405818181818182</scale>
        <color>FFDD4522</color>
        <Icon>
          <href>http://maps.google.com/mapfiles/kml/shapes/placemark_circle.png</href>
        </Icon>
      </IconStyle>
    </Style>
    <Point>
      <coordinates>140.150627737678,37.0145247057891,330.134153664291</coordinates>
      <altitudeMode>absolute</altitudeMode>
    </Point>
  </Placemark>

  <Placemark>
    <Style>
      <IconStyle>
        <scale>0.419272727272727</scale>
        <color>FFDB4724</color>
        <Icon>
          <href>http://maps.google.com/mapfiles/kml/shapes/placemark_circle.png</href>
        </Icon>
      </IconStyle>
    </Style>
    <Point>
      <coordinates>140.150618430121,37.0145342199876,329.934153657891</coordinates>
      <altitudeMode>absolute</altitudeMode>
    </Point>
  </Placemark>

  <Placemark>
    <Style>
      <IconStyle>
        <scale>0.401454545454546</scale>
        <color>FFDD4422</color>
        <Icon>
          <href>http://maps.google.com/mapfiles/kml/shapes/placemark_circle.png</href>
        </Icon>
      </IconStyle>
    </Style>
    <Point>
      <coordinates>140.15060612165,37.0145445584923,329.834153654691</coordinates>
      <altitudeMode>absolute</altitudeMode>
    </Point>
  </Placemark>

  <Placemark>
    <Style>
      <IconStyle>
        <scale>0.503454545454545</scale>
        <color>FFD4562B</color>
        <Icon>
          <href>http://maps.google.com/mapfiles/kml/shapes/placemark_circle.png</href>
        </Icon>
      </IconStyle>
    </Style>
    <Point>
      <coordinates>140.150593283789,37.0145557450495,329.434153641891</coordinates>
      <altitudeMode>absolute</altitudeMode>
    </Point>
  </Placemark>

  <Placemark>
    <Style>
      <IconStyle>
        <scale>0.518363636363636</scale>
        <color>FFD3582C</color>
        <Icon>
          <href>http://maps.google.com/mapfiles/kml/shapes/placemark_circle.png</href>
        </Icon>
      </IconStyle>
    </Style>
    <Point>
      <coordinates>140.15058932151,37.014559733388,328.734153619491</coordinates>
      <altitudeMode>absolute</altitudeMode>
    </Point>
  </Placemark>

  <Placemark>
    <Style>
      <IconStyle>
        <scale>0.564181818181818</scale>
        <color>FFCF6030</color>
        <Icon>
          <href>http://maps.google.com/mapfiles/kml/shapes/placemark_circle.png</href>
        </Icon>
      </IconStyle>
    </Style>
    <Point>
      <coordinates>140.150586773172,37.0145628566093,328.334153606691</coordinates>
      <altitudeMode>absolute</altitudeMode>
    </Point>
  </Placemark>

  <Placemark>
    <Style>
      <IconStyle>
        <scale>0.563818181818182</scale>
        <color>FFCF6030</color>
        <Icon>
          <href>http://maps.google.com/mapfiles/kml/shapes/placemark_circle.png</href>
        </Icon>
      </IconStyle>
    </Style>
    <Point>
      <coordinates>140.15058365815,37.0145665851419,327.934153593891</coordinates>
      <altitudeMode>absolute</altitudeMode>
    </Point>
  </Placemark>

  <Placemark>
    <Style>
      <IconStyle>
        <scale>0.556</scale>
        <color>FFD05F2F</color>
        <Icon>
          <href>http://maps.google.com/mapfiles/kml/shapes/placemark_circle.png</href>
        </Icon>
      </IconStyle>
    </Style>
    <Point>
      <coordinates>140.150582715623,37.0145675927034,327.634153584291</coordinates>
      <altitudeMode>absolute</altitudeMode>
    </Point>
  </Placemark>

  <Placemark>
    <Style>
      <IconStyle>
        <scale>0.594545454545455</scale>
        <color>FFCC6533</color>
        <Icon>
          <href>http://maps.google.com/mapfiles/kml/shapes/placemark_circle.png</href>
        </Icon>
      </IconStyle>
    </Style>
    <Point>
      <coordinates>140.150581337902,37.0145697376608,327.534153581091</coordinates>
      <altitudeMode>absolute</altitudeMode>
    </Point>
  </Placemark>

  <Placemark>
    <Style>
      <IconStyle>
        <scale>0.585818181818182</scale>
        <color>FFCD6432</color>
        <Icon>
          <href>http://maps.google.com/mapfiles/kml/shapes/placemark_circle.png</href>
        </Icon>
      </IconStyle>
    </Style>
    <Point>
      <coordinates>140.150581521918,37.014569415936,327.534153581091</coordinates>
      <altitudeMode>absolute</altitudeMode>
    </Point>
  </Placemark>

  <Placemark>
    <Style>
      <IconStyle>
        <scale>0.557090909090909</scale>
        <color>FFD05F2F</color>
        <Icon>
          <href>http://maps.google.com/mapfiles/kml/shapes/placemark_circle.png</href>
        </Icon>
      </IconStyle>
    </Style>
    <Point>
      <coordinates>140.150579291103,37.0145706030863,327.634153584291</coordinates>
      <altitudeMode>absolute</altitudeMode>
    </Point>
  </Placemark>

  <Placemark>
    <Style>
      <IconStyle>
        <scale>0.456909090909091</scale>
        <color>FFD84E27</color>
        <Icon>
          <href>http://maps.google.com/mapfiles/kml/shapes/placemark_circle.png</href>
        </Icon>
      </IconStyle>
    </Style>
    <Point>
      <coordinates>140.150577257179,37.0145712282377,327.634153584291</coordinates>
      <altitudeMode>absolute</altitudeMode>
    </Point>
  </Placemark>

  <Placemark>
    <Style>
      <IconStyle>
        <scale>0.536</scale>
        <color>FFD15B2E</color>
        <Icon>
          <href>http://maps.google.com/mapfiles/kml/shapes/placemark_circle.png</href>
        </Icon>
      </IconStyle>
    </Style>
    <Point>
      <coordinates>140.150577894285,37.0145718289916,327.634153584291</coordinates>
      <altitudeMode>absolute</altitudeMode>
    </Point>
  </Placemark>

  <Placemark>
    <Style>
      <IconStyle>
        <scale>0.539454545454545</scale>
        <color>FFD15C2E</color>
        <Icon>
          <href>http://maps.google.com/mapfiles/kml/shapes/placemark_circle.png</href>
        </Icon>
      </IconStyle>
    </Style>
    <Point>
      <coordinates>140.150578518774,37.0145724934463,327.734153587491</coordinates>
      <altitudeMode>absolute</altitudeMode>
    </Point>
  </Placemark>

  <Placemark>
    <Style>
      <IconStyle>
        <scale>0.550545454545455</scale>
        <color>FFD05E2F</color>
        <Icon>
          <href>http://maps.google.com/mapfiles/kml/shapes/placemark_circle.png</href>
        </Icon>
      </IconStyle>
    </Style>
    <Point>
      <coordinates>140.150578266695,37.0145726566216,327.634153584291</coordinates>
      <altitudeMode>absolute</altitudeMode>
    </Point>
  </Placemark>

  <Placemark>
    <Style>
      <IconStyle>
        <scale>0.622181818181818</scale>
        <color>FFCA6A35</color>
        <Icon>
          <href>http://maps.google.com/mapfiles/kml/shapes/placemark_circle.png</href>
        </Icon>
      </IconStyle>
    </Style>
    <Point>
      <coordinates>140.150576874169,37.0145715297454,327.634153584291</coordinates>
      <altitudeMode>absolute</altitudeMode>
    </Point>
  </Placemark>

  <Placemark>
    <Style>
      <IconStyle>
        <scale>0.720545454545454</scale>
        <color>FFC27A3D</color>
        <Icon>
          <href>http://maps.google.com/mapfiles/kml/shapes/placemark_circle.png</href>
        </Icon>
      </IconStyle>
    </Style>
    <Point>
      <coordinates>140.150569077624,37.0145667963584,327.634153584291</coordinates>
      <altitudeMode>absolute</altitudeMode>
    </Point>
  </Placemark>

  <Placemark>
    <Style>
      <IconStyle>
        <scale>0.773636363636363</scale>
        <color>FFBD8442</color>
        <Icon>
          <href>http://maps.google.com/mapfiles/kml/shapes/placemark_circle.png</href>
        </Icon>
      </IconStyle>
    </Style>
    <Point>
      <coordinates>140.150557968094,37.0145596213377,327.334153574691</coordinates>
      <altitudeMode>absolute</altitudeMode>
    </Point>
  </Placemark>

  <Placemark>
    <Style>
      <IconStyle>
        <scale>0.777818181818182</scale>
        <color>FFBD8442</color>
        <Icon>
          <href>http://maps.google.com/mapfiles/kml/shapes/placemark_circle.png</href>
        </Icon>
      </IconStyle>
    </Style>
    <Point>
      <coordinates>140.150545054618,37.0145522888642,326.934153561891</coordinates>
      <altitudeMode>absolute</altitudeMode>
    </Point>
  </Placemark>

  <Placemark>
    <Style>
      <IconStyle>
        <scale>0.938</scale>
        <color>FFAF9F50</color>
        <Icon>
          <href>http://maps.google.com/mapfiles/kml/shapes/placemark_circle.png</href>
        </Icon>
      </IconStyle>
    </Style>
    <Point>
      <coordinates>140.150531992658,37.0145448431411,326.634153552291</coordinates>
      <altitudeMode>absolute</altitudeMode>
    </Point>
  </Placemark>

  <Placemark>
    <Style>
      <IconStyle>
        <scale>1.12018181818182</scale>
        <color>FFA0BE5F</color>
        <Icon>
          <href>http://maps.google.com/mapfiles/kml/shapes/placemark_circle.png</href>
        </Icon>
      </IconStyle>
    </Style>
    <Point>
      <coordinates>140.150528863646,37.0145429637805,326.034153533091</coordinates>
      <altitudeMode>absolute</altitudeMode>
    </Point>
  </Placemark>

  <Placemark>
    <Style>
      <IconStyle>
        <scale>1.22854545454545</scale>
        <color>FF97D168</color>
        <Icon>
          <href>http://maps.google.com/mapfiles/kml/shapes/placemark_circle.png</href>
        </Icon>
      </IconStyle>
    </Style>
    <Point>
      <coordinates>140.15052605117,37.0145421271385,325.434153513891</coordinates>
      <altitudeMode>absolute</altitudeMode>
    </Point>
  </Placemark>

  <Placemark>
    <Style>
      <IconStyle>
        <scale>1.286</scale>
        <color>FF92DB6D</color>
        <Icon>
          <href>http://maps.google.com/mapfiles/kml/shapes/placemark_circle.png</href>
        </Icon>
      </IconStyle>
    </Style>
    <Point>
      <coordinates>140.1505252697,37.0145420387662,325.434153513891</coordinates>
      <altitudeMode>absolute</altitudeMode>
    </Point>
  </Placemark>

  <Placemark>
    <Style>
      <IconStyle>
        <scale>1.19272727272727</scale>
        <color>FF9ACB65</color>
        <Icon>
          <href>http://maps.google.com/mapfiles/kml/shapes/placemark_circle.png</href>
        </Icon>
      </IconStyle>
    </Style>
    <Point>
      <coordinates>140.150524277478,37.0145426886577,325.434153513891</coordinates>
      <altitudeMode>absolute</altitudeMode>
    </Point>
  </Placemark>

  <Placemark>
    <Style>
      <IconStyle>
        <scale>1.256</scale>
        <color>FF94D66B</color>
        <Icon>
          <href>http://maps.google.com/mapfiles/kml/shapes/placemark_circle.png</href>
        </Icon>
      </IconStyle>
    </Style>
    <Point>
      <coordinates>140.15052269806,37.0145436438948,325.334153510691</coordinates>
      <altitudeMode>absolute</altitudeMode>
    </Point>
  </Placemark>

  <Placemark>
    <Style>
      <IconStyle>
        <scale>1.21345454545455</scale>
        <color>FF98CE67</color>
        <Icon>
          <href>http://maps.google.com/mapfiles/kml/shapes/placemark_circle.png</href>
        </Icon>
      </IconStyle>
    </Style>
    <Point>
      <coordinates>140.150522484561,37.0145437934665,325.334153510691</coordinates>
      <altitudeMode>absolute</altitudeMode>
    </Point>
  </Placemark>

  <Placemark>
    <Style>
      <IconStyle>
        <scale>1.15454545454545</scale>
        <color>FF9DC462</color>
        <Icon>
          <href>http://maps.google.com/mapfiles/kml/shapes/placemark_circle.png</href>
        </Icon>
      </IconStyle>
    </Style>
    <Point>
      <coordinates>140.150522223256,37.0145443922672,325.134153504291</coordinates>
      <altitudeMode>absolute</altitudeMode>
    </Point>
  </Placemark>

  <Placemark>
    <Style>
      <IconStyle>
        <scale>1.06327272727273</scale>
        <color>FFA5B55A</color>
        <Icon>
          <href>http://maps.google.com/mapfiles/kml/shapes/placemark_circle.png</href>
        </Icon>
      </IconStyle>
    </Style>
    <Point>
      <coordinates>140.150522427871,37.0145448082924,324.834153494691</coordinates>
      <altitudeMode>absolute</altitudeMode>
    </Point>
  </Placemark>

  <Placemark>
    <Style>
      <IconStyle>
        <scale>1.05909090909091</scale>
        <color>FFA5B45A</color>
        <Icon>
          <href>http://maps.google.com/mapfiles/kml/shapes/placemark_circle.png</href>
        </Icon>
      </IconStyle>
    </Style>
    <Point>
      <coordinates>140.150522168111,37.0145447911251,324.334153478691</coordinates>
      <altitudeMode>absolute</altitudeMode>
    </Point>
  </Placemark>

  <Placemark>
    <Style>
      <IconStyle>
        <scale>1.08690909090909</scale>
        <color>FFA3B95C</color>
        <Icon>
          <href>http://maps.google.com/mapfiles/kml/shapes/placemark_circle.png</href>
        </Icon>
      </IconStyle>
    </Style>
    <Point>
      <coordinates>140.150521974224,37.0145442790862,323.934153465891</coordinates>
      <altitudeMode>absolute</altitudeMode>
    </Point>
  </Placemark>

  <Placemark>
    <Style>
      <IconStyle>
        <scale>0.888181818181818</scale>
        <color>FFB4974B</color>
        <Icon>
          <href>http://maps.google.com/mapfiles/kml/shapes/placemark_circle.png</href>
        </Icon>
      </IconStyle>
    </Style>
    <Point>
      <coordinates>140.150522271449,37.014543961679,323.734153459491</coordinates>
      <altitudeMode>absolute</altitudeMode>
    </Point>
  </Placemark>

  <Placemark>
    <Style>
      <IconStyle>
        <scale>0.729818181818182</scale>
        <color>FFC17C3E</color>
        <Icon>
          <href>http://maps.google.com/mapfiles/kml/shapes/placemark_circle.png</href>
        </Icon>
      </IconStyle>
    </Style>
    <Point>
      <coordinates>140.150521445391,37.0145446930554,323.534153453091</coordinates>
      <altitudeMode>absolute</altitudeMode>
    </Point>
  </Placemark>

  <Placemark>
    <Style>
      <IconStyle>
        <scale>0.590909090909091</scale>
        <color>FFCD6432</color>
        <Icon>
          <href>http://maps.google.com/mapfiles/kml/shapes/placemark_circle.png</href>
        </Icon>
      </IconStyle>
    </Style>
    <Point>
      <coordinates>140.150521730986,37.0145451549286,323.534153453091</coordinates>
      <altitudeMode>absolute</altitudeMode>
    </Point>
  </Placemark>

  <Placemark>
    <Style>
      <IconStyle>
        <scale>0.548727272727273</scale>
        <color>FFD05D2F</color>
        <Icon>
          <href>http://maps.google.com/mapfiles/kml/shapes/placemark_circle.png</href>
        </Icon>
      </IconStyle>
    </Style>
    <Point>
      <coordinates>140.150521824196,37.0145445686693,323.334153446691</coordinates>
      <altitudeMode>absolute</altitudeMode>
    </Point>
  </Placemark>

  <Placemark>
    <Style>
      <IconStyle>
        <scale>0.550363636363636</scale>
        <color>FFD05E2F</color>
        <Icon>
          <href>http://maps.google.com/mapfiles/kml/shapes/placemark_circle.png</href>
        </Icon>
      </IconStyle>
    </Style>
    <Point>
      <coordinates>140.150520589808,37.0145469687038,323.134153440291</coordinates>
      <altitudeMode>absolute</altitudeMode>
    </Point>
  </Placemark>

  <Placemark>
    <Style>
      <IconStyle>
        <scale>0.538545454545455</scale>
        <color>FFD15C2E</color>
        <Icon>
          <href>http://maps.google.com/mapfiles/kml/shapes/placemark_circle.png</href>
        </Icon>
      </IconStyle>
    </Style>
    <Point>
      <coordinates>140.150516650874,37.0145506660542,322.834153430691</coordinates>
      <altitudeMode>absolute</altitudeMode>
    </Point>
  </Placemark>

  <Placemark>
    <Style>
      <IconStyle>
        <scale>0.441090909090909</scale>
        <color>FFDA4B25</color>
        <Icon>
          <href>http://maps.google.com/mapfiles/kml/shapes/placemark_circle.png</href>
        </Icon>
      </IconStyle>
    </Style>
    <Point>
      <coordinates>140.150515303708,37.0145514177847,322.934153433891</coordinates>
      <altitudeMode>absolute</altitudeMode>
    </Point>
  </Placemark>

  <Placemark>
    <Style>
      <IconStyle>
        <scale>0.437636363636364</scale>
        <color>FFDA4A25</color>
        <Icon>
          <href>http://maps.google.com/mapfiles/kml/shapes/placemark_circle.png</href>
        </Icon>
      </IconStyle>
    </Style>
    <Point>
      <coordinates>140.150516672632,37.0145482449803,323.034153437091</coordinates>
      <altitudeMode>absolute</altitudeMode>
    </Point>
  </Placemark>

  <Placemark>
    <Style>
      <IconStyle>
        <scale>0.470909090909091</scale>
        <color>FFD75028</color>
        <Icon>
          <href>http://maps.google.com/mapfiles/kml/shapes/placemark_circle.png</href>
        </Icon>
      </IconStyle>
    </Style>
    <Point>
      <coordinates>140.150522770928,37.0145413566645,323.134153440291</coordinates>
      <altitudeMode>absolute</altitudeMode>
    </Point>
  </Placemark>

  <Placemark>
    <Style>
      <IconStyle>
        <scale>0.576909090909091</scale>
        <color>FFCE6231</color>
        <Icon>
          <href>http://maps.google.com/mapfiles/kml/shapes/placemark_circle.png</href>
        </Icon>
      </IconStyle>
    </Style>
    <Point>
      <coordinates>140.150526388133,37.014538262398,323.234153443491</coordinates>
      <altitudeMode>absolute</altitudeMode>
    </Point>
  </Placemark>

  <Placemark>
    <Style>
      <IconStyle>
        <scale>0.544545454545455</scale>
        <color>FFD15D2E</color>
        <Icon>
          <href>http://maps.google.com/mapfiles/kml/shapes/placemark_circle.png</href>
        </Icon>
      </IconStyle>
    </Style>
    <Point>
      <coordinates>140.150533073326,37.0145317180114,323.234153443491</coordinates>
      <altitudeMode>absolute</altitudeMode>
    </Point>
  </Placemark>

  <Placemark>
    <Style>
      <IconStyle>
        <scale>0.758909090909091</scale>
        <color>FFBE8141</color>
        <Icon>
          <href>http://maps.google.com/mapfiles/kml/shapes/placemark_circle.png</href>
        </Icon>
      </IconStyle>
    </Style>
    <Point>
      <coordinates>140.150541421062,37.0145240239616,323.534153453091</coordinates>
      <altitudeMode>absolute</altitudeMode>
    </Point>
  </Placemark>

  <Placemark>
    <Style>
      <IconStyle>
        <scale>0.827090909090909</scale>
        <color>FFB98D46</color>
        <Icon>
          <href>http://maps.google.com/mapfiles/kml/shapes/placemark_circle.png</href>
        </Icon>
      </IconStyle>
    </Style>
    <Point>
      <coordinates>140.150541880417,37.0145248208548,323.834153462691</coordinates>
      <altitudeMode>absolute</altitudeMode>
    </Point>
  </Placemark>

  <Placemark>
    <Style>
      <IconStyle>
        <scale>0.796727272727273</scale>
        <color>FFBB8744</color>
        <Icon>
          <href>http://maps.google.com/mapfiles/kml/shapes/placemark_circle.png</href>
        </Icon>
      </IconStyle>
    </Style>
    <Point>
      <coordinates>140.150534616182,37.0145318386624,323.534153453091</coordinates>
      <altitudeMode>absolute</altitudeMode>
    </Point>
  </Placemark>

  <Placemark>
    <Style>
      <IconStyle>
        <scale>0.763090909090909</scale>
        <color>FFBE8241</color>
        <Icon>
          <href>http://maps.google.com/mapfiles/kml/shapes/placemark_circle.png</href>
        </Icon>
      </IconStyle>
    </Style>
    <Point>
      <coordinates>140.150521480452,37.0145435509651,323.234153443491</coordinates>
      <altitudeMode>absolute</altitudeMode>
    </Point>
  </Placemark>

  <Placemark>
    <Style>
      <IconStyle>
        <scale>0.721636363636364</scale>
        <color>FFC27B3D</color>
        <Icon>
          <href>http://maps.google.com/mapfiles/kml/shapes/placemark_circle.png</href>
        </Icon>
      </IconStyle>
    </Style>
    <Point>
      <coordinates>140.150505945426,37.0145589192931,323.234153443491</coordinates>
      <altitudeMode>absolute</altitudeMode>
    </Point>
  </Placemark>

  <Placemark>
    <Style>
      <IconStyle>
        <scale>0.688363636363636</scale>
        <color>FFC4753B</color>
        <Icon>
          <href>http://maps.google.com/mapfiles/kml/shapes/placemark_circle.png</href>
        </Icon>
      </IconStyle>
    </Style>
    <Point>
      <coordinates>140.150488623833,37.0145764700657,323.234153443491</coordinates>
      <altitudeMode>absolute</altitudeMode>
    </Point>
  </Placemark>

  <Placemark>
    <Style>
      <IconStyle>
        <scale>0.725818181818181</scale>
        <color>FFC17B3E</color>
        <Icon>
          <href>http://maps.google.com/mapfiles/kml/shapes/placemark_circle.png</href>
        </Icon>
      </IconStyle>
    </Style>
    <Point>
      <coordinates>140.150471723917,37.0145955669607,322.934153433891</coordinates>
      <altitudeMode>absolute</altitudeMode>
    </Point>
  </Placemark>

  <Placemark>
    <Style>
      <IconStyle>
        <scale>0.761272727272727</scale>
        <color>FFBE8141</color>
        <Icon>
          <href>http://maps.google.com/mapfiles/kml/shapes/placemark_circle.png</href>
        </Icon>
      </IconStyle>
    </Style>
    <Point>
      <coordinates>140.150454551023,37.0146127384071,323.034153437091</coordinates>
      <altitudeMode>absolute</altitudeMode>
    </Point>
  </Placemark>

  <Placemark>
    <Style>
      <IconStyle>
        <scale>0.698727272727272</scale>
        <color>FFC4773B</color>
        <Icon>
          <href>http://maps.google.com/mapfiles/kml/shapes/placemark_circle.png</href>
        </Icon>
      </IconStyle>
    </Style>
    <Point>
      <coordinates>140.150442464977,37.0146277583171,322.934153433891</coordinates>
      <altitudeMode>absolute</altitudeMode>
    </Point>
  </Placemark>

  <Placemark>
    <Style>
      <IconStyle>
        <scale>0.622909090909091</scale>
        <color>FFCA6A35</color>
        <Icon>
          <href>http://maps.google.com/mapfiles/kml/shapes/placemark_circle.png</href>
        </Icon>
      </IconStyle>
    </Style>
    <Point>
      <coordinates>140.150435159072,37.0146355515331,323.034153437091</coordinates>
      <altitudeMode>absolute</altitudeMode>
    </Point>
  </Placemark>

  <Placemark>
    <Style>
      <IconStyle>
        <scale>0.652363636363636</scale>
        <color>FFC86F37</color>
        <Icon>
          <href>http://maps.google.com/mapfiles/kml/shapes/placemark_circle.png</href>
        </Icon>
      </IconStyle>
    </Style>
    <Point>
      <coordinates>140.150434483601,37.0146360938976,323.234153443491</coordinates>
      <altitudeMode>absolute</altitudeMode>
    </Point>
  </Placemark>

  <Placemark>
    <Style>
      <IconStyle>
        <scale>0.482363636363636</scale>
        <color>FFD65229</color>
        <Icon>
          <href>http://maps.google.com/mapfiles/kml/shapes/placemark_circle.png</href>
        </Icon>
      </IconStyle>
    </Style>
    <Point>
      <coordinates>140.150434542436,37.0146358814475,323.434153449891</coordinates>
      <altitudeMode>absolute</altitudeMode>
    </Point>
  </Placemark>

  <Placemark>
    <Style>
      <IconStyle>
        <scale>0.405272727272727</scale>
        <color>FFDD4522</color>
        <Icon>
          <href>http://maps.google.com/mapfiles/kml/shapes/placemark_circle.png</href>
        </Icon>
      </IconStyle>
    </Style>
    <Point>
      <coordinates>140.150434472872,37.014636420865,323.534153453091</coordinates>
      <altitudeMode>absolute</altitudeMode>
    </Point>
  </Placemark>

  <Placemark>
    <Style>
      <IconStyle>
        <scale>0.404909090909091</scale>
        <color>FFDD4522</color>
        <Icon>
          <href>http://maps.google.com/mapfiles/kml/shapes/placemark_circle.png</href>
        </Icon>
      </IconStyle>
    </Style>
    <Point>
      <coordinates>140.150433855378,37.0146354685063,323.334153446691</coordinates>
      <altitudeMode>absolute</altitudeMode>
    </Point>
  </Placemark>

  <Placemark>
    <Style>
      <IconStyle>
        <scale>0.471818181818182</scale>
        <color>FFD75028</color>
        <Icon>
          <href>http://maps.google.com/mapfiles/kml/shapes/placemark_circle.png</href>
        </Icon>
      </IconStyle>
    </Style>
    <Point>
      <coordinates>140.150433450095,37.0146359396657,323.134153440291</coordinates>
      <altitudeMode>absolute</altitudeMode>
    </Point>
  </Placemark>

  <Placemark>
    <Style>
      <IconStyle>
        <scale>0.502545454545455</scale>
        <color>FFD4552B</color>
        <Icon>
          <href>http://maps.google.com/mapfiles/kml/shapes/placemark_circle.png</href>
        </Icon>
      </IconStyle>
    </Style>
    <Point>
      <coordinates>140.150432329774,37.0146373374157,322.934153433891</coordinates>
      <altitudeMode>absolute</altitudeMode>
    </Point>
  </Placemark>

  <Placemark>
    <Style>
      <IconStyle>
        <scale>0.490181818181818</scale>
        <color>FFD5532A</color>
        <Icon>
          <href>http://maps.google.com/mapfiles/kml/shapes/placemark_circle.png</href>
        </Icon>
      </IconStyle>
    </Style>
    <Point>
      <coordinates>140.15043253263,37.0146371121843,322.934153433891</coordinates>
      <altitudeMode>absolute</altitudeMode>
    </Point>
  </Placemark>

  <Placemark>
    <Style>
      <IconStyle>
        <scale>0.457818181818182</scale>
        <color>FFD84E27</color>
        <Icon>
          <href>http://maps.google.com/mapfiles/kml/shapes/placemark_circle.png</href>
        </Icon>
      </IconStyle>
    </Style>
    <Point>
      <coordinates>140.150432327757,37.0146372812192,323.034153437091</coordinates>
      <altitudeMode>absolute</altitudeMode>
    </Point>
  </Placemark>

  <Placemark>
    <Style>
      <IconStyle>
        <scale>0.414727272727273</scale>
        <color>FFDC4723</color>
        <Icon>
          <href>http://maps.google.com/mapfiles/kml/shapes/placemark_circle.png</href>
        </Icon>
      </IconStyle>
    </Style>
    <Point>
      <coordinates>140.150432256133,37.0146371420987,323.234153443491</coordinates>
      <altitudeMode>absolute</altitudeMode>
    </Point>
  </Placemark>

  <Placemark>
    <Style>
      <IconStyle>
        <scale>0.407272727272728</scale>
        <color>FFDC4523</color>
        <Icon>
          <href>http://maps.google.com/mapfiles/kml/shapes/placemark_circle.png</href>
        </Icon>
      </IconStyle>
    </Style>
    <Point>
      <coordinates>140.15043073113,37.0146371098542,323.334153446691</coordinates>
      <altitudeMode>absolute</altitudeMode>
    </Point>
  </Placemark>

  <Placemark>
    <Style>
      <IconStyle>
        <scale>0.344545454545455</scale>
        <color>FFE23B1D</color>
        <Icon>
          <href>http://maps.google.com/mapfiles/kml/shapes/placemark_circle.png</href>
        </Icon>
      </IconStyle>
    </Style>
    <Point>
      <coordinates>140.150414572601,37.0146456725164,323.334153446691</coordinates>
      <altitudeMode>absolute</altitudeMode>
    </Point>
  </Placemark>

  <Placemark>
    <Style>
      <IconStyle>
        <scale>0.318363636363637</scale>
        <color>FFE4361B</color>
        <Icon>
          <href>http://maps.google.com/mapfiles/kml/shapes/placemark_circle.png</href>
        </Icon>
      </IconStyle>
    </Style>
    <Point>
      <coordinates>140.150389218479,37.0146608601248,323.134153440291</coordinates>
      <altitudeMode>absolute</altitudeMode>
    </Point>
  </Placemark>

  <Placemark>
    <Style>
      <IconStyle>
        <scale>0.344</scale>
        <color>FFE23A1D</color>
        <Icon>
          <href>http://maps.google.com/mapfiles/kml/shapes/placemark_circle.png</href>
        </Icon>
      </IconStyle>
    </Style>
    <Point>
      <coordinates>140.150365497052,37.0146758548835,322.934153433891</coordinates>
      <altitudeMode>absolute</altitudeMode>
    </Point>
  </Placemark>

  <Placemark>
    <Style>
      <IconStyle>
        <scale>0.417454545454546</scale>
        <color>FFDC4723</color>
        <Icon>
          <href>http://maps.google.com/mapfiles/kml/shapes/placemark_circle.png</href>
        </Icon>
      </IconStyle>
    </Style>
    <Point>
      <coordinates>140.150343727241,37.0146893561526,323.034153437091</coordinates>
      <altitudeMode>absolute</altitudeMode>
    </Point>
  </Placemark>

  <Placemark>
    <Style>
      <IconStyle>
        <scale>0.460909090909091</scale>
        <color>FFD84E27</color>
        <Icon>
          <href>http://maps.google.com/mapfiles/kml/shapes/placemark_circle.png</href>
        </Icon>
      </IconStyle>
    </Style>
    <Point>
      <coordinates>140.150332108125,37.0146962191458,323.534153453091</coordinates>
      <altitudeMode>absolute</altitudeMode>
    </Point>
  </Placemark>

  <Placemark>
    <Style>
      <IconStyle>
        <scale>0.419454545454546</scale>
        <color>FFDB4724</color>
        <Icon>
          <href>http://maps.google.com/mapfiles/kml/shapes/placemark_circle.png</href>
        </Icon>
      </IconStyle>
    </Style>
    <Point>
      <coordinates>140.150330002126,37.014697733058,323.634153456291</coordinates>
      <altitudeMode>absolute</altitudeMode>
    </Point>
  </Placemark>

  <Placemark>
    <Style>
      <IconStyle>
        <scale>0.395636363636364</scale>
        <color>FFDD4322</color>
        <Icon>
          <href>http://maps.google.com/mapfiles/kml/shapes/placemark_circle.png</href>
        </Icon>
      </IconStyle>
    </Style>
    <Point>
      <coordinates>140.150327611283,37.0146998647201,323.634153456291</coordinates>
      <altitudeMode>absolute</altitudeMode>
    </Point>
  </Placemark>

  <Placemark>
    <Style>
      <IconStyle>
        <scale>0.413636363636364</scale>
        <color>FFDC4623</color>
        <Icon>
          <href>http://maps.google.com/mapfiles/kml/shapes/placemark_circle.png</href>
        </Icon>
      </IconStyle>
    </Style>
    <Point>
      <coordinates>140.15032513856,37.0147023130013,323.534153453091</coordinates>
      <altitudeMode>absolute</altitudeMode>
    </Point>
  </Placemark>

  <Placemark>
    <Style>
      <IconStyle>
        <scale>0.422727272727273</scale>
        <color>FFDB4824</color>
        <Icon>
          <href>http://maps.google.com/mapfiles/kml/shapes/placemark_circle.png</href>
        </Icon>
      </IconStyle>
    </Style>
    <Point>
      <coordinates>140.150324964779,37.0147032350687,323.334153446691</coordinates>
      <altitudeMode>absolute</altitudeMode>
    </Point>
  </Placemark>

  <Placemark>
    <Style>
      <IconStyle>
        <scale>0.485636363636364</scale>
        <color>FFD65329</color>
        <Icon>
          <href>http://maps.google.com/mapfiles/kml/shapes/placemark_circle.png</href>
        </Icon>
      </IconStyle>
    </Style>
    <Point>
      <coordinates>140.150317609608,37.0147091275764,323.134153440291</coordinates>
      <altitudeMode>absolute</altitudeMode>
    </Point>
  </Placemark>

  <Placemark>
    <Style>
      <IconStyle>
        <scale>0.463272727272727</scale>
        <color>FFD84F27</color>
        <Icon>
          <href>http://maps.google.com/mapfiles/kml/shapes/placemark_circle.png</href>
        </Icon>
      </IconStyle>
    </Style>
    <Point>
      <coordinates>140.150299197777,37.014721093774,323.034153437091</coordinates>
      <altitudeMode>absolute</altitudeMode>
    </Point>
  </Placemark>

  <Placemark>
    <Style>
      <IconStyle>
        <scale>0.448909090909091</scale>
        <color>FFD94C26</color>
        <Icon>
          <href>http://maps.google.com/mapfiles/kml/shapes/placemark_circle.png</href>
        </Icon>
      </IconStyle>
    </Style>
    <Point>
      <coordinates>140.150277106194,37.0147359173904,323.134153440291</coordinates>
      <altitudeMode>absolute</altitudeMode>
    </Point>
  </Placemark>

  <Placemark>
    <Style>
      <IconStyle>
        <scale>0.502181818181818</scale>
        <color>FFD4552B</color>
        <Icon>
          <href>http://maps.google.com/mapfiles/kml/shapes/placemark_circle.png</href>
        </Icon>
      </IconStyle>
    </Style>
    <Point>
      <coordinates>140.150254457047,37.0147498435596,323.134153440291</coordinates>
      <altitudeMode>absolute</altitudeMode>
    </Point>
  </Placemark>

  <Placemark>
    <Style>
      <IconStyle>
        <scale>0.482181818181818</scale>
        <color>FFD65229</color>
        <Icon>
          <href>http://maps.google.com/mapfiles/kml/shapes/placemark_circle.png</href>
        </Icon>
      </IconStyle>
    </Style>
    <Point>
      <coordinates>140.150233362985,37.0147624036749,323.334153446691</coordinates>
      <altitudeMode>absolute</altitudeMode>
    </Point>
  </Placemark>

  <Placemark>
    <Style>
      <IconStyle>
        <scale>0.451454545454545</scale>
        <color>FFD94D26</color>
        <Icon>
          <href>http://maps.google.com/mapfiles/kml/shapes/placemark_circle.png</href>
        </Icon>
      </IconStyle>
    </Style>
    <Point>
      <coordinates>140.150223805645,37.0147685150404,323.534153453091</coordinates>
      <altitudeMode>absolute</altitudeMode>
    </Point>
  </Placemark>

  <Placemark>
    <Style>
      <IconStyle>
        <scale>0.459818181818182</scale>
        <color>FFD84E27</color>
        <Icon>
          <href>http://maps.google.com/mapfiles/kml/shapes/placemark_circle.png</href>
        </Icon>
      </IconStyle>
    </Style>
    <Point>
      <coordinates>140.150222936007,37.014768433487,323.534153453091</coordinates>
      <altitudeMode>absolute</altitudeMode>
    </Point>
  </Placemark>

  <Placemark>
    <Style>
      <IconStyle>
        <scale>0.458545454545455</scale>
        <color>FFD84E27</color>
        <Icon>
          <href>http://maps.google.com/mapfiles/kml/shapes/placemark_circle.png</href>
        </Icon>
      </IconStyle>
    </Style>
    <Point>
      <coordinates>140.150222356964,37.0147687849719,323.434153449891</coordinates>
      <altitudeMode>absolute</altitudeMode>
    </Point>
  </Placemark>

  <Placemark>
    <Style>
      <IconStyle>
        <scale>0.462909090909091</scale>
        <color>FFD84F27</color>
        <Icon>
          <href>http://maps.google.com/mapfiles/kml/shapes/placemark_circle.png</href>
        </Icon>
      </IconStyle>
    </Style>
    <Point>
      <coordinates>140.150222229809,37.0147684923049,323.134153440291</coordinates>
      <altitudeMode>absolute</altitudeMode>
    </Point>
  </Placemark>

  <Placemark>
    <Style>
      <IconStyle>
        <scale>0.440727272727273</scale>
        <color>FFDA4B25</color>
        <Icon>
          <href>http://maps.google.com/mapfiles/kml/shapes/placemark_circle.png</href>
        </Icon>
      </IconStyle>
    </Style>
    <Point>
      <coordinates>140.150222357458,37.0147682497177,323.034153437091</coordinates>
      <altitudeMode>absolute</altitudeMode>
    </Point>
  </Placemark>

  <Placemark>
    <Style>
      <IconStyle>
        <scale>0.450363636363636</scale>
        <color>FFD94D26</color>
        <Icon>
          <href>http://maps.google.com/mapfiles/kml/shapes/placemark_circle.png</href>
        </Icon>
      </IconStyle>
    </Style>
    <Point>
      <coordinates>140.150225479775,37.0147710162457,323.134153440291</coordinates>
      <altitudeMode>absolute</altitudeMode>
    </Point>
  </Placemark>

  <Placemark>
    <Style>
      <IconStyle>
        <scale>0.375454545454546</scale>
        <color>FFDF4020</color>
        <Icon>
          <href>http://maps.google.com/mapfiles/kml/shapes/placemark_circle.png</href>
        </Icon>
      </IconStyle>
    </Style>
    <Point>
      <coordinates>140.150228948818,37.0147759516316,323.034153437091</coordinates>
      <altitudeMode>absolute</altitudeMode>
    </Point>
  </Placemark>

  <Placemark>
    <Style>
      <IconStyle>
        <scale>0.379636363636364</scale>
        <color>FFDF4120</color>
        <Icon>
          <href>http://maps.google.com/mapfiles/kml/shapes/placemark_circle.png</href>
        </Icon>
      </IconStyle>
    </Style>
    <Point>
      <coordinates>140.15023170233,37.0147807131683,322.934153433891</coordinates>
      <altitudeMode>absolute</altitudeMode>
    </Point>
  </Placemark>

  <Placemark>
    <Style>
      <IconStyle>
        <scale>0.374727272727273</scale>
        <color>FFDF4020</color>
        <Icon>
          <href>http://maps.google.com/mapfiles/kml/shapes/placemark_circle.png</href>
        </Icon>
      </IconStyle>
    </Style>
    <Point>
      <coordinates>140.150232402949,37.0147841342652,322.834153430691</coordinates>
      <altitudeMode>absolute</altitudeMode>
    </Point>
  </Placemark>

  <Placemark>
    <Style>
      <IconStyle>
        <scale>0.326363636363637</scale>
        <color>FFE3371C</color>
        <Icon>
          <href>http://maps.google.com/mapfiles/kml/shapes/placemark_circle.png</href>
        </Icon>
      </IconStyle>
    </Style>
    <Point>
      <coordinates>140.150230710322,37.0147870347052,322.534153421091</coordinates>
      <altitudeMode>absolute</altitudeMode>
    </Point>
  </Placemark>

  <Placemark>
    <Style>
      <IconStyle>
        <scale>0.284</scale>
        <color>FFE73018</color>
        <Icon>
          <href>http://maps.google.com/mapfiles/kml/shapes/placemark_circle.png</href>
        </Icon>
      </IconStyle>
    </Style>
    <Point>
      <coordinates>140.150230221013,37.0147871970753,322.134153408291</coordinates>
      <altitudeMode>absolute</altitudeMode>
    </Point>
  </Placemark>

  <Placemark>
    <Style>
      <IconStyle>
        <scale>0.254</scale>
        <color>FFE92B16</color>
        <Icon>
          <href>http://maps.google.com/mapfiles/kml/shapes/placemark_circle.png</href>
        </Icon>
      </IconStyle>
    </Style>
    <Point>
      <coordinates>140.150228828272,37.014787980502,321.734153395491</coordinates>
      <altitudeMode>absolute</altitudeMode>
    </Point>
  </Placemark>

  <Placemark>
    <Style>
      <IconStyle>
        <scale>0.244909090909091</scale>
        <color>FFEA2A15</color>
        <Icon>
          <href>http://maps.google.com/mapfiles/kml/shapes/placemark_circle.png</href>
        </Icon>
      </IconStyle>
    </Style>
    <Point>
      <coordinates>140.150227489345,37.0147888932148,321.134153376291</coordinates>
      <altitudeMode>absolute</altitudeMode>
    </Point>
  </Placemark>

  <Placemark>
    <Style>
      <IconStyle>
        <scale>0.274545454545454</scale>
        <color>FFE82F17</color>
        <Icon>
          <href>http://maps.google.com/mapfiles/kml/shapes/placemark_circle.png</href>
        </Icon>
      </IconStyle>
    </Style>
    <Point>
      <coordinates>140.150225100842,37.0147902723925,320.834153366691</coordinates>
      <altitudeMode>absolute</altitudeMode>
    </Point>
  </Placemark>

  <Placemark>
    <Style>
      <IconStyle>
        <scale>0.254181818181818</scale>
        <color>FFE92B16</color>
        <Icon>
          <href>http://maps.google.com/mapfiles/kml/shapes/placemark_circle.png</href>
        </Icon>
      </IconStyle>
    </Style>
    <Point>
      <coordinates>140.150225776356,37.0147905326609,320.634153360291</coordinates>
      <altitudeMode>absolute</altitudeMode>
    </Point>
  </Placemark>

  <Placemark>
    <Style>
      <IconStyle>
        <scale>0.267272727272727</scale>
        <color>FFE82D17</color>
        <Icon>
          <href>http://maps.google.com/mapfiles/kml/shapes/placemark_circle.png</href>
        </Icon>
      </IconStyle>
    </Style>
    <Point>
      <coordinates>140.150226715943,37.0147896474638,320.434153353891</coordinates>
      <altitudeMode>absolute</altitudeMode>
    </Point>
  </Placemark>

  <Placemark>
    <Style>
      <IconStyle>
        <scale>0.278909090909091</scale>
        <color>FFE72F18</color>
        <Icon>
          <href>http://maps.google.com/mapfiles/kml/shapes/placemark_circle.png</href>
        </Icon>
      </IconStyle>
    </Style>
    <Point>
      <coordinates>140.15021681428,37.0147945807938,320.234153347491</coordinates>
      <altitudeMode>absolute</altitudeMode>
    </Point>
  </Placemark>

  <Placemark>
    <Style>
      <IconStyle>
        <scale>0.312545454545454</scale>
        <color>FFE4351B</color>
        <Icon>
          <href>http://maps.google.com/mapfiles/kml/shapes/placemark_circle.png</href>
        </Icon>
      </IconStyle>
    </Style>
    <Point>
      <coordinates>140.150199499114,37.0148038337815,319.734153331491</coordinates>
      <altitudeMode>absolute</altitudeMode>
    </Point>
  </Placemark>

  <Placemark>
    <Style>
      <IconStyle>
        <scale>0.351272727272727</scale>
        <color>FFE13C1E</color>
        <Icon>
          <href>http://maps.google.com/mapfiles/kml/shapes/placemark_circle.png</href>
        </Icon>
      </IconStyle>
    </Style>
    <Point>
      <coordinates>140.150197689192,37.0148057246726,319.734153331491</coordinates>
      <altitudeMode>absolute</altitudeMode>
    </Point>
  </Placemark>

  <Placemark>
    <Style>
      <IconStyle>
        <scale>0.361818181818182</scale>
        <color>FFE03E1F</color>
        <Icon>
          <href>http://maps.google.com/mapfiles/kml/shapes/placemark_circle.png</href>
        </Icon>
      </IconStyle>
    </Style>
    <Point>
      <coordinates>140.150199924953,37.0148079944101,320.034153341091</coordinates>
      <altitudeMode>absolute</altitudeMode>
    </Point>
  </Placemark>

  <Placemark>
    <Style>
      <IconStyle>
        <scale>0.348545454545454</scale>
        <color>FFE13B1E</color>
        <Icon>
          <href>http://maps.google.com/mapfiles/kml/shapes/placemark_circle.png</href>
        </Icon>
      </IconStyle>
    </Style>
    <Point>
      <coordinates>140.150201807615,37.0148108149929,320.434153353891</coordinates>
      <altitudeMode>absolute</altitudeMode>
    </Point>
  </Placemark>

  <Placemark>
    <Style>
      <IconStyle>
        <scale>0.364</scale>
        <color>FFE03E1F</color>
        <Icon>
          <href>http://maps.google.com/mapfiles/kml/shapes/placemark_circle.png</href>
        </Icon>
      </IconStyle>
    </Style>
    <Point>
      <coordinates>140.150200898968,37.0148104388364,320.434153353891</coordinates>
      <altitudeMode>absolute</altitudeMode>
    </Point>
  </Placemark>

  <Placemark>
    <Style>
      <IconStyle>
        <scale>0.331636363636364</scale>
        <color>FFE3381C</color>
        <Icon>
          <href>http://maps.google.com/mapfiles/kml/shapes/placemark_circle.png</href>
        </Icon>
      </IconStyle>
    </Style>
    <Point>
      <coordinates>140.150200688334,37.0148102159523,320.034153341091</coordinates>
      <altitudeMode>absolute</altitudeMode>
    </Point>
  </Placemark>

  <Placemark>
    <Style>
      <IconStyle>
        <scale>0.295090909090909</scale>
        <color>FFE63219</color>
        <Icon>
          <href>http://maps.google.com/mapfiles/kml/shapes/placemark_circle.png</href>
        </Icon>
      </IconStyle>
    </Style>
    <Point>
      <coordinates>140.15020063511,37.0148106881739,319.734153331491</coordinates>
      <altitudeMode>absolute</altitudeMode>
    </Point>
  </Placemark>

  <Placemark>
    <Style>
      <IconStyle>
        <scale>0.265272727272728</scale>
        <color>FFE82D17</color>
        <Icon>
          <href>http://maps.google.com/mapfiles/kml/shapes/placemark_circle.png</href>
        </Icon>
      </IconStyle>
    </Style>
    <Point>
      <coordinates>140.150199460137,37.0148100615834,318.934153305891</coordinates>
      <altitudeMode>absolute</altitudeMode>
    </Point>
  </Placemark>

  <Placemark>
    <Style>
      <IconStyle>
        <scale>0.312363636363637</scale>
        <color>FFE4351B</color>
        <Icon>
          <href>http://maps.google.com/mapfiles/kml/shapes/placemark_circle.png</href>
        </Icon>
      </IconStyle>
    </Style>
    <Point>
      <coordinates>140.150200238989,37.0148105411208,317.934153273891</coordinates>
      <altitudeMode>absolute</altitudeMode>
    </Point>
  </Placemark>

  <Placemark>
    <Style>
      <IconStyle>
        <scale>0.316545454545455</scale>
        <color>FFE4361B</color>
        <Icon>
          <href>http://maps.google.com/mapfiles/kml/shapes/placemark_circle.png</href>
        </Icon>
      </IconStyle>
    </Style>
    <Point>
      <coordinates>140.150199436985,37.014810405444,316.834153238691</coordinates>
      <altitudeMode>absolute</altitudeMode>
    </Point>
  </Placemark>

  <Placemark>
    <Style>
      <IconStyle>
        <scale>0.306909090909091</scale>
        <color>FFE5341A</color>
        <Icon>
          <href>http://maps.google.com/mapfiles/kml/shapes/placemark_circle.png</href>
        </Icon>
      </IconStyle>
    </Style>
    <Point>
      <coordinates>140.150198568335,37.0148099574828,315.834153206691</coordinates>
      <altitudeMode>absolute</altitudeMode>
    </Point>
  </Placemark>

  <Placemark>
    <Style>
      <IconStyle>
        <scale>0.283818181818182</scale>
        <color>FFE73018</color>
        <Icon>
          <href>http://maps.google.com/mapfiles/kml/shapes/placemark_circle.png</href>
        </Icon>
      </IconStyle>
    </Style>
    <Point>
      <coordinates>140.150199813064,37.0148116427257,315.734153203491</coordinates>
      <altitudeMode>absolute</altitudeMode>
    </Point>
  </Placemark>

  <Placemark>
    <Style>
      <IconStyle>
        <scale>0.268545454545455</scale>
        <color>FFE82E17</color>
        <Icon>
          <href>http://maps.google.com/mapfiles/kml/shapes/placemark_circle.png</href>
        </Icon>
      </IconStyle>
    </Style>
    <Point>
      <coordinates>140.150204085571,37.014817200676,315.434153193891</coordinates>
      <altitudeMode>absolute</altitudeMode>
    </Point>
  </Placemark>

  <Placemark>
    <Style>
      <IconStyle>
        <scale>0.288909090909091</scale>
        <color>FFE63119</color>
        <Icon>
          <href>http://maps.google.com/mapfiles/kml/shapes/placemark_circle.png</href>
        </Icon>
      </IconStyle>
    </Style>
    <Point>
      <coordinates>140.150205048826,37.014819339414,315.434153193891</coordinates>
      <altitudeMode>absolute</altitudeMode>
    </Point>
  </Placemark>

  <Placemark>
    <Style>
      <IconStyle>
        <scale>0.287090909090909</scale>
        <color>FFE73118</color>
        <Icon>
          <href>http://maps.google.com/mapfiles/kml/shapes/placemark_circle.png</href>
        </Icon>
      </IconStyle>
    </Style>
    <Point>
      <coordinates>140.15020479914,37.0148191946738,315.434153193891</coordinates>
      <altitudeMode>absolute</altitudeMode>
    </Point>
  </Placemark>

  <Placemark>
    <Style>
      <IconStyle>
        <scale>0.293454545454545</scale>
        <color>FFE63219</color>
        <Icon>
          <href>http://maps.google.com/mapfiles/kml/shapes/placemark_circle.png</href>
        </Icon>
      </IconStyle>
    </Style>
    <Point>
      <coordinates>140.150204616979,37.0148189890942,315.534153197091</coordinates>
      <altitudeMode>absolute</altitudeMode>
    </Point>
  </Placemark>

  <Placemark>
    <Style>
      <IconStyle>
        <scale>0.354363636363636</scale>
        <color>FFE13C1E</color>
        <Icon>
          <href>http://maps.google.com/mapfiles/kml/shapes/placemark_circle.png</href>
        </Icon>
      </IconStyle>
    </Style>
    <Point>
      <coordinates>140.15020544382,37.0148194033375,315.534153197091</coordinates>
      <altitudeMode>absolute</altitudeMode>
    </Point>
  </Placemark>

  <Placemark>
    <Style>
      <IconStyle>
        <scale>0.434</scale>
        <color>FFDA4A25</color>
        <Icon>
          <href>http://maps.google.com/mapfiles/kml/shapes/placemark_circle.png</href>
        </Icon>
      </IconStyle>
    </Style>
    <Point>
      <coordinates>140.150206358624,37.0148198408133,315.334153190691</coordinates>
      <altitudeMode>absolute</altitudeMode>
    </Point>
  </Placemark>

  <Placemark>
    <Style>
      <IconStyle>
        <scale>0.416727272727272</scale>
        <color>FFDC4723</color>
        <Icon>
          <href>http://maps.google.com/mapfiles/kml/shapes/placemark_circle.png</href>
        </Icon>
      </IconStyle>
    </Style>
    <Point>
      <coordinates>140.150206137433,37.0148210552223,314.934153177891</coordinates>
      <altitudeMode>absolute</altitudeMode>
    </Point>
  </Placemark>

  <Placemark>
    <Style>
      <IconStyle>
        <scale>0.368545454545454</scale>
        <color>FFE03F1F</color>
        <Icon>
          <href>http://maps.google.com/mapfiles/kml/shapes/placemark_circle.png</href>
        </Icon>
      </IconStyle>
    </Style>
    <Point>
      <coordinates>140.150202044384,37.014825540591,314.734153171491</coordinates>
      <altitudeMode>absolute</altitudeMode>
    </Point>
  </Placemark>

  <Placemark>
    <Style>
      <IconStyle>
        <scale>0.367090909090909</scale>
        <color>FFE03E1F</color>
        <Icon>
          <href>http://maps.google.com/mapfiles/kml/shapes/placemark_circle.png</href>
        </Icon>
      </IconStyle>
    </Style>
    <Point>
      <coordinates>140.150195874764,37.01483198845,314.534153165091</coordinates>
      <altitudeMode>absolute</altitudeMode>
    </Point>
  </Placemark>

  <Placemark>
    <Style>
      <IconStyle>
        <scale>0.368363636363636</scale>
        <color>FFE03F1F</color>
        <Icon>
          <href>http://maps.google.com/mapfiles/kml/shapes/placemark_circle.png</href>
        </Icon>
      </IconStyle>
    </Style>
    <Point>
      <coordinates>140.150189078208,37.0148404830082,314.134153152291</coordinates>
      <altitudeMode>absolute</altitudeMode>
    </Point>
  </Placemark>

  <Placemark>
    <Style>
      <IconStyle>
        <scale>0.351272727272727</scale>
        <color>FFE13C1E</color>
        <Icon>
          <href>http://maps.google.com/mapfiles/kml/shapes/placemark_circle.png</href>
        </Icon>
      </IconStyle>
    </Style>
    <Point>
      <coordinates>140.150178166234,37.0148510474295,313.834153142691</coordinates>
      <altitudeMode>absolute</altitudeMode>
    </Point>
  </Placemark>

  <Placemark>
    <Style>
      <IconStyle>
        <scale>0.339272727272727</scale>
        <color>FFE23A1D</color>
        <Icon>
          <href>http://maps.google.com/mapfiles/kml/shapes/placemark_circle.png</href>
        </Icon>
      </IconStyle>
    </Style>
    <Point>
      <coordinates>140.150164041533,37.0148658137015,313.334153126691</coordinates>
      <altitudeMode>absolute</altitudeMode>
    </Point>
  </Placemark>

  <Placemark>
    <Style>
      <IconStyle>
        <scale>0.322181818181818</scale>
        <color>FFE4371B</color>
        <Icon>
          <href>http://maps.google.com/mapfiles/kml/shapes/placemark_circle.png</href>
        </Icon>
      </IconStyle>
    </Style>
    <Point>
      <coordinates>140.15014652525,37.014882938666,312.734153107491</coordinates>
      <altitudeMode>absolute</altitudeMode>
    </Point>
  </Placemark>

  <Placemark>
    <Style>
      <IconStyle>
        <scale>0.321636363636364</scale>
        <color>FFE4371B</color>
        <Icon>
          <href>http://maps.google.com/mapfiles/kml/shapes/placemark_circle.png</href>
        </Icon>
      </IconStyle>
    </Style>
    <Point>
      <coordinates>140.150126886633,37.0148999515544,312.234153091491</coordinates>
      <altitudeMode>absolute</altitudeMode>
    </Point>
  </Placemark>

  <Placemark>
    <Style>
      <IconStyle>
        <scale>0.312909090909091</scale>
        <color>FFE4351B</color>
        <Icon>
          <href>http://maps.google.com/mapfiles/kml/shapes/placemark_circle.png</href>
        </Icon>
      </IconStyle>
    </Style>
    <Point>
      <coordinates>140.150108204211,37.0149161277153,311.634153072291</coordinates>
      <altitudeMode>absolute</altitudeMode>
    </Point>
  </Placemark>

  <Placemark>
    <Style>
      <IconStyle>
        <scale>0.29</scale>
        <color>FFE63119</color>
        <Icon>
          <href>http://maps.google.com/mapfiles/kml/shapes/placemark_circle.png</href>
        </Icon>
      </IconStyle>
    </Style>
    <Point>
      <coordinates>140.150092127928,37.0149303098182,310.934153049891</coordinates>
      <altitudeMode>absolute</altitudeMode>
    </Point>
  </Placemark>

  <Placemark>
    <Style>
      <IconStyle>
        <scale>0.249090909090909</scale>
        <color>FFEA2A15</color>
        <Icon>
          <href>http://maps.google.com/mapfiles/kml/shapes/placemark_circle.png</href>
        </Icon>
      </IconStyle>
    </Style>
    <Point>
      <coordinates>140.150079187343,37.0149425152748,310.534153037091</coordinates>
      <altitudeMode>absolute</altitudeMode>
    </Point>
  </Placemark>

  <Placemark>
    <Style>
      <IconStyle>
        <scale>0.254909090909091</scale>
        <color>FFE92B16</color>
        <Icon>
          <href>http://maps.google.com/mapfiles/kml/shapes/placemark_circle.png</href>
        </Icon>
      </IconStyle>
    </Style>
    <Point>
      <coordinates>140.150071131559,37.0149520375001,310.034153021091</coordinates>
      <altitudeMode>absolute</altitudeMode>
    </Point>
  </Placemark>

  <Placemark>
    <Style>
      <IconStyle>
        <scale>0.286727272727273</scale>
        <color>FFE73118</color>
        <Icon>
          <href>http://maps.google.com/mapfiles/kml/shapes/placemark_circle.png</href>
        </Icon>
      </IconStyle>
    </Style>
    <Point>
      <coordinates>140.150064815448,37.014958533019,309.434153001891</coordinates>
      <altitudeMode>absolute</altitudeMode>
    </Point>
  </Placemark>

  <Placemark>
    <Style>
      <IconStyle>
        <scale>0.360545454545455</scale>
        <color>FFE03D1F</color>
        <Icon>
          <href>http://maps.google.com/mapfiles/kml/shapes/placemark_circle.png</href>
        </Icon>
      </IconStyle>
    </Style>
    <Point>
      <coordinates>140.150058234473,37.0149653980574,308.934152985891</coordinates>
      <altitudeMode>absolute</altitudeMode>
    </Point>
  </Placemark>

  <Placemark>
    <Style>
      <IconStyle>
        <scale>0.339454545454545</scale>
        <color>FFE23A1D</color>
        <Icon>
          <href>http://maps.google.com/mapfiles/kml/shapes/placemark_circle.png</href>
        </Icon>
      </IconStyle>
    </Style>
    <Point>
      <coordinates>140.150051165711,37.0149733745523,308.534152973091</coordinates>
      <altitudeMode>absolute</altitudeMode>
    </Point>
  </Placemark>

  <Placemark>
    <Style>
      <IconStyle>
        <scale>0.421454545454545</scale>
        <color>FFDB4824</color>
        <Icon>
          <href>http://maps.google.com/mapfiles/kml/shapes/placemark_circle.png</href>
        </Icon>
      </IconStyle>
    </Style>
    <Point>
      <coordinates>140.15004359743,37.0149822172876,308.134152960291</coordinates>
      <altitudeMode>absolute</altitudeMode>
    </Point>
  </Placemark>

  <Placemark>
    <Style>
      <IconStyle>
        <scale>0.436545454545455</scale>
        <color>FFDA4A25</color>
        <Icon>
          <href>http://maps.google.com/mapfiles/kml/shapes/placemark_circle.png</href>
        </Icon>
      </IconStyle>
    </Style>
    <Point>
      <coordinates>140.150035980791,37.0149906597586,307.734152947491</coordinates>
      <altitudeMode>absolute</altitudeMode>
    </Point>
  </Placemark>

  <Placemark>
    <Style>
      <IconStyle>
        <scale>0.426909090909091</scale>
        <color>FFDB4924</color>
        <Icon>
          <href>http://maps.google.com/mapfiles/kml/shapes/placemark_circle.png</href>
        </Icon>
      </IconStyle>
    </Style>
    <Point>
      <coordinates>140.150028226531,37.0149990919239,307.334152934691</coordinates>
      <altitudeMode>absolute</altitudeMode>
    </Point>
  </Placemark>

  <Placemark>
    <Style>
      <IconStyle>
        <scale>0.459090909090909</scale>
        <color>FFD84E27</color>
        <Icon>
          <href>http://maps.google.com/mapfiles/kml/shapes/placemark_circle.png</href>
        </Icon>
      </IconStyle>
    </Style>
    <Point>
      <coordinates>140.150021380447,37.0150076998137,307.234152931491</coordinates>
      <altitudeMode>absolute</altitudeMode>
    </Point>
  </Placemark>

  <Placemark>
    <Style>
      <IconStyle>
        <scale>0.434181818181818</scale>
        <color>FFDA4A25</color>
        <Icon>
          <href>http://maps.google.com/mapfiles/kml/shapes/placemark_circle.png</href>
        </Icon>
      </IconStyle>
    </Style>
    <Point>
      <coordinates>140.150014819808,37.0150157861299,307.234152931491</coordinates>
      <altitudeMode>absolute</altitudeMode>
    </Point>
  </Placemark>

  <Placemark>
    <Style>
      <IconStyle>
        <scale>0.424909090909091</scale>
        <color>FFDB4824</color>
        <Icon>
          <href>http://maps.google.com/mapfiles/kml/shapes/placemark_circle.png</href>
        </Icon>
      </IconStyle>
    </Style>
    <Point>
      <coordinates>140.150013331633,37.0150173052859,307.234152931491</coordinates>
      <altitudeMode>absolute</altitudeMode>
    </Point>
  </Placemark>

  <Placemark>
    <Style>
      <IconStyle>
        <scale>0.418545454545455</scale>
        <color>FFDB4724</color>
        <Icon>
          <href>http://maps.google.com/mapfiles/kml/shapes/placemark_circle.png</href>
        </Icon>
      </IconStyle>
    </Style>
    <Point>
      <coordinates>140.150013425621,37.0150169954194,307.234152931491</coordinates>
      <altitudeMode>absolute</altitudeMode>
    </Point>
  </Placemark>

  <Placemark>
    <Style>
      <IconStyle>
        <scale>0.412181818181818</scale>
        <color>FFDC4623</color>
        <Icon>
          <href>http://maps.google.com/mapfiles/kml/shapes/placemark_circle.png</href>
        </Icon>
      </IconStyle>
    </Style>
    <Point>
      <coordinates>140.150013480106,37.0150163989145,307.234152931491</coordinates>
      <altitudeMode>absolute</altitudeMode>
    </Point>
  </Placemark>

  <Placemark>
    <Style>
      <IconStyle>
        <scale>0.428181818181818</scale>
        <color>FFDB4924</color>
        <Icon>
          <href>http://maps.google.com/mapfiles/kml/shapes/placemark_circle.png</href>
        </Icon>
      </IconStyle>
    </Style>
    <Point>
      <coordinates>140.15001281874,37.0150156575805,307.234152931491</coordinates>
      <altitudeMode>absolute</altitudeMode>
    </Point>
  </Placemark>

  <Placemark>
    <Style>
      <IconStyle>
        <scale>0.339454545454545</scale>
        <color>FFE23A1D</color>
        <Icon>
          <href>http://maps.google.com/mapfiles/kml/shapes/placemark_circle.png</href>
        </Icon>
      </IconStyle>
    </Style>
    <Point>
      <coordinates>140.150012569952,37.0150154449345,307.234152931491</coordinates>
      <altitudeMode>absolute</altitudeMode>
    </Point>
  </Placemark>

  <Placemark>
    <Style>
      <IconStyle>
        <scale>0.359090909090909</scale>
        <color>FFE03D1F</color>
        <Icon>
          <href>http://maps.google.com/mapfiles/kml/shapes/placemark_circle.png</href>
        </Icon>
      </IconStyle>
    </Style>
    <Point>
      <coordinates>140.150010715364,37.0150155652001,307.234152931491</coordinates>
      <altitudeMode>absolute</altitudeMode>
    </Point>
  </Placemark>

  <Placemark>
    <Style>
      <IconStyle>
        <scale>0.278181818181818</scale>
        <color>FFE72F18</color>
        <Icon>
          <href>http://maps.google.com/mapfiles/kml/shapes/placemark_circle.png</href>
        </Icon>
      </IconStyle>
    </Style>
    <Point>
      <coordinates>140.150011365109,37.0150160023696,307.334152934691</coordinates>
      <altitudeMode>absolute</altitudeMode>
    </Point>
  </Placemark>

  <Placemark>
    <Style>
      <IconStyle>
        <scale>0.273090909090909</scale>
        <color>FFE82E17</color>
        <Icon>
          <href>http://maps.google.com/mapfiles/kml/shapes/placemark_circle.png</href>
        </Icon>
      </IconStyle>
    </Style>
    <Point>
      <coordinates>140.150017236362,37.0150184597121,307.334152934691</coordinates>
      <altitudeMode>absolute</altitudeMode>
    </Point>
  </Placemark>

  <Placemark>
    <Style>
      <IconStyle>
        <scale>0.286181818181818</scale>
        <color>FFE73118</color>
        <Icon>
          <href>http://maps.google.com/mapfiles/kml/shapes/placemark_circle.png</href>
        </Icon>
      </IconStyle>
    </Style>
    <Point>
      <coordinates>140.15001968557,37.015020663453,307.334152934691</coordinates>
      <altitudeMode>absolute</altitudeMode>
    </Point>
  </Placemark>

  <Placemark>
    <Style>
      <IconStyle>
        <scale>0.264</scale>
        <color>FFE92D16</color>
        <Icon>
          <href>http://maps.google.com/mapfiles/kml/shapes/placemark_circle.png</href>
        </Icon>
      </IconStyle>
    </Style>
    <Point>
      <coordinates>140.150019963849,37.0150207452227,307.334152934691</coordinates>
      <altitudeMode>absolute</altitudeMode>
    </Point>
  </Placemark>

  <Placemark>
    <Style>
      <IconStyle>
        <scale>0.277090909090909</scale>
        <color>FFE72F18</color>
        <Icon>
          <href>http://maps.google.com/mapfiles/kml/shapes/placemark_circle.png</href>
        </Icon>
      </IconStyle>
    </Style>
    <Point>
      <coordinates>140.150019806417,37.0150205485201,307.434152937891</coordinates>
      <altitudeMode>absolute</altitudeMode>
    </Point>
  </Placemark>

  <Placemark>
    <Style>
      <IconStyle>
        <scale>0.263090909090909</scale>
        <color>FFE92D16</color>
        <Icon>
          <href>http://maps.google.com/mapfiles/kml/shapes/placemark_circle.png</href>
        </Icon>
      </IconStyle>
    </Style>
    <Point>
      <coordinates>140.150019661254,37.0150205095209,307.434152937891</coordinates>
      <altitudeMode>absolute</altitudeMode>
    </Point>
  </Placemark>

  <Placemark>
    <Style>
      <IconStyle>
        <scale>0.226727272727273</scale>
        <color>FFEC2713</color>
        <Icon>
          <href>http://maps.google.com/mapfiles/kml/shapes/placemark_circle.png</href>
        </Icon>
      </IconStyle>
    </Style>
    <Point>
      <coordinates>140.150019891457,37.0150206373636,307.534152941091</coordinates>
      <altitudeMode>absolute</altitudeMode>
    </Point>
  </Placemark>

  <Placemark>
    <Style>
      <IconStyle>
        <scale>0.255818181818182</scale>
        <color>FFE92B16</color>
        <Icon>
          <href>http://maps.google.com/mapfiles/kml/shapes/placemark_circle.png</href>
        </Icon>
      </IconStyle>
    </Style>
    <Point>
      <coordinates>140.150020237643,37.0150207232024,307.534152941091</coordinates>
      <altitudeMode>absolute</altitudeMode>
    </Point>
  </Placemark>

  <Placemark>
    <Style>
      <IconStyle>
        <scale>0.205818181818182</scale>
        <color>FFEE2311</color>
        <Icon>
          <href>http://maps.google.com/mapfiles/kml/shapes/placemark_circle.png</href>
        </Icon>
      </IconStyle>
    </Style>
    <Point>
      <coordinates>140.150020429228,37.0150207845152,307.634152944291</coordinates>
      <altitudeMode>absolute</altitudeMode>
    </Point>
  </Placemark>

  <Placemark>
    <Style>
      <IconStyle>
        <scale>0.200545454545455</scale>
        <color>FFEE2211</color>
        <Icon>
          <href>http://maps.google.com/mapfiles/kml/shapes/placemark_circle.png</href>
        </Icon>
      </IconStyle>
    </Style>
    <Point>
      <coordinates>140.150020305394,37.01502065234,307.634152944291</coordinates>
      <altitudeMode>absolute</altitudeMode>
    </Point>
  </Placemark>

  <Placemark>
    <Style>
      <IconStyle>
        <scale>0.207272727272727</scale>
        <color>FFED2312</color>
        <Icon>
          <href>http://maps.google.com/mapfiles/kml/shapes/placemark_circle.png</href>
        </Icon>
      </IconStyle>
    </Style>
    <Point>
      <coordinates>140.150019907708,37.0150201835964,307.634152944291</coordinates>
      <altitudeMode>absolute</altitudeMode>
    </Point>
  </Placemark>

  <Placemark>
    <Style>
      <IconStyle>
        <scale>0.258181818181818</scale>
        <color>FFE92C16</color>
        <Icon>
          <href>http://maps.google.com/mapfiles/kml/shapes/placemark_circle.png</href>
        </Icon>
      </IconStyle>
    </Style>
    <Point>
      <coordinates>140.150019417584,37.0150196295944,307.634152944291</coordinates>
      <altitudeMode>absolute</altitudeMode>
    </Point>
  </Placemark>

  <Placemark>
    <Style>
      <IconStyle>
        <scale>0.252181818181818</scale>
        <color>FFEA2B15</color>
        <Icon>
          <href>http://maps.google.com/mapfiles/kml/shapes/placemark_circle.png</href>
        </Icon>
      </IconStyle>
    </Style>
    <Point>
      <coordinates>140.150018962188,37.0150189726954,307.634152944291</coordinates>
      <altitudeMode>absolute</altitudeMode>
    </Point>
  </Placemark>

  <Placemark>
    <Style>
      <IconStyle>
        <scale>0.231636363636363</scale>
        <color>FFEB2714</color>
        <Icon>
          <href>http://maps.google.com/mapfiles/kml/shapes/placemark_circle.png</href>
        </Icon>
      </IconStyle>
    </Style>
    <Point>
      <coordinates>140.150020836924,37.0150183594408,307.634152944291</coordinates>
      <altitudeMode>absolute</altitudeMode>
    </Point>
  </Placemark>

  <Placemark>
    <Style>
      <IconStyle>
        <scale>0.218363636363636</scale>
        <color>FFEC2513</color>
        <Icon>
          <href>http://maps.google.com/mapfiles/kml/shapes/placemark_circle.png</href>
        </Icon>
      </IconStyle>
    </Style>
    <Point>
      <coordinates>140.150028552991,37.015021271073,307.534152941091</coordinates>
      <altitudeMode>absolute</altitudeMode>
    </Point>
  </Placemark>

  <Placemark>
    <Style>
      <IconStyle>
        <scale>0.304181818181818</scale>
        <color>FFE5341A</color>
        <Icon>
          <href>http://maps.google.com/mapfiles/kml/shapes/placemark_circle.png</href>
        </Icon>
      </IconStyle>
    </Style>
    <Point>
      <coordinates>140.150038310351,37.0150257757421,307.434152937891</coordinates>
      <altitudeMode>absolute</altitudeMode>
    </Point>
  </Placemark>

  <Placemark>
    <Style>
      <IconStyle>
        <scale>0.335636363636364</scale>
        <color>FFE2391D</color>
        <Icon>
          <href>http://maps.google.com/mapfiles/kml/shapes/placemark_circle.png</href>
        </Icon>
      </IconStyle>
    </Style>
    <Point>
      <coordinates>140.150045496682,37.0150303819611,307.734152947491</coordinates>
      <altitudeMode>absolute</altitudeMode>
    </Point>
  </Placemark>

  <Placemark>
    <Style>
      <IconStyle>
        <scale>0.411636363636364</scale>
        <color>FFDC4623</color>
        <Icon>
          <href>http://maps.google.com/mapfiles/kml/shapes/placemark_circle.png</href>
        </Icon>
      </IconStyle>
    </Style>
    <Point>
      <coordinates>140.150051264752,37.0150337280365,307.934152953891</coordinates>
      <altitudeMode>absolute</altitudeMode>
    </Point>
  </Placemark>

  <Placemark>
    <Style>
      <IconStyle>
        <scale>0.39</scale>
        <color>FFDE4221</color>
        <Icon>
          <href>http://maps.google.com/mapfiles/kml/shapes/placemark_circle.png</href>
        </Icon>
      </IconStyle>
    </Style>
    <Point>
      <coordinates>140.150056539216,37.0150360737571,308.334152966691</coordinates>
      <altitudeMode>absolute</altitudeMode>
    </Point>
  </Placemark>

  <Placemark>
    <Style>
      <IconStyle>
        <scale>0.616181818181818</scale>
        <color>FFCB6934</color>
        <Icon>
          <href>http://maps.google.com/mapfiles/kml/shapes/placemark_circle.png</href>
        </Icon>
      </IconStyle>
    </Style>
    <Point>
      <coordinates>140.150060192718,37.0150374621995,308.634152976291</coordinates>
      <altitudeMode>absolute</altitudeMode>
    </Point>
  </Placemark>

  <Placemark>
    <Style>
      <IconStyle>
        <scale>0.763818181818182</scale>
        <color>FFBE8241</color>
        <Icon>
          <href>http://maps.google.com/mapfiles/kml/shapes/placemark_circle.png</href>
        </Icon>
      </IconStyle>
    </Style>
    <Point>
      <coordinates>140.150064305521,37.0150389792899,308.934152985891</coordinates>
      <altitudeMode>absolute</altitudeMode>
    </Point>
  </Placemark>

  <Placemark>
    <Style>
      <IconStyle>
        <scale>0.750909090909091</scale>
        <color>FFBF8040</color>
        <Icon>
          <href>http://maps.google.com/mapfiles/kml/shapes/placemark_circle.png</href>
        </Icon>
      </IconStyle>
    </Style>
    <Point>
      <coordinates>140.150068609833,37.0150405127252,309.234152995491</coordinates>
      <altitudeMode>absolute</altitudeMode>
    </Point>
  </Placemark>

  <Placemark>
    <Style>
      <IconStyle>
        <scale>0.811818181818182</scale>
        <color>FFBA8A45</color>
        <Icon>
          <href>http://maps.google.com/mapfiles/kml/shapes/placemark_circle.png</href>
        </Icon>
      </IconStyle>
    </Style>
    <Point>
      <coordinates>140.150071881368,37.0150423044501,309.634153008291</coordinates>
      <altitudeMode>absolute</altitudeMode>
    </Point>
  </Placemark>

  <Placemark>
    <Style>
      <IconStyle>
        <scale>0.903818181818182</scale>
        <color>FFB29A4D</color>
        <Icon>
          <href>http://maps.google.com/mapfiles/kml/shapes/placemark_circle.png</href>
        </Icon>
      </IconStyle>
    </Style>
    <Point>
      <coordinates>140.150074357141,37.0150441869503,309.934153017891</coordinates>
      <altitudeMode>absolute</altitudeMode>
    </Point>
  </Placemark>

  <Placemark>
    <Style>
      <IconStyle>
        <scale>0.944727272727273</scale>
        <color>FFAFA150</color>
        <Icon>
          <href>http://maps.google.com/mapfiles/kml/shapes/placemark_circle.png</href>
        </Icon>
      </IconStyle>
    </Style>
    <Point>
      <coordinates>140.15007662122,37.0150447095603,310.334153030691</coordinates>
      <altitudeMode>absolute</altitudeMode>
    </Point>
  </Placemark>

  <Placemark>
    <Style>
      <IconStyle>
        <scale>1.19054545454545</scale>
        <color>FF9ACA65</color>
        <Icon>
          <href>http://maps.google.com/mapfiles/kml/shapes/placemark_circle.png</href>
        </Icon>
      </IconStyle>
    </Style>
    <Point>
      <coordinates>140.150078943145,37.0150452926414,310.534153037091</coordinates>
      <altitudeMode>absolute</altitudeMode>
    </Point>
  </Placemark>

  <Placemark>
    <Style>
      <IconStyle>
        <scale>1.11054545454545</scale>
        <color>FFA1BD5E</color>
        <Icon>
          <href>http://maps.google.com/mapfiles/kml/shapes/placemark_circle.png</href>
        </Icon>
      </IconStyle>
    </Style>
    <Point>
      <coordinates>140.150080584792,37.0150454261466,310.834153046691</coordinates>
      <altitudeMode>absolute</altitudeMode>
    </Point>
  </Placemark>

  <Placemark>
    <Style>
      <IconStyle>
        <scale>1.08509090909091</scale>
        <color>FFA3B85C</color>
        <Icon>
          <href>http://maps.google.com/mapfiles/kml/shapes/placemark_circle.png</href>
        </Icon>
      </IconStyle>
    </Style>
    <Point>
      <coordinates>140.150082709732,37.0150464426815,311.134153056291</coordinates>
      <altitudeMode>absolute</altitudeMode>
    </Point>
  </Placemark>

  <Placemark>
    <Style>
      <IconStyle>
        <scale>1.13963636363636</scale>
        <color>FF9EC261</color>
        <Icon>
          <href>http://maps.google.com/mapfiles/kml/shapes/placemark_circle.png</href>
        </Icon>
      </IconStyle>
    </Style>
    <Point>
      <coordinates>140.150087340364,37.0150487943793,311.434153065891</coordinates>
      <altitudeMode>absolute</altitudeMode>
    </Point>
  </Placemark>

  <Placemark>
    <Style>
      <IconStyle>
        <scale>1.15854545454545</scale>
        <color>FF9DC562</color>
        <Icon>
          <href>http://maps.google.com/mapfiles/kml/shapes/placemark_circle.png</href>
        </Icon>
      </IconStyle>
    </Style>
    <Point>
      <coordinates>140.15009444874,37.0150515059144,311.734153075491</coordinates>
      <altitudeMode>absolute</altitudeMode>
    </Point>
  </Placemark>

  <Placemark>
    <Style>
      <IconStyle>
        <scale>0.951454545454545</scale>
        <color>FFAEA251</color>
        <Icon>
          <href>http://maps.google.com/mapfiles/kml/shapes/placemark_circle.png</href>
        </Icon>
      </IconStyle>
    </Style>
    <Point>
      <coordinates>140.150102562974,37.0150559585076,312.034153085091</coordinates>
      <altitudeMode>absolute</altitudeMode>
    </Point>
  </Placemark>

  <Placemark>
    <Style>
      <IconStyle>
        <scale>0.827272727272727</scale>
        <color>FFB98D46</color>
        <Icon>
          <href>http://maps.google.com/mapfiles/kml/shapes/placemark_circle.png</href>
        </Icon>
      </IconStyle>
    </Style>
    <Point>
      <coordinates>140.150110792819,37.0150608616577,312.234153091491</coordinates>
      <altitudeMode>absolute</altitudeMode>
    </Point>
  </Placemark>

  <Placemark>
    <Style>
      <IconStyle>
        <scale>0.827454545454545</scale>
        <color>FFB98D46</color>
        <Icon>
          <href>http://maps.google.com/mapfiles/kml/shapes/placemark_circle.png</href>
        </Icon>
      </IconStyle>
    </Style>
    <Point>
      <coordinates>140.150118824894,37.01506633599,312.534153101091</coordinates>
      <altitudeMode>absolute</altitudeMode>
    </Point>
  </Placemark>

  <Placemark>
    <Style>
      <IconStyle>
        <scale>0.757272727272727</scale>
        <color>FFBF8140</color>
        <Icon>
          <href>http://maps.google.com/mapfiles/kml/shapes/placemark_circle.png</href>
        </Icon>
      </IconStyle>
    </Style>
    <Point>
      <coordinates>140.150127065897,37.0150714961961,312.734153107491</coordinates>
      <altitudeMode>absolute</altitudeMode>
    </Point>
  </Placemark>

  <Placemark>
    <Style>
      <IconStyle>
        <scale>0.690909090909091</scale>
        <color>FFC4753B</color>
        <Icon>
          <href>http://maps.google.com/mapfiles/kml/shapes/placemark_circle.png</href>
        </Icon>
      </IconStyle>
    </Style>
    <Point>
      <coordinates>140.150135724735,37.0150762637465,313.034153117091</coordinates>
      <altitudeMode>absolute</altitudeMode>
    </Point>
  </Placemark>

  <Placemark>
    <Style>
      <IconStyle>
        <scale>0.702909090909091</scale>
        <color>FFC3773C</color>
        <Icon>
          <href>http://maps.google.com/mapfiles/kml/shapes/placemark_circle.png</href>
        </Icon>
      </IconStyle>
    </Style>
    <Point>
      <coordinates>140.150145108798,37.0150807890867,313.434153129891</coordinates>
      <altitudeMode>absolute</altitudeMode>
    </Point>
  </Placemark>

  <Placemark>
    <Style>
      <IconStyle>
        <scale>0.51</scale>
        <color>FFD4572B</color>
        <Icon>
          <href>http://maps.google.com/mapfiles/kml/shapes/placemark_circle.png</href>
        </Icon>
      </IconStyle>
    </Style>
    <Point>
      <coordinates>140.150154876644,37.0150852676965,313.734153139491</coordinates>
      <altitudeMode>absolute</altitudeMode>
    </Point>
  </Placemark>

  <Placemark>
    <Style>
      <IconStyle>
        <scale>0.638181818181818</scale>
        <color>FFC96C36</color>
        <Icon>
          <href>http://maps.google.com/mapfiles/kml/shapes/placemark_circle.png</href>
        </Icon>
      </IconStyle>
    </Style>
    <Point>
      <coordinates>140.150164206754,37.0150906903897,314.134153152291</coordinates>
      <altitudeMode>absolute</altitudeMode>
    </Point>
  </Placemark>

  <Placemark>
    <Style>
      <IconStyle>
        <scale>0.628181818181818</scale>
        <color>FFCA6B35</color>
        <Icon>
          <href>http://maps.google.com/mapfiles/kml/shapes/placemark_circle.png</href>
        </Icon>
      </IconStyle>
    </Style>
    <Point>
      <coordinates>140.150173952831,37.0150958040966,314.534153165091</coordinates>
      <altitudeMode>absolute</altitudeMode>
    </Point>
  </Placemark>

  <Placemark>
    <Style>
      <IconStyle>
        <scale>0.495454545454546</scale>
        <color>FFD5542A</color>
        <Icon>
          <href>http://maps.google.com/mapfiles/kml/shapes/placemark_circle.png</href>
        </Icon>
      </IconStyle>
    </Style>
    <Point>
      <coordinates>140.150184637059,37.0151009858989,314.934153177891</coordinates>
      <altitudeMode>absolute</altitudeMode>
    </Point>
  </Placemark>

  <Placemark>
    <Style>
      <IconStyle>
        <scale>0.489272727272727</scale>
        <color>FFD5532A</color>
        <Icon>
          <href>http://maps.google.com/mapfiles/kml/shapes/placemark_circle.png</href>
        </Icon>
      </IconStyle>
    </Style>
    <Point>
      <coordinates>140.150195280615,37.015106579486,315.334153190691</coordinates>
      <altitudeMode>absolute</altitudeMode>
    </Point>
  </Placemark>

  <Placemark>
    <Style>
      <IconStyle>
        <scale>0.504909090909091</scale>
        <color>FFD4562B</color>
        <Icon>
          <href>http://maps.google.com/mapfiles/kml/shapes/placemark_circle.png</href>
        </Icon>
      </IconStyle>
    </Style>
    <Point>
      <coordinates>140.15020565542,37.0151125915053,315.834153206691</coordinates>
      <altitudeMode>absolute</altitudeMode>
    </Point>
  </Placemark>

  <Placemark>
    <Style>
      <IconStyle>
        <scale>0.554363636363636</scale>
        <color>FFD05E2F</color>
        <Icon>
          <href>http://maps.google.com/mapfiles/kml/shapes/placemark_circle.png</href>
        </Icon>
      </IconStyle>
    </Style>
    <Point>
      <coordinates>140.150215820341,37.0151190890673,316.234153219491</coordinates>
      <altitudeMode>absolute</altitudeMode>
    </Point>
  </Placemark>

  <Placemark>
    <Style>
      <IconStyle>
        <scale>0.615090909090909</scale>
        <color>FFCB6934</color>
        <Icon>
          <href>http://maps.google.com/mapfiles/kml/shapes/placemark_circle.png</href>
        </Icon>
      </IconStyle>
    </Style>
    <Point>
      <coordinates>140.150226778277,37.0151252411581,316.634153232291</coordinates>
      <altitudeMode>absolute</altitudeMode>
    </Point>
  </Placemark>

  <Placemark>
    <Style>
      <IconStyle>
        <scale>0.609636363636364</scale>
        <color>FFCB6834</color>
        <Icon>
          <href>http://maps.google.com/mapfiles/kml/shapes/placemark_circle.png</href>
        </Icon>
      </IconStyle>
    </Style>
    <Point>
      <coordinates>140.150238469746,37.0151313594882,317.034153245091</coordinates>
      <altitudeMode>absolute</altitudeMode>
    </Point>
  </Placemark>

  <Placemark>
    <Style>
      <IconStyle>
        <scale>0.594909090909091</scale>
        <color>FFCC6533</color>
        <Icon>
          <href>http://maps.google.com/mapfiles/kml/shapes/placemark_circle.png</href>
        </Icon>
      </IconStyle>
    </Style>
    <Point>
      <coordinates>140.150251099194,37.0151380697744,317.534153261091</coordinates>
      <altitudeMode>absolute</altitudeMode>
    </Point>
  </Placemark>

  <Placemark>
    <Style>
      <IconStyle>
        <scale>0.645090909090909</scale>
        <color>FFC86E37</color>
        <Icon>
          <href>http://maps.google.com/mapfiles/kml/shapes/placemark_circle.png</href>
        </Icon>
      </IconStyle>
    </Style>
    <Point>
      <coordinates>140.150263272163,37.0151447519623,318.034153277091</coordinates>
      <altitudeMode>absolute</altitudeMode>
    </Point>
  </Placemark>

  <Placemark>
    <Style>
      <IconStyle>
        <scale>0.596181818181818</scale>
        <color>FFCC6533</color>
        <Icon>
          <href>http://maps.google.com/mapfiles/kml/shapes/placemark_circle.png</href>
        </Icon>
      </IconStyle>
    </Style>
    <Point>
      <coordinates>140.150276102793,37.0151513088218,318.534153293091</coordinates>
      <altitudeMode>absolute</altitudeMode>
    </Point>
  </Placemark>

  <Placemark>
    <Style>
      <IconStyle>
        <scale>0.568181818181818</scale>
        <color>FFCF6130</color>
        <Icon>
          <href>http://maps.google.com/mapfiles/kml/shapes/placemark_circle.png</href>
        </Icon>
      </IconStyle>
    </Style>
    <Point>
      <coordinates>140.15029111832,37.0151581115409,319.134153312291</coordinates>
      <altitudeMode>absolute</altitudeMode>
    </Point>
  </Placemark>

  <Placemark>
    <Style>
      <IconStyle>
        <scale>0.574727272727273</scale>
        <color>FFCE6231</color>
        <Icon>
          <href>http://maps.google.com/mapfiles/kml/shapes/placemark_circle.png</href>
        </Icon>
      </IconStyle>
    </Style>
    <Point>
      <coordinates>140.150306642253,37.0151662098797,319.834153334691</coordinates>
      <altitudeMode>absolute</altitudeMode>
    </Point>
  </Placemark>

  <Placemark>
    <Style>
      <IconStyle>
        <scale>0.634727272727273</scale>
        <color>FFC96C36</color>
        <Icon>
          <href>http://maps.google.com/mapfiles/kml/shapes/placemark_circle.png</href>
        </Icon>
      </IconStyle>
    </Style>
    <Point>
      <coordinates>140.150321863018,37.0151743264996,320.634153360291</coordinates>
      <altitudeMode>absolute</altitudeMode>
    </Point>
  </Placemark>

  <Placemark>
    <Style>
      <IconStyle>
        <scale>0.686545454545454</scale>
        <color>FFC5753A</color>
        <Icon>
          <href>http://maps.google.com/mapfiles/kml/shapes/placemark_circle.png</href>
        </Icon>
      </IconStyle>
    </Style>
    <Point>
      <coordinates>140.150336182882,37.0151836328568,321.234153379491</coordinates>
      <altitudeMode>absolute</altitudeMode>
    </Point>
  </Placemark>

  <Placemark>
    <Style>
      <IconStyle>
        <scale>0.664545454545454</scale>
        <color>FFC77138</color>
        <Icon>
          <href>http://maps.google.com/mapfiles/kml/shapes/placemark_circle.png</href>
        </Icon>
      </IconStyle>
    </Style>
    <Point>
      <coordinates>140.150351888085,37.0151921071979,321.834153398691</coordinates>
      <altitudeMode>absolute</altitudeMode>
    </Point>
  </Placemark>

  <Placemark>
    <Style>
      <IconStyle>
        <scale>0.638</scale>
        <color>FFC96C36</color>
        <Icon>
          <href>http://maps.google.com/mapfiles/kml/shapes/placemark_circle.png</href>
        </Icon>
      </IconStyle>
    </Style>
    <Point>
      <coordinates>140.150363226005,37.015197887998,322.234153411491</coordinates>
      <altitudeMode>absolute</altitudeMode>
    </Point>
  </Placemark>

  <Placemark>
    <Style>
      <IconStyle>
        <scale>0.688545454545455</scale>
        <color>FFC4753B</color>
        <Icon>
          <href>http://maps.google.com/mapfiles/kml/shapes/placemark_circle.png</href>
        </Icon>
      </IconStyle>
    </Style>
    <Point>
      <coordinates>140.150378203918,37.015204339215,322.734153427491</coordinates>
      <altitudeMode>absolute</altitudeMode>
    </Point>
  </Placemark>

  <Placemark>
    <Style>
      <IconStyle>
        <scale>0.736</scale>
        <color>FFC07D3F</color>
        <Icon>
          <href>http://maps.google.com/mapfiles/kml/shapes/placemark_circle.png</href>
        </Icon>
      </IconStyle>
    </Style>
    <Point>
      <coordinates>140.150393790141,37.0152109199923,323.434153449891</coordinates>
      <altitudeMode>absolute</altitudeMode>
    </Point>
  </Placemark>

  <Placemark>
    <Style>
      <IconStyle>
        <scale>0.721090909090909</scale>
        <color>FFC27B3D</color>
        <Icon>
          <href>http://maps.google.com/mapfiles/kml/shapes/placemark_circle.png</href>
        </Icon>
      </IconStyle>
    </Style>
    <Point>
      <coordinates>140.150408096273,37.0152189157726,323.834153462691</coordinates>
      <altitudeMode>absolute</altitudeMode>
    </Point>
  </Placemark>

  <Placemark>
    <Style>
      <IconStyle>
        <scale>0.617272727272727</scale>
        <color>FFCB6934</color>
        <Icon>
          <href>http://maps.google.com/mapfiles/kml/shapes/placemark_circle.png</href>
        </Icon>
      </IconStyle>
    </Style>
    <Point>
      <coordinates>140.150422803568,37.0152259358075,324.334153478691</coordinates>
      <altitudeMode>absolute</altitudeMode>
    </Point>
  </Placemark>

  <Placemark>
    <Style>
      <IconStyle>
        <scale>0.670727272727273</scale>
        <color>FFC67239</color>
        <Icon>
          <href>http://maps.google.com/mapfiles/kml/shapes/placemark_circle.png</href>
        </Icon>
      </IconStyle>
    </Style>
    <Point>
      <coordinates>140.150438721089,37.0152335795375,324.834153494691</coordinates>
      <altitudeMode>absolute</altitudeMode>
    </Point>
  </Placemark>

  <Placemark>
    <Style>
      <IconStyle>
        <scale>0.599818181818182</scale>
        <color>FFCC6633</color>
        <Icon>
          <href>http://maps.google.com/mapfiles/kml/shapes/placemark_circle.png</href>
        </Icon>
      </IconStyle>
    </Style>
    <Point>
      <coordinates>140.150454921974,37.0152399116969,325.434153513891</coordinates>
      <altitudeMode>absolute</altitudeMode>
    </Point>
  </Placemark>

  <Placemark>
    <Style>
      <IconStyle>
        <scale>0.584909090909091</scale>
        <color>FFCD6332</color>
        <Icon>
          <href>http://maps.google.com/mapfiles/kml/shapes/placemark_circle.png</href>
        </Icon>
      </IconStyle>
    </Style>
    <Point>
      <coordinates>140.150472219663,37.0152452839589,326.234153539491</coordinates>
      <altitudeMode>absolute</altitudeMode>
    </Point>
  </Placemark>

  <Placemark>
    <Style>
      <IconStyle>
        <scale>0.532545454545455</scale>
        <color>FFD25B2D</color>
        <Icon>
          <href>http://maps.google.com/mapfiles/kml/shapes/placemark_circle.png</href>
        </Icon>
      </IconStyle>
    </Style>
    <Point>
      <coordinates>140.150489319389,37.0152510469064,326.934153561891</coordinates>
      <altitudeMode>absolute</altitudeMode>
    </Point>
  </Placemark>

  <Placemark>
    <Style>
      <IconStyle>
        <scale>0.504545454545454</scale>
        <color>FFD4562B</color>
        <Icon>
          <href>http://maps.google.com/mapfiles/kml/shapes/placemark_circle.png</href>
        </Icon>
      </IconStyle>
    </Style>
    <Point>
      <coordinates>140.150505832904,37.0152572774837,327.734153587491</coordinates>
      <altitudeMode>absolute</altitudeMode>
    </Point>
  </Placemark>

  <Placemark>
    <Style>
      <IconStyle>
        <scale>0.489818181818182</scale>
        <color>FFD5532A</color>
        <Icon>
          <href>http://maps.google.com/mapfiles/kml/shapes/placemark_circle.png</href>
        </Icon>
      </IconStyle>
    </Style>
    <Point>
      <coordinates>140.150522668664,37.0152635246117,328.434153609891</coordinates>
      <altitudeMode>absolute</altitudeMode>
    </Point>
  </Placemark>

  <Placemark>
    <Style>
      <IconStyle>
        <scale>0.529818181818182</scale>
        <color>FFD25A2D</color>
        <Icon>
          <href>http://maps.google.com/mapfiles/kml/shapes/placemark_circle.png</href>
        </Icon>
      </IconStyle>
    </Style>
    <Point>
      <coordinates>140.150539092875,37.015270334835,329.034153629091</coordinates>
      <altitudeMode>absolute</altitudeMode>
    </Point>
  </Placemark>

  <Placemark>
    <Style>
      <IconStyle>
        <scale>0.487636363636363</scale>
        <color>FFD65329</color>
        <Icon>
          <href>http://maps.google.com/mapfiles/kml/shapes/placemark_circle.png</href>
        </Icon>
      </IconStyle>
    </Style>
    <Point>
      <coordinates>140.150556481242,37.0152770497471,329.634153648291</coordinates>
      <altitudeMode>absolute</altitudeMode>
    </Point>
  </Placemark>

  <Placemark>
    <Style>
      <IconStyle>
        <scale>0.469272727272727</scale>
        <color>FFD75028</color>
        <Icon>
          <href>http://maps.google.com/mapfiles/kml/shapes/placemark_circle.png</href>
        </Icon>
      </IconStyle>
    </Style>
    <Point>
      <coordinates>140.150573154742,37.0152826546248,330.234153667491</coordinates>
      <altitudeMode>absolute</altitudeMode>
    </Point>
  </Placemark>

  <Placemark>
    <Style>
      <IconStyle>
        <scale>0.578727272727272</scale>
        <color>FFCE6231</color>
        <Icon>
          <href>http://maps.google.com/mapfiles/kml/shapes/placemark_circle.png</href>
        </Icon>
      </IconStyle>
    </Style>
    <Point>
      <coordinates>140.150590552464,37.015288534711,330.834153686691</coordinates>
      <altitudeMode>absolute</altitudeMode>
    </Point>
  </Placemark>

  <Placemark>
    <Style>
      <IconStyle>
        <scale>0.655090909090909</scale>
        <color>FFC76F38</color>
        <Icon>
          <href>http://maps.google.com/mapfiles/kml/shapes/placemark_circle.png</href>
        </Icon>
      </IconStyle>
    </Style>
    <Point>
      <coordinates>140.150608924856,37.0152960014736,331.434153705891</coordinates>
      <altitudeMode>absolute</altitudeMode>
    </Point>
  </Placemark>

  <Placemark>
    <Style>
      <IconStyle>
        <scale>0.617454545454545</scale>
        <color>FFCB6934</color>
        <Icon>
          <href>http://maps.google.com/mapfiles/kml/shapes/placemark_circle.png</href>
        </Icon>
      </IconStyle>
    </Style>
    <Point>
      <coordinates>140.150626389654,37.0153034485331,332.034153725091</coordinates>
      <altitudeMode>absolute</altitudeMode>
    </Point>
  </Placemark>

  <Placemark>
    <Style>
      <IconStyle>
        <scale>0.71490909090909</scale>
        <color>FFC27A3D</color>
        <Icon>
          <href>http://maps.google.com/mapfiles/kml/shapes/placemark_circle.png</href>
        </Icon>
      </IconStyle>
    </Style>
    <Point>
      <coordinates>140.150644689306,37.0153111659867,332.634153744291</coordinates>
      <altitudeMode>absolute</altitudeMode>
    </Point>
  </Placemark>

  <Placemark>
    <Style>
      <IconStyle>
        <scale>0.782727272727272</scale>
        <color>FFBC8543</color>
        <Icon>
          <href>http://maps.google.com/mapfiles/kml/shapes/placemark_circle.png</href>
        </Icon>
      </IconStyle>
    </Style>
    <Point>
      <coordinates>140.150663299702,37.0153186267183,333.334153766691</coordinates>
      <altitudeMode>absolute</altitudeMode>
    </Point>
  </Placemark>

  <Placemark>
    <Style>
      <IconStyle>
        <scale>0.837454545454545</scale>
        <color>FFB88E47</color>
        <Icon>
          <href>http://maps.google.com/mapfiles/kml/shapes/placemark_circle.png</href>
        </Icon>
      </IconStyle>
    </Style>
    <Point>
      <coordinates>140.150681903617,37.01532585492,334.034153789091</coordinates>
      <altitudeMode>absolute</altitudeMode>
    </Point>
  </Placemark>

  <Placemark>
    <Style>
      <IconStyle>
        <scale>0.815090909090909</scale>
        <color>FFBA8B45</color>
        <Icon>
          <href>http://maps.google.com/mapfiles/kml/shapes/placemark_circle.png</href>
        </Icon>
      </IconStyle>
    </Style>
    <Point>
      <coordinates>140.150700466034,37.0153329477705,334.834153814691</coordinates>
      <altitudeMode>absolute</altitudeMode>
    </Point>
  </Placemark>

  <Placemark>
    <Style>
      <IconStyle>
        <scale>0.848909090909091</scale>
        <color>FFB79048</color>
        <Icon>
          <href>http://maps.google.com/mapfiles/kml/shapes/placemark_circle.png</href>
        </Icon>
      </IconStyle>
    </Style>
    <Point>
      <coordinates>140.150718912625,37.0153401042874,335.534153837091</coordinates>
      <altitudeMode>absolute</altitudeMode>
    </Point>
  </Placemark>

  <Placemark>
    <Style>
      <IconStyle>
        <scale>0.812</scale>
        <color>FFBA8A45</color>
        <Icon>
          <href>http://maps.google.com/mapfiles/kml/shapes/placemark_circle.png</href>
        </Icon>
      </IconStyle>
    </Style>
    <Point>
      <coordinates>140.150738405724,37.0153472175605,336.434153865891</coordinates>
      <altitudeMode>absolute</altitudeMode>
    </Point>
  </Placemark>

  <Placemark>
    <Style>
      <IconStyle>
        <scale>0.859454545454545</scale>
        <color>FFB69249</color>
        <Icon>
          <href>http://maps.google.com/mapfiles/kml/shapes/placemark_circle.png</href>
        </Icon>
      </IconStyle>
    </Style>
    <Point>
      <coordinates>140.150758312218,37.0153547319872,337.434153897891</coordinates>
      <altitudeMode>absolute</altitudeMode>
    </Point>
  </Placemark>

  <Placemark>
    <Style>
      <IconStyle>
        <scale>0.902909090909091</scale>
        <color>FFB2994D</color>
        <Icon>
          <href>http://maps.google.com/mapfiles/kml/shapes/placemark_circle.png</href>
        </Icon>
      </IconStyle>
    </Style>
    <Point>
      <coordinates>140.150777213658,37.0153621986127,338.334153926691</coordinates>
      <altitudeMode>absolute</altitudeMode>
    </Point>
  </Placemark>

  <Placemark>
    <Style>
      <IconStyle>
        <scale>0.874727272727273</scale>
        <color>FFB5954A</color>
        <Icon>
          <href>http://maps.google.com/mapfiles/kml/shapes/placemark_circle.png</href>
        </Icon>
      </IconStyle>
    </Style>
    <Point>
      <coordinates>140.150796965488,37.0153698599041,339.334153958691</coordinates>
      <altitudeMode>absolute</altitudeMode>
    </Point>
  </Placemark>

  <Placemark>
    <Style>
      <IconStyle>
        <scale>0.798181818181818</scale>
        <color>FFBB8844</color>
        <Icon>
          <href>http://maps.google.com/mapfiles/kml/shapes/placemark_circle.png</href>
        </Icon>
      </IconStyle>
    </Style>
    <Point>
      <coordinates>140.150817304901,37.0153786554389,340.434153993891</coordinates>
      <altitudeMode>absolute</altitudeMode>
    </Point>
  </Placemark>

  <Placemark>
    <Style>
      <IconStyle>
        <scale>0.789272727272727</scale>
        <color>FFBC8643</color>
        <Icon>
          <href>http://maps.google.com/mapfiles/kml/shapes/placemark_circle.png</href>
        </Icon>
      </IconStyle>
    </Style>
    <Point>
      <coordinates>140.150835329172,37.0153877137264,341.234154019491</coordinates>
      <altitudeMode>absolute</altitudeMode>
    </Point>
  </Placemark>

  <Placemark>
    <Style>
      <IconStyle>
        <scale>0.719454545454546</scale>
        <color>FFC27A3D</color>
        <Icon>
          <href>http://maps.google.com/mapfiles/kml/shapes/placemark_circle.png</href>
        </Icon>
      </IconStyle>
    </Style>
    <Point>
      <coordinates>140.150855407752,37.0153965600436,341.834154038691</coordinates>
      <altitudeMode>absolute</altitudeMode>
    </Point>
  </Placemark>

  <Placemark>
    <Style>
      <IconStyle>
        <scale>0.812727272727273</scale>
        <color>FFBA8A45</color>
        <Icon>
          <href>http://maps.google.com/mapfiles/kml/shapes/placemark_circle.png</href>
        </Icon>
      </IconStyle>
    </Style>
    <Point>
      <coordinates>140.150874845879,37.0154054378514,342.034154045091</coordinates>
      <altitudeMode>absolute</altitudeMode>
    </Point>
  </Placemark>

  <Placemark>
    <Style>
      <IconStyle>
        <scale>0.914</scale>
        <color>FFB19B4E</color>
        <Icon>
          <href>http://maps.google.com/mapfiles/kml/shapes/placemark_circle.png</href>
        </Icon>
      </IconStyle>
    </Style>
    <Point>
      <coordinates>140.150896330074,37.015413792381,342.234154051491</coordinates>
      <altitudeMode>absolute</altitudeMode>
    </Point>
  </Placemark>

  <Placemark>
    <Style>
      <IconStyle>
        <scale>1.00636363636364</scale>
        <color>FFA9AB56</color>
        <Icon>
          <href>http://maps.google.com/mapfiles/kml/shapes/placemark_circle.png</href>
        </Icon>
      </IconStyle>
    </Style>
    <Point>
      <coordinates>140.150919635982,37.0154221385839,342.834154070691</coordinates>
      <altitudeMode>absolute</altitudeMode>
    </Point>
  </Placemark>

  <Placemark>
    <Style>
      <IconStyle>
        <scale>1.09872727272727</scale>
        <color>FFA2BB5D</color>
        <Icon>
          <href>http://maps.google.com/mapfiles/kml/shapes/placemark_circle.png</href>
        </Icon>
      </IconStyle>
    </Style>
    <Point>
      <coordinates>140.150940487106,37.0154288228792,343.534154093091</coordinates>
      <altitudeMode>absolute</altitudeMode>
    </Point>
  </Placemark>

  <Placemark>
    <Style>
      <IconStyle>
        <scale>1.08327272727273</scale>
        <color>FFA3B85C</color>
        <Icon>
          <href>http://maps.google.com/mapfiles/kml/shapes/placemark_circle.png</href>
        </Icon>
      </IconStyle>
    </Style>
    <Point>
      <coordinates>140.15096126948,37.0154363230855,344.334154118691</coordinates>
      <altitudeMode>absolute</altitudeMode>
    </Point>
  </Placemark>

  <Placemark>
    <Style>
      <IconStyle>
        <scale>1.04418181818182</scale>
        <color>FFA6B259</color>
        <Icon>
          <href>http://maps.google.com/mapfiles/kml/shapes/placemark_circle.png</href>
        </Icon>
      </IconStyle>
    </Style>
    <Point>
      <coordinates>140.15098305296,37.015444107358,345.334154150691</coordinates>
      <altitudeMode>absolute</altitudeMode>
    </Point>
  </Placemark>

  <Placemark>
    <Style>
      <IconStyle>
        <scale>1.19872727272727</scale>
        <color>FF99CC66</color>
        <Icon>
          <href>http://maps.google.com/mapfiles/kml/shapes/placemark_circle.png</href>
        </Icon>
      </IconStyle>
    </Style>
    <Point>
      <coordinates>140.151005073842,37.0154527582897,346.434154185891</coordinates>
      <altitudeMode>absolute</altitudeMode>
    </Point>
  </Placemark>

  <Placemark>
    <Style>
      <IconStyle>
        <scale>1.31818181818182</scale>
        <color>FF8FE070</color>
        <Icon>
          <href>http://maps.google.com/mapfiles/kml/shapes/placemark_circle.png</href>
        </Icon>
      </IconStyle>
    </Style>
    <Point>
      <coordinates>140.151026286733,37.0154614714487,347.534154221091</coordinates>
      <altitudeMode>absolute</altitudeMode>
    </Point>
  </Placemark>

  <Placemark>
    <Style>
      <IconStyle>
        <scale>1.442</scale>
        <color>FF84F57B</color>
        <Icon>
          <href>http://maps.google.com/mapfiles/kml/shapes/placemark_circle.png</href>
        </Icon>
      </IconStyle>
    </Style>
    <Point>
      <coordinates>140.151046855309,37.0154700058755,348.534154253091</coordinates>
      <altitudeMode>absolute</altitudeMode>
    </Point>
  </Placemark>

  <Placemark>
    <Style>
      <IconStyle>
        <scale>1.47709090909091</scale>
        <color>FF81FB7E</color>
        <Icon>
          <href>http://maps.google.com/mapfiles/kml/shapes/placemark_circle.png</href>
        </Icon>
      </IconStyle>
    </Style>
    <Point>
      <coordinates>140.151068115577,37.0154784989089,349.434154281891</coordinates>
      <altitudeMode>absolute</altitudeMode>
    </Point>
  </Placemark>

  <Placemark>
    <Style>
      <IconStyle>
        <scale>1.46563636363636</scale>
        <color>FF82F97D</color>
        <Icon>
          <href>http://maps.google.com/mapfiles/kml/shapes/placemark_circle.png</href>
        </Icon>
      </IconStyle>
    </Style>
    <Point>
      <coordinates>140.151088759854,37.0154874009085,350.434154313891</coordinates>
      <altitudeMode>absolute</altitudeMode>
    </Point>
  </Placemark>

  <Placemark>
    <Style>
      <IconStyle>
        <scale>1.31181818181818</scale>
        <color>FF8FDF70</color>
        <Icon>
          <href>http://maps.google.com/mapfiles/kml/shapes/placemark_circle.png</href>
        </Icon>
      </IconStyle>
    </Style>
    <Point>
      <coordinates>140.151110409012,37.0154966775741,351.334154342691</coordinates>
      <altitudeMode>absolute</altitudeMode>
    </Point>
  </Placemark>

  <Placemark>
    <Style>
      <IconStyle>
        <scale>1.19581818181818</scale>
        <color>FF99CB66</color>
        <Icon>
          <href>http://maps.google.com/mapfiles/kml/shapes/placemark_circle.png</href>
        </Icon>
      </IconStyle>
    </Style>
    <Point>
      <coordinates>140.15113542866,37.0155072765357,352.834154390691</coordinates>
      <altitudeMode>absolute</altitudeMode>
    </Point>
  </Placemark>

  <Placemark>
    <Style>
      <IconStyle>
        <scale>1.09672727272727</scale>
        <color>FFA2BA5D</color>
        <Icon>
          <href>http://maps.google.com/mapfiles/kml/shapes/placemark_circle.png</href>
        </Icon>
      </IconStyle>
    </Style>
    <Point>
      <coordinates>140.151161192615,37.0155174984327,354.034154429091</coordinates>
      <altitudeMode>absolute</altitudeMode>
    </Point>
  </Placemark>

  <Placemark>
    <Style>
      <IconStyle>
        <scale>0.985454545454545</scale>
        <color>FFABA854</color>
        <Icon>
          <href>http://maps.google.com/mapfiles/kml/shapes/placemark_circle.png</href>
        </Icon>
      </IconStyle>
    </Style>
    <Point>
      <coordinates>140.15118653249,37.0155279300727,355.134154464291</coordinates>
      <altitudeMode>absolute</altitudeMode>
    </Point>
  </Placemark>

  <Placemark>
    <Style>
      <IconStyle>
        <scale>1.02672727272727</scale>
        <color>FFA8AF57</color>
        <Icon>
          <href>http://maps.google.com/mapfiles/kml/shapes/placemark_circle.png</href>
        </Icon>
      </IconStyle>
    </Style>
    <Point>
      <coordinates>140.151212920247,37.0155382160817,356.234154499491</coordinates>
      <altitudeMode>absolute</altitudeMode>
    </Point>
  </Placemark>

  <Placemark>
    <Style>
      <IconStyle>
        <scale>1.25636363636364</scale>
        <color>FF94D66B</color>
        <Icon>
          <href>http://maps.google.com/mapfiles/kml/shapes/placemark_circle.png</href>
        </Icon>
      </IconStyle>
    </Style>
    <Point>
      <coordinates>140.151239207242,37.0155491996463,356.534154509091</coordinates>
      <altitudeMode>absolute</altitudeMode>
    </Point>
  </Placemark>

  <Placemark>
    <Style>
      <IconStyle>
        <scale>1.22472727272727</scale>
        <color>FF97D068</color>
        <Icon>
          <href>http://maps.google.com/mapfiles/kml/shapes/placemark_circle.png</href>
        </Icon>
      </IconStyle>
    </Style>
    <Point>
      <coordinates>140.151264911202,37.0155603404241,357.234154531491</coordinates>
      <altitudeMode>absolute</altitudeMode>
    </Point>
  </Placemark>

  <Placemark>
    <Style>
      <IconStyle>
        <scale>1.11109090909091</scale>
        <color>FFA1BD5E</color>
        <Icon>
          <href>http://maps.google.com/mapfiles/kml/shapes/placemark_circle.png</href>
        </Icon>
      </IconStyle>
    </Style>
    <Point>
      <coordinates>140.151290772143,37.0155709697797,358.134154560291</coordinates>
      <altitudeMode>absolute</altitudeMode>
    </Point>
  </Placemark>

  <Placemark>
    <Style>
      <IconStyle>
        <scale>0.998181818181818</scale>
        <color>FFAAAA55</color>
        <Icon>
          <href>http://maps.google.com/mapfiles/kml/shapes/placemark_circle.png</href>
        </Icon>
      </IconStyle>
    </Style>
    <Point>
      <coordinates>140.151317565955,37.0155811072792,359.534154605091</coordinates>
      <altitudeMode>absolute</altitudeMode>
    </Point>
  </Placemark>

  <Placemark>
    <Style>
      <IconStyle>
        <scale>1.096</scale>
        <color>FFA2BA5D</color>
        <Icon>
          <href>http://maps.google.com/mapfiles/kml/shapes/placemark_circle.png</href>
        </Icon>
      </IconStyle>
    </Style>
    <Point>
      <coordinates>140.15134388093,37.0155917077827,360.834154646691</coordinates>
      <altitudeMode>absolute</altitudeMode>
    </Point>
  </Placemark>

  <Placemark>
    <Style>
      <IconStyle>
        <scale>1.11527272727273</scale>
        <color>FFA0BE5F</color>
        <Icon>
          <href>http://maps.google.com/mapfiles/kml/shapes/placemark_circle.png</href>
        </Icon>
      </IconStyle>
    </Style>
    <Point>
      <coordinates>140.151370717828,37.015601344791,361.934154681891</coordinates>
      <altitudeMode>absolute</altitudeMode>
    </Point>
  </Placemark>

  <Placemark>
    <Style>
      <IconStyle>
        <scale>1.15745454545455</scale>
        <color>FF9DC562</color>
        <Icon>
          <href>http://maps.google.com/mapfiles/kml/shapes/placemark_circle.png</href>
        </Icon>
      </IconStyle>
    </Style>
    <Point>
      <coordinates>140.151397673084,37.0156103572647,363.334154726691</coordinates>
      <altitudeMode>absolute</altitudeMode>
    </Point>
  </Placemark>

  <Placemark>
    <Style>
      <IconStyle>
        <scale>1.19145454545455</scale>
        <color>FF9ACB65</color>
        <Icon>
          <href>http://maps.google.com/mapfiles/kml/shapes/placemark_circle.png</href>
        </Icon>
      </IconStyle>
    </Style>
    <Point>
      <coordinates>140.151424277044,37.0156203043816,364.934154777891</coordinates>
      <altitudeMode>absolute</altitudeMode>
    </Point>
  </Placemark>

  <Placemark>
    <Style>
      <IconStyle>
        <scale>1.17327272727273</scale>
        <color>FF9BC764</color>
        <Icon>
          <href>http://maps.google.com/mapfiles/kml/shapes/placemark_circle.png</href>
        </Icon>
      </IconStyle>
    </Style>
    <Point>
      <coordinates>140.151450808735,37.0156311030804,366.134154816291</coordinates>
      <altitudeMode>absolute</altitudeMode>
    </Point>
  </Placemark>

  <Placemark>
    <Style>
      <IconStyle>
        <scale>1.19236363636364</scale>
        <color>FF9ACB65</color>
        <Icon>
          <href>http://maps.google.com/mapfiles/kml/shapes/placemark_circle.png</href>
        </Icon>
      </IconStyle>
    </Style>
    <Point>
      <coordinates>140.151477917453,37.015641965857,367.934154873891</coordinates>
      <altitudeMode>absolute</altitudeMode>
    </Point>
  </Placemark>

  <Placemark>
    <Style>
      <IconStyle>
        <scale>1.16109090909091</scale>
        <color>FF9CC563</color>
        <Icon>
          <href>http://maps.google.com/mapfiles/kml/shapes/placemark_circle.png</href>
        </Icon>
      </IconStyle>
    </Style>
    <Point>
      <coordinates>140.151505270353,37.0156527284393,369.534154925091</coordinates>
      <altitudeMode>absolute</altitudeMode>
    </Point>
  </Placemark>

  <Placemark>
    <Style>
      <IconStyle>
        <scale>0.908</scale>
        <color>FFB29A4D</color>
        <Icon>
          <href>http://maps.google.com/mapfiles/kml/shapes/placemark_circle.png</href>
        </Icon>
      </IconStyle>
    </Style>
    <Point>
      <coordinates>140.151533456821,37.0156643287602,370.734154963491</coordinates>
      <altitudeMode>absolute</altitudeMode>
    </Point>
  </Placemark>

  <Placemark>
    <Style>
      <IconStyle>
        <scale>0.798363636363636</scale>
        <color>FFBB8844</color>
        <Icon>
          <href>http://maps.google.com/mapfiles/kml/shapes/placemark_circle.png</href>
        </Icon>
      </IconStyle>
    </Style>
    <Point>
      <coordinates>140.151561064461,37.0156756303489,371.734154995491</coordinates>
      <altitudeMode>absolute</altitudeMode>
    </Point>
  </Placemark>

  <Placemark>
    <Style>
      <IconStyle>
        <scale>0.746363636363637</scale>
        <color>FFC07F3F</color>
        <Icon>
          <href>http://maps.google.com/mapfiles/kml/shapes/placemark_circle.png</href>
        </Icon>
      </IconStyle>
    </Style>
    <Point>
      <coordinates>140.151588783162,37.0156868606641,372.534155021091</coordinates>
      <altitudeMode>absolute</altitudeMode>
    </Point>
  </Placemark>

  <Placemark>
    <Style>
      <IconStyle>
        <scale>0.888363636363637</scale>
        <color>FFB3974C</color>
        <Icon>
          <href>http://maps.google.com/mapfiles/kml/shapes/placemark_circle.png</href>
        </Icon>
      </IconStyle>
    </Style>
    <Point>
      <coordinates>140.151616218458,37.0156973580265,373.534155053091</coordinates>
      <altitudeMode>absolute</altitudeMode>
    </Point>
  </Placemark>

  <Placemark>
    <Style>
      <IconStyle>
        <scale>0.889454545454546</scale>
        <color>FFB3974C</color>
        <Icon>
          <href>http://maps.google.com/mapfiles/kml/shapes/placemark_circle.png</href>
        </Icon>
      </IconStyle>
    </Style>
    <Point>
      <coordinates>140.151644446467,37.0157080426192,375.534155117091</coordinates>
      <altitudeMode>absolute</altitudeMode>
    </Point>
  </Placemark>

  <Placemark>
    <Style>
      <IconStyle>
        <scale>0.909454545454546</scale>
        <color>FFB29B4D</color>
        <Icon>
          <href>http://maps.google.com/mapfiles/kml/shapes/placemark_circle.png</href>
        </Icon>
      </IconStyle>
    </Style>
    <Point>
      <coordinates>140.151672919431,37.0157189428143,378.034155197091</coordinates>
      <altitudeMode>absolute</altitudeMode>
    </Point>
  </Placemark>

  <Placemark>
    <Style>
      <IconStyle>
        <scale>0.888909090909091</scale>
        <color>FFB3974C</color>
        <Icon>
          <href>http://maps.google.com/mapfiles/kml/shapes/placemark_circle.png</href>
        </Icon>
      </IconStyle>
    </Style>
    <Point>
      <coordinates>140.151701425525,37.0157309395944,379.134155232291</coordinates>
      <altitudeMode>absolute</altitudeMode>
    </Point>
  </Placemark>

  <Placemark>
    <Style>
      <IconStyle>
        <scale>0.821090909090909</scale>
        <color>FFB98C46</color>
        <Icon>
          <href>http://maps.google.com/mapfiles/kml/shapes/placemark_circle.png</href>
        </Icon>
      </IconStyle>
    </Style>
    <Point>
      <coordinates>140.151729987407,37.0157435814688,379.034155229091</coordinates>
      <altitudeMode>absolute</altitudeMode>
    </Point>
  </Placemark>

  <Placemark>
    <Style>
      <IconStyle>
        <scale>0.861818181818181</scale>
        <color>FFB69349</color>
        <Icon>
          <href>http://maps.google.com/mapfiles/kml/shapes/placemark_circle.png</href>
        </Icon>
      </IconStyle>
    </Style>
    <Point>
      <coordinates>140.151759604982,37.0157557779519,379.434155241891</coordinates>
      <altitudeMode>absolute</altitudeMode>
    </Point>
  </Placemark>

  <Placemark>
    <Style>
      <IconStyle>
        <scale>0.862545454545454</scale>
        <color>FFB69349</color>
        <Icon>
          <href>http://maps.google.com/mapfiles/kml/shapes/placemark_circle.png</href>
        </Icon>
      </IconStyle>
    </Style>
    <Point>
      <coordinates>140.151788553779,37.0157693563883,380.534155277091</coordinates>
      <altitudeMode>absolute</altitudeMode>
    </Point>
  </Placemark>

  <Placemark>
    <Style>
      <IconStyle>
        <scale>0.825818181818181</scale>
        <color>FFB98C46</color>
        <Icon>
          <href>http://maps.google.com/mapfiles/kml/shapes/placemark_circle.png</href>
        </Icon>
      </IconStyle>
    </Style>
    <Point>
      <coordinates>140.151818538529,37.0157812152815,382.034155325091</coordinates>
      <altitudeMode>absolute</altitudeMode>
    </Point>
  </Placemark>

  <Placemark>
    <Style>
      <IconStyle>
        <scale>0.852545454545454</scale>
        <color>FFB79148</color>
        <Icon>
          <href>http://maps.google.com/mapfiles/kml/shapes/placemark_circle.png</href>
        </Icon>
      </IconStyle>
    </Style>
    <Point>
      <coordinates>140.151848618892,37.0157925570301,383.634155376291</coordinates>
      <altitudeMode>absolute</altitudeMode>
    </Point>
  </Placemark>

  <Placemark>
    <Style>
      <IconStyle>
        <scale>0.818727272727272</scale>
        <color>FFB98B46</color>
        <Icon>
          <href>http://maps.google.com/mapfiles/kml/shapes/placemark_circle.png</href>
        </Icon>
      </IconStyle>
    </Style>
    <Point>
      <coordinates>140.151878371904,37.015803751777,385.134155424291</coordinates>
      <altitudeMode>absolute</altitudeMode>
    </Point>
  </Placemark>

  <Placemark>
    <Style>
      <IconStyle>
        <scale>0.878181818181817</scale>
        <color>FFB4954B</color>
        <Icon>
          <href>http://maps.google.com/mapfiles/kml/shapes/placemark_circle.png</href>
        </Icon>
      </IconStyle>
    </Style>
    <Point>
      <coordinates>140.15190938488,37.0158150219093,386.934155481891</coordinates>
      <altitudeMode>absolute</altitudeMode>
    </Point>
  </Placemark>

  <Placemark>
    <Style>
      <IconStyle>
        <scale>0.972545454545454</scale>
        <color>FFACA553</color>
        <Icon>
          <href>http://maps.google.com/mapfiles/kml/shapes/placemark_circle.png</href>
        </Icon>
      </IconStyle>
    </Style>
    <Point>
      <coordinates>140.151939518457,37.0158269404941,388.334155526691</coordinates>
      <altitudeMode>absolute</altitudeMode>
    </Point>
  </Placemark>

  <Placemark>
    <Style>
      <IconStyle>
        <scale>1.05254545454545</scale>
        <color>FFA6B359</color>
        <Icon>
          <href>http://maps.google.com/mapfiles/kml/shapes/placemark_circle.png</href>
        </Icon>
      </IconStyle>
    </Style>
    <Point>
      <coordinates>140.151970457621,37.015839206606,389.234155555491</coordinates>
      <altitudeMode>absolute</altitudeMode>
    </Point>
  </Placemark>

  <Placemark>
    <Style>
      <IconStyle>
        <scale>1.00145454545454</scale>
        <color>FFAAAA55</color>
        <Icon>
          <href>http://maps.google.com/mapfiles/kml/shapes/placemark_circle.png</href>
        </Icon>
      </IconStyle>
    </Style>
    <Point>
      <coordinates>140.151999888089,37.0158514734033,390.234155587491</coordinates>
      <altitudeMode>absolute</altitudeMode>
    </Point>
  </Placemark>

  <Placemark>
    <Style>
      <IconStyle>
        <scale>1.05963636363636</scale>
        <color>FFA5B45A</color>
        <Icon>
          <href>http://maps.google.com/mapfiles/kml/shapes/placemark_circle.png</href>
        </Icon>
      </IconStyle>
    </Style>
    <Point>
      <coordinates>140.152030055825,37.0158636927076,391.634155632291</coordinates>
      <altitudeMode>absolute</altitudeMode>
    </Point>
  </Placemark>

  <Placemark>
    <Style>
      <IconStyle>
        <scale>1.06818181818182</scale>
        <color>FFA4B65B</color>
        <Icon>
          <href>http://maps.google.com/mapfiles/kml/shapes/placemark_circle.png</href>
        </Icon>
      </IconStyle>
    </Style>
    <Point>
      <coordinates>140.152061299509,37.015875805787,393.334155686691</coordinates>
      <altitudeMode>absolute</altitudeMode>
    </Point>
  </Placemark>

  <Placemark>
    <Style>
      <IconStyle>
        <scale>1.10581818181818</scale>
        <color>FFA1BC5E</color>
        <Icon>
          <href>http://maps.google.com/mapfiles/kml/shapes/placemark_circle.png</href>
        </Icon>
      </IconStyle>
    </Style>
    <Point>
      <coordinates>140.152093233942,37.0158863370729,395.734155763491</coordinates>
      <altitudeMode>absolute</altitudeMode>
    </Point>
  </Placemark>

  <Placemark>
    <Style>
      <IconStyle>
        <scale>1.12454545454545</scale>
        <color>FF9FBF60</color>
        <Icon>
          <href>http://maps.google.com/mapfiles/kml/shapes/placemark_circle.png</href>
        </Icon>
      </IconStyle>
    </Style>
    <Point>
      <coordinates>140.152110761523,37.0158918439152,396.934155801891</coordinates>
      <altitudeMode>absolute</altitudeMode>
    </Point>
  </Placemark>

  <Placemark>
    <Style>
      <IconStyle>
        <scale>1.20254545454545</scale>
        <color>FF99CC66</color>
        <Icon>
          <href>http://maps.google.com/mapfiles/kml/shapes/placemark_circle.png</href>
        </Icon>
      </IconStyle>
    </Style>
    <Point>
      <coordinates>140.152120946464,37.0158958964342,397.434155817891</coordinates>
      <altitudeMode>absolute</altitudeMode>
    </Point>
  </Placemark>

  <Placemark>
    <Style>
      <IconStyle>
        <scale>1.22363636363636</scale>
        <color>FF97D068</color>
        <Icon>
          <href>http://maps.google.com/mapfiles/kml/shapes/placemark_circle.png</href>
        </Icon>
      </IconStyle>
    </Style>
    <Point>
      <coordinates>140.152136699795,37.0159026426141,398.434155849891</coordinates>
      <altitudeMode>absolute</altitudeMode>
    </Point>
  </Placemark>

  <Placemark>
    <Style>
      <IconStyle>
        <scale>1.15254545454545</scale>
        <color>FF9DC462</color>
        <Icon>
          <href>http://maps.google.com/mapfiles/kml/shapes/placemark_circle.png</href>
        </Icon>
      </IconStyle>
    </Style>
    <Point>
      <coordinates>140.152157728841,37.0159102941054,399.834155894691</coordinates>
      <altitudeMode>absolute</altitudeMode>
    </Point>
  </Placemark>

  <Placemark>
    <Style>
      <IconStyle>
        <scale>1.22727272727273</scale>
        <color>FF97D168</color>
        <Icon>
          <href>http://maps.google.com/mapfiles/kml/shapes/placemark_circle.png</href>
        </Icon>
      </IconStyle>
    </Style>
    <Point>
      <coordinates>140.152180950123,37.0159204651857,400.334155910691</coordinates>
      <altitudeMode>absolute</altitudeMode>
    </Point>
  </Placemark>

  <Placemark>
    <Style>
      <IconStyle>
        <scale>1.12127272727273</scale>
        <color>FFA0BF5F</color>
        <Icon>
          <href>http://maps.google.com/mapfiles/kml/shapes/placemark_circle.png</href>
        </Icon>
      </IconStyle>
    </Style>
    <Point>
      <coordinates>140.152205624311,37.015931583382,401.034155933091</coordinates>
      <altitudeMode>absolute</altitudeMode>
    </Point>
  </Placemark>

  <Placemark>
    <Style>
      <IconStyle>
        <scale>0.910363636363636</scale>
        <color>FFB29B4D</color>
        <Icon>
          <href>http://maps.google.com/mapfiles/kml/shapes/placemark_circle.png</href>
        </Icon>
      </IconStyle>
    </Style>
    <Point>
      <coordinates>140.152230730389,37.0159429758445,401.834155958691</coordinates>
      <altitudeMode>absolute</altitudeMode>
    </Point>
  </Placemark>

  <Placemark>
    <Style>
      <IconStyle>
        <scale>0.887090909090909</scale>
        <color>FFB4974B</color>
        <Icon>
          <href>http://maps.google.com/mapfiles/kml/shapes/placemark_circle.png</href>
        </Icon>
      </IconStyle>
    </Style>
    <Point>
      <coordinates>140.152257265342,37.0159548167137,402.734155987491</coordinates>
      <altitudeMode>absolute</altitudeMode>
    </Point>
  </Placemark>

  <Placemark>
    <Style>
      <IconStyle>
        <scale>0.887090909090909</scale>
        <color>FFB4974B</color>
        <Icon>
          <href>http://maps.google.com/mapfiles/kml/shapes/placemark_circle.png</href>
        </Icon>
      </IconStyle>
    </Style>
    <Point>
      <coordinates>140.152283734551,37.0159658589077,403.734156019491</coordinates>
      <altitudeMode>absolute</altitudeMode>
    </Point>
  </Placemark>

  <Placemark>
    <Style>
      <IconStyle>
        <scale>1.02163636363636</scale>
        <color>FFA8AE57</color>
        <Icon>
          <href>http://maps.google.com/mapfiles/kml/shapes/placemark_circle.png</href>
        </Icon>
      </IconStyle>
    </Style>
    <Point>
      <coordinates>140.152302627665,37.0159732253733,404.134156032291</coordinates>
      <altitudeMode>absolute</altitudeMode>
    </Point>
  </Placemark>

  <Placemark>
    <Style>
      <IconStyle>
        <scale>1.04090909090909</scale>
        <color>FFA7B158</color>
        <Icon>
          <href>http://maps.google.com/mapfiles/kml/shapes/placemark_circle.png</href>
        </Icon>
      </IconStyle>
    </Style>
    <Point>
      <coordinates>140.152303993542,37.0159734025977,404.534156045091</coordinates>
      <altitudeMode>absolute</altitudeMode>
    </Point>
  </Placemark>

  <Placemark>
    <Style>
      <IconStyle>
        <scale>1.03436363636364</scale>
        <color>FFA7B058</color>
        <Icon>
          <href>http://maps.google.com/mapfiles/kml/shapes/placemark_circle.png</href>
        </Icon>
      </IconStyle>
    </Style>
    <Point>
      <coordinates>140.152304073878,37.0159739880004,404.734156051491</coordinates>
      <altitudeMode>absolute</altitudeMode>
    </Point>
  </Placemark>

  <Placemark>
    <Style>
      <IconStyle>
        <scale>1.112</scale>
        <color>FFA0BD5F</color>
        <Icon>
          <href>http://maps.google.com/mapfiles/kml/shapes/placemark_circle.png</href>
        </Icon>
      </IconStyle>
    </Style>
    <Point>
      <coordinates>140.152304267851,37.0159737340883,404.534156045091</coordinates>
      <altitudeMode>absolute</altitudeMode>
    </Point>
  </Placemark>

  <Placemark>
    <Style>
      <IconStyle>
        <scale>1.17436363636364</scale>
        <color>FF9BC864</color>
        <Icon>
          <href>http://maps.google.com/mapfiles/kml/shapes/placemark_circle.png</href>
        </Icon>
      </IconStyle>
    </Style>
    <Point>
      <coordinates>140.15230483638,37.0159724573321,404.134156032291</coordinates>
      <altitudeMode>absolute</altitudeMode>
    </Point>
  </Placemark>

  <Placemark>
    <Style>
      <IconStyle>
        <scale>1.19181818181818</scale>
        <color>FF9ACB65</color>
        <Icon>
          <href>http://maps.google.com/mapfiles/kml/shapes/placemark_circle.png</href>
        </Icon>
      </IconStyle>
    </Style>
    <Point>
      <coordinates>140.152307169374,37.0159679513351,404.034156029091</coordinates>
      <altitudeMode>absolute</altitudeMode>
    </Point>
  </Placemark>

  <Placemark>
    <Style>
      <IconStyle>
        <scale>1.03090909090909</scale>
        <color>FFA7AF58</color>
        <Icon>
          <href>http://maps.google.com/mapfiles/kml/shapes/placemark_circle.png</href>
        </Icon>
      </IconStyle>
    </Style>
    <Point>
      <coordinates>140.1523109848,37.0159614992957,404.234156035491</coordinates>
      <altitudeMode>absolute</altitudeMode>
    </Point>
  </Placemark>

  <Placemark>
    <Style>
      <IconStyle>
        <scale>0.912363636363636</scale>
        <color>FFB19B4E</color>
        <Icon>
          <href>http://maps.google.com/mapfiles/kml/shapes/placemark_circle.png</href>
        </Icon>
      </IconStyle>
    </Style>
    <Point>
      <coordinates>140.152313802897,37.0159565200833,404.634156048291</coordinates>
      <altitudeMode>absolute</altitudeMode>
    </Point>
  </Placemark>

  <Placemark>
    <Style>
      <IconStyle>
        <scale>0.897818181818182</scale>
        <color>FFB3994C</color>
        <Icon>
          <href>http://maps.google.com/mapfiles/kml/shapes/placemark_circle.png</href>
        </Icon>
      </IconStyle>
    </Style>
    <Point>
      <coordinates>140.152317925075,37.0159503015334,404.834156054691</coordinates>
      <altitudeMode>absolute</altitudeMode>
    </Point>
  </Placemark>

  <Placemark>
    <Style>
      <IconStyle>
        <scale>0.949636363636364</scale>
        <color>FFAEA151</color>
        <Icon>
          <href>http://maps.google.com/mapfiles/kml/shapes/placemark_circle.png</href>
        </Icon>
      </IconStyle>
    </Style>
    <Point>
      <coordinates>140.152319653149,37.0159474339374,404.734156051491</coordinates>
      <altitudeMode>absolute</altitudeMode>
    </Point>
  </Placemark>

  <Placemark>
    <Style>
      <IconStyle>
        <scale>0.887454545454545</scale>
        <color>FFB4974B</color>
        <Icon>
          <href>http://maps.google.com/mapfiles/kml/shapes/placemark_circle.png</href>
        </Icon>
      </IconStyle>
    </Style>
    <Point>
      <coordinates>140.15232006032,37.0159487063762,404.334156038691</coordinates>
      <altitudeMode>absolute</altitudeMode>
    </Point>
  </Placemark>

  <Placemark>
    <Style>
      <IconStyle>
        <scale>0.848363636363636</scale>
        <color>FFB79048</color>
        <Icon>
          <href>http://maps.google.com/mapfiles/kml/shapes/placemark_circle.png</href>
        </Icon>
      </IconStyle>
    </Style>
    <Point>
      <coordinates>140.152320406381,37.0159491112648,403.934156025891</coordinates>
      <altitudeMode>absolute</altitudeMode>
    </Point>
  </Placemark>

  <Placemark>
    <Style>
      <IconStyle>
        <scale>0.985454545454545</scale>
        <color>FFABA854</color>
        <Icon>
          <href>http://maps.google.com/mapfiles/kml/shapes/placemark_circle.png</href>
        </Icon>
      </IconStyle>
    </Style>
    <Point>
      <coordinates>140.152319845405,37.0159484763133,403.734156019491</coordinates>
      <altitudeMode>absolute</altitudeMode>
    </Point>
  </Placemark>

  <Placemark>
    <Style>
      <IconStyle>
        <scale>1.03381818181818</scale>
        <color>FFA7B058</color>
        <Icon>
          <href>http://maps.google.com/mapfiles/kml/shapes/placemark_circle.png</href>
        </Icon>
      </IconStyle>
    </Style>
    <Point>
      <coordinates>140.152323265848,37.0159424338228,403.634156016291</coordinates>
      <altitudeMode>absolute</altitudeMode>
    </Point>
  </Placemark>

  <Placemark>
    <Style>
      <IconStyle>
        <scale>0.892545454545454</scale>
        <color>FFB3984C</color>
        <Icon>
          <href>http://maps.google.com/mapfiles/kml/shapes/placemark_circle.png</href>
        </Icon>
      </IconStyle>
    </Style>
    <Point>
      <coordinates>140.15233852412,37.0159186395544,403.734156019491</coordinates>
      <altitudeMode>absolute</altitudeMode>
    </Point>
  </Placemark>

  <Placemark>
    <Style>
      <IconStyle>
        <scale>0.86</scale>
        <color>FFB69249</color>
        <Icon>
          <href>http://maps.google.com/mapfiles/kml/shapes/placemark_circle.png</href>
        </Icon>
      </IconStyle>
    </Style>
    <Point>
      <coordinates>140.152365744844,37.0158763649418,403.634156016291</coordinates>
      <altitudeMode>absolute</altitudeMode>
    </Point>
  </Placemark>

  <Placemark>
    <Style>
      <IconStyle>
        <scale>0.922181818181818</scale>
        <color>FFB19D4E</color>
        <Icon>
          <href>http://maps.google.com/mapfiles/kml/shapes/placemark_circle.png</href>
        </Icon>
      </IconStyle>
    </Style>
    <Point>
      <coordinates>140.152396524538,37.0158292174789,403.734156019491</coordinates>
      <altitudeMode>absolute</altitudeMode>
    </Point>
  </Placemark>

  <Placemark>
    <Style>
      <IconStyle>
        <scale>0.954545454545454</scale>
        <color>FFAEA251</color>
        <Icon>
          <href>http://maps.google.com/mapfiles/kml/shapes/placemark_circle.png</href>
        </Icon>
      </IconStyle>
    </Style>
    <Point>
      <coordinates>140.15242271137,37.015789844043,403.934156025891</coordinates>
      <altitudeMode>absolute</altitudeMode>
    </Point>
  </Placemark>

  <Placemark>
    <Style>
      <IconStyle>
        <scale>1.03654545454545</scale>
        <color>FFA7B058</color>
        <Icon>
          <href>http://maps.google.com/mapfiles/kml/shapes/placemark_circle.png</href>
        </Icon>
      </IconStyle>
    </Style>
    <Point>
      <coordinates>140.152443655446,37.0157555912015,404.534156045091</coordinates>
      <altitudeMode>absolute</altitudeMode>
    </Point>
  </Placemark>

  <Placemark>
    <Style>
      <IconStyle>
        <scale>1.18690909090909</scale>
        <color>FF9ACA65</color>
        <Icon>
          <href>http://maps.google.com/mapfiles/kml/shapes/placemark_circle.png</href>
        </Icon>
      </IconStyle>
    </Style>
    <Point>
      <coordinates>140.152461692163,37.0157281189431,405.134156064291</coordinates>
      <altitudeMode>absolute</altitudeMode>
    </Point>
  </Placemark>

  <Placemark>
    <Style>
      <IconStyle>
        <scale>1.10945454545455</scale>
        <color>FFA1BD5E</color>
        <Icon>
          <href>http://maps.google.com/mapfiles/kml/shapes/placemark_circle.png</href>
        </Icon>
      </IconStyle>
    </Style>
    <Point>
      <coordinates>140.152475882211,37.0157033436353,405.034156061091</coordinates>
      <altitudeMode>absolute</altitudeMode>
    </Point>
  </Placemark>

  <Placemark>
    <Style>
      <IconStyle>
        <scale>1.206</scale>
        <color>FF98CD67</color>
        <Icon>
          <href>http://maps.google.com/mapfiles/kml/shapes/placemark_circle.png</href>
        </Icon>
      </IconStyle>
    </Style>
    <Point>
      <coordinates>140.152487685366,37.0156819708178,404.434156041891</coordinates>
      <altitudeMode>absolute</altitudeMode>
    </Point>
  </Placemark>

  <Placemark>
    <Style>
      <IconStyle>
        <scale>1.094</scale>
        <color>FFA2BA5D</color>
        <Icon>
          <href>http://maps.google.com/mapfiles/kml/shapes/placemark_circle.png</href>
        </Icon>
      </IconStyle>
    </Style>
    <Point>
      <coordinates>140.152496844826,37.0156662290231,404.134156032291</coordinates>
      <altitudeMode>absolute</altitudeMode>
    </Point>
  </Placemark>

  <Placemark>
    <Style>
      <IconStyle>
        <scale>0.868181818181818</scale>
        <color>FFB5944A</color>
        <Icon>
          <href>http://maps.google.com/mapfiles/kml/shapes/placemark_circle.png</href>
        </Icon>
      </IconStyle>
    </Style>
    <Point>
      <coordinates>140.152504725783,37.0156540533053,403.634156016291</coordinates>
      <altitudeMode>absolute</altitudeMode>
    </Point>
  </Placemark>

  <Placemark>
    <Style>
      <IconStyle>
        <scale>1.02636363636364</scale>
        <color>FFA8AE57</color>
        <Icon>
          <href>http://maps.google.com/mapfiles/kml/shapes/placemark_circle.png</href>
        </Icon>
      </IconStyle>
    </Style>
    <Point>
      <coordinates>140.15251158332,37.015643392973,403.234156003491</coordinates>
      <altitudeMode>absolute</altitudeMode>
    </Point>
  </Placemark>

  <Placemark>
    <Style>
      <IconStyle>
        <scale>1.13509090909091</scale>
        <color>FF9FC160</color>
        <Icon>
          <href>http://maps.google.com/mapfiles/kml/shapes/placemark_circle.png</href>
        </Icon>
      </IconStyle>
    </Style>
    <Point>
      <coordinates>140.152518453387,37.015634569717,402.934155993891</coordinates>
      <altitudeMode>absolute</altitudeMode>
    </Point>
  </Placemark>

  <Placemark>
    <Style>
      <IconStyle>
        <scale>1.11254545454545</scale>
        <color>FFA0BD5F</color>
        <Icon>
          <href>http://maps.google.com/mapfiles/kml/shapes/placemark_circle.png</href>
        </Icon>
      </IconStyle>
    </Style>
    <Point>
      <coordinates>140.152524118936,37.0156254190137,402.834155990691</coordinates>
      <altitudeMode>absolute</altitudeMode>
    </Point>
  </Placemark>

  <Placemark>
    <Style>
      <IconStyle>
        <scale>1.16127272727273</scale>
        <color>FF9CC563</color>
        <Icon>
          <href>http://maps.google.com/mapfiles/kml/shapes/placemark_circle.png</href>
        </Icon>
      </IconStyle>
    </Style>
    <Point>
      <coordinates>140.152528836936,37.0156178202922,402.434155977891</coordinates>
      <altitudeMode>absolute</altitudeMode>
    </Point>
  </Placemark>

  <Placemark>
    <Style>
      <IconStyle>
        <scale>1.19745454545455</scale>
        <color>FF99CC66</color>
        <Icon>
          <href>http://maps.google.com/mapfiles/kml/shapes/placemark_circle.png</href>
        </Icon>
      </IconStyle>
    </Style>
    <Point>
      <coordinates>140.152533655699,37.0156095136324,402.134155968291</coordinates>
      <altitudeMode>absolute</altitudeMode>
    </Point>
  </Placemark>

  <Placemark>
    <Style>
      <IconStyle>
        <scale>1.16236363636364</scale>
        <color>FF9CC663</color>
        <Icon>
          <href>http://maps.google.com/mapfiles/kml/shapes/placemark_circle.png</href>
        </Icon>
      </IconStyle>
    </Style>
    <Point>
      <coordinates>140.152539523974,37.0156009103649,401.834155958691</coordinates>
      <altitudeMode>absolute</altitudeMode>
    </Point>
  </Placemark>

  <Placemark>
    <Style>
      <IconStyle>
        <scale>1.07036363636364</scale>
        <color>FFA4B65B</color>
        <Icon>
          <href>http://maps.google.com/mapfiles/kml/shapes/placemark_circle.png</href>
        </Icon>
      </IconStyle>
    </Style>
    <Point>
      <coordinates>140.15254669633,37.0155906099642,401.634155952291</coordinates>
      <altitudeMode>absolute</altitudeMode>
    </Point>
  </Placemark>

  <Placemark>
    <Style>
      <IconStyle>
        <scale>1.11927272727273</scale>
        <color>FFA0BE5F</color>
        <Icon>
          <href>http://maps.google.com/mapfiles/kml/shapes/placemark_circle.png</href>
        </Icon>
      </IconStyle>
    </Style>
    <Point>
      <coordinates>140.152554727316,37.0155778927043,401.634155952291</coordinates>
      <altitudeMode>absolute</altitudeMode>
    </Point>
  </Placemark>

  <Placemark>
    <Style>
      <IconStyle>
        <scale>1.04036363636364</scale>
        <color>FFA7B158</color>
        <Icon>
          <href>http://maps.google.com/mapfiles/kml/shapes/placemark_circle.png</href>
        </Icon>
      </IconStyle>
    </Style>
    <Point>
      <coordinates>140.152564361752,37.0155651239767,401.634155952291</coordinates>
      <altitudeMode>absolute</altitudeMode>
    </Point>
  </Placemark>

  <Placemark>
    <Style>
      <IconStyle>
        <scale>1.07381818181818</scale>
        <color>FFA4B75B</color>
        <Icon>
          <href>http://maps.google.com/mapfiles/kml/shapes/placemark_circle.png</href>
        </Icon>
      </IconStyle>
    </Style>
    <Point>
      <coordinates>140.152573448773,37.0155523268768,401.934155961891</coordinates>
      <altitudeMode>absolute</altitudeMode>
    </Point>
  </Placemark>

  <Placemark>
    <Style>
      <IconStyle>
        <scale>1.05945454545455</scale>
        <color>FFA5B45A</color>
        <Icon>
          <href>http://maps.google.com/mapfiles/kml/shapes/placemark_circle.png</href>
        </Icon>
      </IconStyle>
    </Style>
    <Point>
      <coordinates>140.152582762039,37.0155408468986,402.134155968291</coordinates>
      <altitudeMode>absolute</altitudeMode>
    </Point>
  </Placemark>

  <Placemark>
    <Style>
      <IconStyle>
        <scale>0.822</scale>
        <color>FFB98C46</color>
        <Icon>
          <href>http://maps.google.com/mapfiles/kml/shapes/placemark_circle.png</href>
        </Icon>
      </IconStyle>
    </Style>
    <Point>
      <coordinates>140.152589935253,37.0155295908153,402.234155971491</coordinates>
      <altitudeMode>absolute</altitudeMode>
    </Point>
  </Placemark>

  <Placemark>
    <Style>
      <IconStyle>
        <scale>0.720545454545454</scale>
        <color>FFC27A3D</color>
        <Icon>
          <href>http://maps.google.com/mapfiles/kml/shapes/placemark_circle.png</href>
        </Icon>
      </IconStyle>
    </Style>
    <Point>
      <coordinates>140.152596664733,37.0155188922421,402.134155968291</coordinates>
      <altitudeMode>absolute</altitudeMode>
    </Point>
  </Placemark>

  <Placemark>
    <Style>
      <IconStyle>
        <scale>0.609818181818182</scale>
        <color>FFCB6834</color>
        <Icon>
          <href>http://maps.google.com/mapfiles/kml/shapes/placemark_circle.png</href>
        </Icon>
      </IconStyle>
    </Style>
    <Point>
      <coordinates>140.152603800526,37.0155077220983,402.034155965091</coordinates>
      <altitudeMode>absolute</altitudeMode>
    </Point>
  </Placemark>

  <Placemark>
    <Style>
      <IconStyle>
        <scale>0.48</scale>
        <color>FFD65229</color>
        <Icon>
          <href>http://maps.google.com/mapfiles/kml/shapes/placemark_circle.png</href>
        </Icon>
      </IconStyle>
    </Style>
    <Point>
      <coordinates>140.152610479711,37.0154951831937,402.134155968291</coordinates>
      <altitudeMode>absolute</altitudeMode>
    </Point>
  </Placemark>

  <Placemark>
    <Style>
      <IconStyle>
        <scale>0.405636363636364</scale>
        <color>FFDD4522</color>
        <Icon>
          <href>http://maps.google.com/mapfiles/kml/shapes/placemark_circle.png</href>
        </Icon>
      </IconStyle>
    </Style>
    <Point>
      <coordinates>140.152617153231,37.0154841682755,402.234155971491</coordinates>
      <altitudeMode>absolute</altitudeMode>
    </Point>
  </Placemark>

  <Placemark>
    <Style>
      <IconStyle>
        <scale>0.340181818181818</scale>
        <color>FFE23A1D</color>
        <Icon>
          <href>http://maps.google.com/mapfiles/kml/shapes/placemark_circle.png</href>
        </Icon>
      </IconStyle>
    </Style>
    <Point>
      <coordinates>140.15262424096,37.0154728453047,402.134155968291</coordinates>
      <altitudeMode>absolute</altitudeMode>
    </Point>
  </Placemark>

  <Placemark>
    <Style>
      <IconStyle>
        <scale>0.312909090909091</scale>
        <color>FFE4351B</color>
        <Icon>
          <href>http://maps.google.com/mapfiles/kml/shapes/placemark_circle.png</href>
        </Icon>
      </IconStyle>
    </Style>
    <Point>
      <coordinates>140.152631366281,37.0154622598783,401.934155961891</coordinates>
      <altitudeMode>absolute</altitudeMode>
    </Point>
  </Placemark>

  <Placemark>
    <Style>
      <IconStyle>
        <scale>0.276181818181818</scale>
        <color>FFE82F17</color>
        <Icon>
          <href>http://maps.google.com/mapfiles/kml/shapes/placemark_circle.png</href>
        </Icon>
      </IconStyle>
    </Style>
    <Point>
      <coordinates>140.152639182867,37.015452459489,402.034155965091</coordinates>
      <altitudeMode>absolute</altitudeMode>
    </Point>
  </Placemark>

  <Placemark>
    <Style>
      <IconStyle>
        <scale>0.253636363636364</scale>
        <color>FFE92B16</color>
        <Icon>
          <href>http://maps.google.com/mapfiles/kml/shapes/placemark_circle.png</href>
        </Icon>
      </IconStyle>
    </Style>
    <Point>
      <coordinates>140.152646650817,37.0154425861814,402.034155965091</coordinates>
      <altitudeMode>absolute</altitudeMode>
    </Point>
  </Placemark>

  <Placemark>
    <Style>
      <IconStyle>
        <scale>0.217272727272727</scale>
        <color>FFED2512</color>
        <Icon>
          <href>http://maps.google.com/mapfiles/kml/shapes/placemark_circle.png</href>
        </Icon>
      </IconStyle>
    </Style>
    <Point>
      <coordinates>140.152653060156,37.0154333414518,401.934155961891</coordinates>
      <altitudeMode>absolute</altitudeMode>
    </Point>
  </Placemark>

  <Placemark>
    <Style>
      <IconStyle>
        <scale>0.22</scale>
        <color>FFEC2513</color>
        <Icon>
          <href>http://maps.google.com/mapfiles/kml/shapes/placemark_circle.png</href>
        </Icon>
      </IconStyle>
    </Style>
    <Point>
      <coordinates>140.152660915021,37.0154223408226,401.834155958691</coordinates>
      <altitudeMode>absolute</altitudeMode>
    </Point>
  </Placemark>

  <Placemark>
    <Style>
      <IconStyle>
        <scale>0.216909090909091</scale>
        <color>FFED2512</color>
        <Icon>
          <href>http://maps.google.com/mapfiles/kml/shapes/placemark_circle.png</href>
        </Icon>
      </IconStyle>
    </Style>
    <Point>
      <coordinates>140.152669905056,37.0154078748933,401.634155952291</coordinates>
      <altitudeMode>absolute</altitudeMode>
    </Point>
  </Placemark>

  <Placemark>
    <Style>
      <IconStyle>
        <scale>0.186727272727273</scale>
        <color>FFEF2010</color>
        <Icon>
          <href>http://maps.google.com/mapfiles/kml/shapes/placemark_circle.png</href>
        </Icon>
      </IconStyle>
    </Style>
    <Point>
      <coordinates>140.1526791488,37.0153922756457,401.734155955491</coordinates>
      <altitudeMode>absolute</altitudeMode>
    </Point>
  </Placemark>

  <Placemark>
    <Style>
      <IconStyle>
        <scale>0.180909090909091</scale>
        <color>FFF01F0F</color>
        <Icon>
          <href>http://maps.google.com/mapfiles/kml/shapes/placemark_circle.png</href>
        </Icon>
      </IconStyle>
    </Style>
    <Point>
      <coordinates>140.152688603855,37.015377393931,401.934155961891</coordinates>
      <altitudeMode>absolute</altitudeMode>
    </Point>
  </Placemark>

  <Placemark>
    <Style>
      <IconStyle>
        <scale>0.181636363636363</scale>
        <color>FFF01F0F</color>
        <Icon>
          <href>http://maps.google.com/mapfiles/kml/shapes/placemark_circle.png</href>
        </Icon>
      </IconStyle>
    </Style>
    <Point>
      <coordinates>140.15269850024,37.0153595186924,401.734155955491</coordinates>
      <altitudeMode>absolute</altitudeMode>
    </Point>
  </Placemark>

  <Placemark>
    <Style>
      <IconStyle>
        <scale>0.268727272727273</scale>
        <color>FFE82E17</color>
        <Icon>
          <href>http://maps.google.com/mapfiles/kml/shapes/placemark_circle.png</href>
        </Icon>
      </IconStyle>
    </Style>
    <Point>
      <coordinates>140.152708471296,37.0153417419346,401.534155949091</coordinates>
      <altitudeMode>absolute</altitudeMode>
    </Point>
  </Placemark>

  <Placemark>
    <Style>
      <IconStyle>
        <scale>0.347636363636364</scale>
        <color>FFE13B1E</color>
        <Icon>
          <href>http://maps.google.com/mapfiles/kml/shapes/placemark_circle.png</href>
        </Icon>
      </IconStyle>
    </Style>
    <Point>
      <coordinates>140.152717495147,37.0153255220588,401.534155949091</coordinates>
      <altitudeMode>absolute</altitudeMode>
    </Point>
  </Placemark>

  <Placemark>
    <Style>
      <IconStyle>
        <scale>0.394545454545455</scale>
        <color>FFDD4322</color>
        <Icon>
          <href>http://maps.google.com/mapfiles/kml/shapes/placemark_circle.png</href>
        </Icon>
      </IconStyle>
    </Style>
    <Point>
      <coordinates>140.152718989596,37.0153227250168,401.634155952291</coordinates>
      <altitudeMode>absolute</altitudeMode>
    </Point>
  </Placemark>

  <Placemark>
    <Style>
      <IconStyle>
        <scale>0.51</scale>
        <color>FFD4572B</color>
        <Icon>
          <href>http://maps.google.com/mapfiles/kml/shapes/placemark_circle.png</href>
        </Icon>
      </IconStyle>
    </Style>
    <Point>
      <coordinates>140.152718488528,37.0153225615674,401.734155955491</coordinates>
      <altitudeMode>absolute</altitudeMode>
    </Point>
  </Placemark>

  <Placemark>
    <Style>
      <IconStyle>
        <scale>0.515818181818182</scale>
        <color>FFD3582C</color>
        <Icon>
          <href>http://maps.google.com/mapfiles/kml/shapes/placemark_circle.png</href>
        </Icon>
      </IconStyle>
    </Style>
    <Point>
      <coordinates>140.152719440368,37.0153218834405,402.034155965091</coordinates>
      <altitudeMode>absolute</altitudeMode>
    </Point>
  </Placemark>

  <Placemark>
    <Style>
      <IconStyle>
        <scale>0.523454545454545</scale>
        <color>FFD3592C</color>
        <Icon>
          <href>http://maps.google.com/mapfiles/kml/shapes/placemark_circle.png</href>
        </Icon>
      </IconStyle>
    </Style>
    <Point>
      <coordinates>140.152712367573,37.015319450956,402.034155965091</coordinates>
      <altitudeMode>absolute</altitudeMode>
    </Point>
  </Placemark>

  <Placemark>
    <Style>
      <IconStyle>
        <scale>0.587818181818182</scale>
        <color>FFCD6432</color>
        <Icon>
          <href>http://maps.google.com/mapfiles/kml/shapes/placemark_circle.png</href>
        </Icon>
      </IconStyle>
    </Style>
    <Point>
      <coordinates>140.152699041132,37.0153135663295,402.434155977891</coordinates>
      <altitudeMode>absolute</altitudeMode>
    </Point>
  </Placemark>

  <Placemark>
    <Style>
      <IconStyle>
        <scale>0.716727272727273</scale>
        <color>FFC27A3D</color>
        <Icon>
          <href>http://maps.google.com/mapfiles/kml/shapes/placemark_circle.png</href>
        </Icon>
      </IconStyle>
    </Style>
    <Point>
      <coordinates>140.15267707621,37.0153047666828,402.634155984291</coordinates>
      <altitudeMode>absolute</altitudeMode>
    </Point>
  </Placemark>

  <Placemark>
    <Style>
      <IconStyle>
        <scale>0.854</scale>
        <color>FFB69149</color>
        <Icon>
          <href>http://maps.google.com/mapfiles/kml/shapes/placemark_circle.png</href>
        </Icon>
      </IconStyle>
    </Style>
    <Point>
      <coordinates>140.152651504426,37.0152932598057,402.734155987491</coordinates>
      <altitudeMode>absolute</altitudeMode>
    </Point>
  </Placemark>

  <Placemark>
    <Style>
      <IconStyle>
        <scale>0.961818181818182</scale>
        <color>FFADA452</color>
        <Icon>
          <href>http://maps.google.com/mapfiles/kml/shapes/placemark_circle.png</href>
        </Icon>
      </IconStyle>
    </Style>
    <Point>
      <coordinates>140.152624146376,37.0152836851104,402.534155981091</coordinates>
      <altitudeMode>absolute</altitudeMode>
    </Point>
  </Placemark>

  <Placemark>
    <Style>
      <IconStyle>
        <scale>1.03563636363636</scale>
        <color>FFA7B058</color>
        <Icon>
          <href>http://maps.google.com/mapfiles/kml/shapes/placemark_circle.png</href>
        </Icon>
      </IconStyle>
    </Style>
    <Point>
      <coordinates>140.152597558724,37.0152743097069,401.934155961891</coordinates>
      <altitudeMode>absolute</altitudeMode>
    </Point>
  </Placemark>

  <Placemark>
    <Style>
      <IconStyle>
        <scale>0.960909090909091</scale>
        <color>FFADA352</color>
        <Icon>
          <href>http://maps.google.com/mapfiles/kml/shapes/placemark_circle.png</href>
        </Icon>
      </IconStyle>
    </Style>
    <Point>
      <coordinates>140.152573663345,37.015265953858,401.234155939491</coordinates>
      <altitudeMode>absolute</altitudeMode>
    </Point>
  </Placemark>

  <Placemark>
    <Style>
      <IconStyle>
        <scale>1.07109090909091</scale>
        <color>FFA4B65B</color>
        <Icon>
          <href>http://maps.google.com/mapfiles/kml/shapes/placemark_circle.png</href>
        </Icon>
      </IconStyle>
    </Style>
    <Point>
      <coordinates>140.1525512952,37.015258249614,400.234155907491</coordinates>
      <altitudeMode>absolute</altitudeMode>
    </Point>
  </Placemark>

  <Placemark>
    <Style>
      <IconStyle>
        <scale>1.19636363636364</scale>
        <color>FF99CB66</color>
        <Icon>
          <href>http://maps.google.com/mapfiles/kml/shapes/placemark_circle.png</href>
        </Icon>
      </IconStyle>
    </Style>
    <Point>
      <coordinates>140.152529176646,37.0152512147248,399.334155878691</coordinates>
      <altitudeMode>absolute</altitudeMode>
    </Point>
  </Placemark>

  <Placemark>
    <Style>
      <IconStyle>
        <scale>1.07745454545455</scale>
        <color>FFA3B75C</color>
        <Icon>
          <href>http://maps.google.com/mapfiles/kml/shapes/placemark_circle.png</href>
        </Icon>
      </IconStyle>
    </Style>
    <Point>
      <coordinates>140.152505227366,37.0152431628337,398.434155849891</coordinates>
      <altitudeMode>absolute</altitudeMode>
    </Point>
  </Placemark>

  <Placemark>
    <Style>
      <IconStyle>
        <scale>1.04454545454546</scale>
        <color>FFA6B259</color>
        <Icon>
          <href>http://maps.google.com/mapfiles/kml/shapes/placemark_circle.png</href>
        </Icon>
      </IconStyle>
    </Style>
    <Point>
      <coordinates>140.152479728536,37.0152340098688,397.434155817891</coordinates>
      <altitudeMode>absolute</altitudeMode>
    </Point>
  </Placemark>

  <Placemark>
    <Style>
      <IconStyle>
        <scale>1.04781818181818</scale>
        <color>FFA6B259</color>
        <Icon>
          <href>http://maps.google.com/mapfiles/kml/shapes/placemark_circle.png</href>
        </Icon>
      </IconStyle>
    </Style>
    <Point>
      <coordinates>140.152453236154,37.0152241027234,396.334155782691</coordinates>
      <altitudeMode>absolute</altitudeMode>
    </Point>
  </Placemark>

  <Placemark>
    <Style>
      <IconStyle>
        <scale>1.04272727272727</scale>
        <color>FFA6B159</color>
        <Icon>
          <href>http://maps.google.com/mapfiles/kml/shapes/placemark_circle.png</href>
        </Icon>
      </IconStyle>
    </Style>
    <Point>
      <coordinates>140.152427083481,37.0152143847956,395.234155747491</coordinates>
      <altitudeMode>absolute</altitudeMode>
    </Point>
  </Placemark>

  <Placemark>
    <Style>
      <IconStyle>
        <scale>0.906909090909092</scale>
        <color>FFB29A4D</color>
        <Icon>
          <href>http://maps.google.com/mapfiles/kml/shapes/placemark_circle.png</href>
        </Icon>
      </IconStyle>
    </Style>
    <Point>
      <coordinates>140.152403030006,37.0152051979416,394.234155715491</coordinates>
      <altitudeMode>absolute</altitudeMode>
    </Point>
  </Placemark>

  <Placemark>
    <Style>
      <IconStyle>
        <scale>0.785272727272729</scale>
        <color>FFBC8543</color>
        <Icon>
          <href>http://maps.google.com/mapfiles/kml/shapes/placemark_circle.png</href>
        </Icon>
      </IconStyle>
    </Style>
    <Point>
      <coordinates>140.152380858237,37.0151966884948,393.434155689891</coordinates>
      <altitudeMode>absolute</altitudeMode>
    </Point>
  </Placemark>

  <Placemark>
    <Style>
      <IconStyle>
        <scale>0.673272727272729</scale>
        <color>FFC67239</color>
        <Icon>
          <href>http://maps.google.com/mapfiles/kml/shapes/placemark_circle.png</href>
        </Icon>
      </IconStyle>
    </Style>
    <Point>
      <coordinates>140.152359839662,37.0151886341708,392.034155645091</coordinates>
      <altitudeMode>absolute</altitudeMode>
    </Point>
  </Placemark>

  <Placemark>
    <Style>
      <IconStyle>
        <scale>0.581636363636365</scale>
        <color>FFCE6331</color>
        <Icon>
          <href>http://maps.google.com/mapfiles/kml/shapes/placemark_circle.png</href>
        </Icon>
      </IconStyle>
    </Style>
    <Point>
      <coordinates>140.15233906278,37.0151813742215,390.434155593891</coordinates>
      <altitudeMode>absolute</altitudeMode>
    </Point>
  </Placemark>

  <Placemark>
    <Style>
      <IconStyle>
        <scale>0.594727272727274</scale>
        <color>FFCC6533</color>
        <Icon>
          <href>http://maps.google.com/mapfiles/kml/shapes/placemark_circle.png</href>
        </Icon>
      </IconStyle>
    </Style>
    <Point>
      <coordinates>140.152319349831,37.0151740598405,389.234155555491</coordinates>
      <altitudeMode>absolute</altitudeMode>
    </Point>
  </Placemark>

  <Placemark>
    <Style>
      <IconStyle>
        <scale>0.43309090909091</scale>
        <color>FFDA4A25</color>
        <Icon>
          <href>http://maps.google.com/mapfiles/kml/shapes/placemark_circle.png</href>
        </Icon>
      </IconStyle>
    </Style>
    <Point>
      <coordinates>140.152300523147,37.0151663948998,388.134155520291</coordinates>
      <altitudeMode>absolute</altitudeMode>
    </Point>
  </Placemark>

  <Placemark>
    <Style>
      <IconStyle>
        <scale>0.238363636363637</scale>
        <color>FFEB2914</color>
        <Icon>
          <href>http://maps.google.com/mapfiles/kml/shapes/placemark_circle.png</href>
        </Icon>
      </IconStyle>
    </Style>
    <Point>
      <coordinates>140.152282157879,37.0151584962468,387.034155485091</coordinates>
      <altitudeMode>absolute</altitudeMode>
    </Point>
  </Placemark>

  <Placemark>
    <Style>
      <IconStyle>
        <scale>0.258545454545456</scale>
        <color>FFE92C16</color>
        <Icon>
          <href>http://maps.google.com/mapfiles/kml/shapes/placemark_circle.png</href>
        </Icon>
      </IconStyle>
    </Style>
    <Point>
      <coordinates>140.152264459155,37.0151519226312,385.834155446691</coordinates>
      <altitudeMode>absolute</altitudeMode>
    </Point>
  </Placemark>

  <Placemark>
    <Style>
      <IconStyle>
        <scale>0.28709090909091</scale>
        <color>FFE73118</color>
        <Icon>
          <href>http://maps.google.com/mapfiles/kml/shapes/placemark_circle.png</href>
        </Icon>
      </IconStyle>
    </Style>
    <Point>
      <coordinates>140.152248617935,37.0151451270052,384.934155417891</coordinates>
      <altitudeMode>absolute</altitudeMode>
    </Point>
  </Placemark>

  <Placemark>
    <Style>
      <IconStyle>
        <scale>0.405272727272728</scale>
        <color>FFDD4522</color>
        <Icon>
          <href>http://maps.google.com/mapfiles/kml/shapes/placemark_circle.png</href>
        </Icon>
      </IconStyle>
    </Style>
    <Point>
      <coordinates>140.152232260199,37.0151389172787,383.834155382691</coordinates>
      <altitudeMode>absolute</altitudeMode>
    </Point>
  </Placemark>

  <Placemark>
    <Style>
      <IconStyle>
        <scale>0.367454545454546</scale>
        <color>FFE03E1F</color>
        <Icon>
          <href>http://maps.google.com/mapfiles/kml/shapes/placemark_circle.png</href>
        </Icon>
      </IconStyle>
    </Style>
    <Point>
      <coordinates>140.152216059357,37.0151331187374,382.634155344291</coordinates>
      <altitudeMode>absolute</altitudeMode>
    </Point>
  </Placemark>

  <Placemark>
    <Style>
      <IconStyle>
        <scale>0.383818181818182</scale>
        <color>FFDE4121</color>
        <Icon>
          <href>http://maps.google.com/mapfiles/kml/shapes/placemark_circle.png</href>
        </Icon>
      </IconStyle>
    </Style>
    <Point>
      <coordinates>140.152199383196,37.0151270837083,381.634155312291</coordinates>
      <altitudeMode>absolute</altitudeMode>
    </Point>
  </Placemark>

  <Placemark>
    <Style>
      <IconStyle>
        <scale>0.578363636363637</scale>
        <color>FFCE6231</color>
        <Icon>
          <href>http://maps.google.com/mapfiles/kml/shapes/placemark_circle.png</href>
        </Icon>
      </IconStyle>
    </Style>
    <Point>
      <coordinates>140.152182600436,37.0151205783593,380.834155286691</coordinates>
      <altitudeMode>absolute</altitudeMode>
    </Point>
  </Placemark>

  <Placemark>
    <Style>
      <IconStyle>
        <scale>0.611454545454545</scale>
        <color>FFCB6834</color>
        <Icon>
          <href>http://maps.google.com/mapfiles/kml/shapes/placemark_circle.png</href>
        </Icon>
      </IconStyle>
    </Style>
    <Point>
      <coordinates>140.152164907892,37.0151124647206,380.134155264291</coordinates>
      <altitudeMode>absolute</altitudeMode>
    </Point>
  </Placemark>

  <Placemark>
    <Style>
      <IconStyle>
        <scale>0.633090909090909</scale>
        <color>FFC96C36</color>
        <Icon>
          <href>http://maps.google.com/mapfiles/kml/shapes/placemark_circle.png</href>
        </Icon>
      </IconStyle>
    </Style>
    <Point>
      <coordinates>140.152146723378,37.015103791456,379.434155241891</coordinates>
      <altitudeMode>absolute</altitudeMode>
    </Point>
  </Placemark>

  <Placemark>
    <Style>
      <IconStyle>
        <scale>0.627818181818182</scale>
        <color>FFCA6B35</color>
        <Icon>
          <href>http://maps.google.com/mapfiles/kml/shapes/placemark_circle.png</href>
        </Icon>
      </IconStyle>
    </Style>
    <Point>
      <coordinates>140.152129641763,37.0150946385854,378.834155222691</coordinates>
      <altitudeMode>absolute</altitudeMode>
    </Point>
  </Placemark>

  <Placemark>
    <Style>
      <IconStyle>
        <scale>0.616</scale>
        <color>FFCB6934</color>
        <Icon>
          <href>http://maps.google.com/mapfiles/kml/shapes/placemark_circle.png</href>
        </Icon>
      </IconStyle>
    </Style>
    <Point>
      <coordinates>140.152111182083,37.0150873831078,378.234155203491</coordinates>
      <altitudeMode>absolute</altitudeMode>
    </Point>
  </Placemark>

  <Placemark>
    <Style>
      <IconStyle>
        <scale>0.663818181818182</scale>
        <color>FFC77138</color>
        <Icon>
          <href>http://maps.google.com/mapfiles/kml/shapes/placemark_circle.png</href>
        </Icon>
      </IconStyle>
    </Style>
    <Point>
      <coordinates>140.152091725761,37.0150813453374,377.234155171491</coordinates>
      <altitudeMode>absolute</altitudeMode>
    </Point>
  </Placemark>

  <Placemark>
    <Style>
      <IconStyle>
        <scale>0.668181818181818</scale>
        <color>FFC67239</color>
        <Icon>
          <href>http://maps.google.com/mapfiles/kml/shapes/placemark_circle.png</href>
        </Icon>
      </IconStyle>
    </Style>
    <Point>
      <coordinates>140.152072784239,37.0150747025127,376.134155136291</coordinates>
      <altitudeMode>absolute</altitudeMode>
    </Point>
  </Placemark>

  <Placemark>
    <Style>
      <IconStyle>
        <scale>0.736363636363636</scale>
        <color>FFC07D3F</color>
        <Icon>
          <href>http://maps.google.com/mapfiles/kml/shapes/placemark_circle.png</href>
        </Icon>
      </IconStyle>
    </Style>
    <Point>
      <coordinates>140.152054806229,37.0150664112855,375.334155110691</coordinates>
      <altitudeMode>absolute</altitudeMode>
    </Point>
  </Placemark>

  <Placemark>
    <Style>
      <IconStyle>
        <scale>0.647454545454545</scale>
        <color>FFC86E37</color>
        <Icon>
          <href>http://maps.google.com/mapfiles/kml/shapes/placemark_circle.png</href>
        </Icon>
      </IconStyle>
    </Style>
    <Point>
      <coordinates>140.152038350991,37.0150576477082,374.734155091491</coordinates>
      <altitudeMode>absolute</altitudeMode>
    </Point>
  </Placemark>

  <Placemark>
    <Style>
      <IconStyle>
        <scale>0.625090909090909</scale>
        <color>FFCA6A35</color>
        <Icon>
          <href>http://maps.google.com/mapfiles/kml/shapes/placemark_circle.png</href>
        </Icon>
      </IconStyle>
    </Style>
    <Point>
      <coordinates>140.152021449101,37.0150485528801,374.434155081891</coordinates>
      <altitudeMode>absolute</altitudeMode>
    </Point>
  </Placemark>

  <Placemark>
    <Style>
      <IconStyle>
        <scale>0.647090909090909</scale>
        <color>FFC86E37</color>
        <Icon>
          <href>http://maps.google.com/mapfiles/kml/shapes/placemark_circle.png</href>
        </Icon>
      </IconStyle>
    </Style>
    <Point>
      <coordinates>140.152003206396,37.0150414391059,373.634155056291</coordinates>
      <altitudeMode>absolute</altitudeMode>
    </Point>
  </Placemark>

  <Placemark>
    <Style>
      <IconStyle>
        <scale>0.436909090909091</scale>
        <color>FFDA4A25</color>
        <Icon>
          <href>http://maps.google.com/mapfiles/kml/shapes/placemark_circle.png</href>
        </Icon>
      </IconStyle>
    </Style>
    <Point>
      <coordinates>140.151983554727,37.0150338528638,372.734155027491</coordinates>
      <altitudeMode>absolute</altitudeMode>
    </Point>
  </Placemark>

  <Placemark>
    <Style>
      <IconStyle>
        <scale>0.476909090909091</scale>
        <color>FFD65129</color>
        <Icon>
          <href>http://maps.google.com/mapfiles/kml/shapes/placemark_circle.png</href>
        </Icon>
      </IconStyle>
    </Style>
    <Point>
      <coordinates>140.151962147349,37.0150275896886,371.734154995491</coordinates>
      <altitudeMode>absolute</altitudeMode>
    </Point>
  </Placemark>

  <Placemark>
    <Style>
      <IconStyle>
        <scale>0.481454545454546</scale>
        <color>FFD65229</color>
        <Icon>
          <href>http://maps.google.com/mapfiles/kml/shapes/placemark_circle.png</href>
        </Icon>
      </IconStyle>
    </Style>
    <Point>
      <coordinates>140.15193622504,37.0150172936954,370.734154963491</coordinates>
      <altitudeMode>absolute</altitudeMode>
    </Point>
  </Placemark>

  <Placemark>
    <Style>
      <IconStyle>
        <scale>0.461636363636364</scale>
        <color>FFD84E27</color>
        <Icon>
          <href>http://maps.google.com/mapfiles/kml/shapes/placemark_circle.png</href>
        </Icon>
      </IconStyle>
    </Style>
    <Point>
      <coordinates>140.151909718754,37.0150055754165,369.934154937891</coordinates>
      <altitudeMode>absolute</altitudeMode>
    </Point>
  </Placemark>

  <Placemark>
    <Style>
      <IconStyle>
        <scale>0.477818181818182</scale>
        <color>FFD65129</color>
        <Icon>
          <href>http://maps.google.com/mapfiles/kml/shapes/placemark_circle.png</href>
        </Icon>
      </IconStyle>
    </Style>
    <Point>
      <coordinates>140.151883571574,37.0149942881066,369.134154912291</coordinates>
      <altitudeMode>absolute</altitudeMode>
    </Point>
  </Placemark>

  <Placemark>
    <Style>
      <IconStyle>
        <scale>0.458000000000001</scale>
        <color>FFD84E27</color>
        <Icon>
          <href>http://maps.google.com/mapfiles/kml/shapes/placemark_circle.png</href>
        </Icon>
      </IconStyle>
    </Style>
    <Point>
      <coordinates>140.151858133683,37.0149853807941,368.234154883491</coordinates>
      <altitudeMode>absolute</altitudeMode>
    </Point>
  </Placemark>

  <Placemark>
    <Style>
      <IconStyle>
        <scale>0.441454545454546</scale>
        <color>FFD94B26</color>
        <Icon>
          <href>http://maps.google.com/mapfiles/kml/shapes/placemark_circle.png</href>
        </Icon>
      </IconStyle>
    </Style>
    <Point>
      <coordinates>140.151833400959,37.0149746044046,367.534154861091</coordinates>
      <altitudeMode>absolute</altitudeMode>
    </Point>
  </Placemark>

  <Placemark>
    <Style>
      <IconStyle>
        <scale>0.502545454545455</scale>
        <color>FFD4552B</color>
        <Icon>
          <href>http://maps.google.com/mapfiles/kml/shapes/placemark_circle.png</href>
        </Icon>
      </IconStyle>
    </Style>
    <Point>
      <coordinates>140.151808372298,37.0149644768809,367.134154848291</coordinates>
      <altitudeMode>absolute</altitudeMode>
    </Point>
  </Placemark>

  <Placemark>
    <Style>
      <IconStyle>
        <scale>0.598181818181819</scale>
        <color>FFCC6633</color>
        <Icon>
          <href>http://maps.google.com/mapfiles/kml/shapes/placemark_circle.png</href>
        </Icon>
      </IconStyle>
    </Style>
    <Point>
      <coordinates>140.15178354276,37.0149549475475,366.734154835491</coordinates>
      <altitudeMode>absolute</altitudeMode>
    </Point>
  </Placemark>

  <Placemark>
    <Style>
      <IconStyle>
        <scale>0.642545454545455</scale>
        <color>FFC86D37</color>
        <Icon>
          <href>http://maps.google.com/mapfiles/kml/shapes/placemark_circle.png</href>
        </Icon>
      </IconStyle>
    </Style>
    <Point>
      <coordinates>140.151759053618,37.0149448205934,366.534154829091</coordinates>
      <altitudeMode>absolute</altitudeMode>
    </Point>
  </Placemark>

  <Placemark>
    <Style>
      <IconStyle>
        <scale>0.699636363636364</scale>
        <color>FFC4773B</color>
        <Icon>
          <href>http://maps.google.com/mapfiles/kml/shapes/placemark_circle.png</href>
        </Icon>
      </IconStyle>
    </Style>
    <Point>
      <coordinates>140.151734912598,37.0149348697886,366.334154822691</coordinates>
      <altitudeMode>absolute</altitudeMode>
    </Point>
  </Placemark>

  <Placemark>
    <Style>
      <IconStyle>
        <scale>0.968</scale>
        <color>FFADA552</color>
        <Icon>
          <href>http://maps.google.com/mapfiles/kml/shapes/placemark_circle.png</href>
        </Icon>
      </IconStyle>
    </Style>
    <Point>
      <coordinates>140.151709832611,37.0149247362597,366.034154813091</coordinates>
      <altitudeMode>absolute</altitudeMode>
    </Point>
  </Placemark>

  <Placemark>
    <Style>
      <IconStyle>
        <scale>0.940181818181818</scale>
        <color>FFAFA050</color>
        <Icon>
          <href>http://maps.google.com/mapfiles/kml/shapes/placemark_circle.png</href>
        </Icon>
      </IconStyle>
    </Style>
    <Point>
      <coordinates>140.15168530828,37.0149153620641,365.534154797091</coordinates>
      <altitudeMode>absolute</altitudeMode>
    </Point>
  </Placemark>

  <Placemark>
    <Style>
      <IconStyle>
        <scale>0.927090909090909</scale>
        <color>FFB09E4F</color>
        <Icon>
          <href>http://maps.google.com/mapfiles/kml/shapes/placemark_circle.png</href>
        </Icon>
      </IconStyle>
    </Style>
    <Point>
      <coordinates>140.151658834608,37.0149041127056,365.234154787491</coordinates>
      <altitudeMode>absolute</altitudeMode>
    </Point>
  </Placemark>

  <Placemark>
    <Style>
      <IconStyle>
        <scale>1.01690909090909</scale>
        <color>FFA9AD56</color>
        <Icon>
          <href>http://maps.google.com/mapfiles/kml/shapes/placemark_circle.png</href>
        </Icon>
      </IconStyle>
    </Style>
    <Point>
      <coordinates>140.151630161492,37.0148928356686,364.534154765091</coordinates>
      <altitudeMode>absolute</altitudeMode>
    </Point>
  </Placemark>

  <Placemark>
    <Style>
      <IconStyle>
        <scale>0.976727272727272</scale>
        <color>FFACA653</color>
        <Icon>
          <href>http://maps.google.com/mapfiles/kml/shapes/placemark_circle.png</href>
        </Icon>
      </IconStyle>
    </Style>
    <Point>
      <coordinates>140.151600038387,37.0148828347453,363.634154736291</coordinates>
      <altitudeMode>absolute</altitudeMode>
    </Point>
  </Placemark>

  <Placemark>
    <Style>
      <IconStyle>
        <scale>1.06945454545454</scale>
        <color>FFA4B65B</color>
        <Icon>
          <href>http://maps.google.com/mapfiles/kml/shapes/placemark_circle.png</href>
        </Icon>
      </IconStyle>
    </Style>
    <Point>
      <coordinates>140.151569228481,37.0148720117004,362.834154710691</coordinates>
      <altitudeMode>absolute</altitudeMode>
    </Point>
  </Placemark>

  <Placemark>
    <Style>
      <IconStyle>
        <scale>1.16454545454545</scale>
        <color>FF9CC663</color>
        <Icon>
          <href>http://maps.google.com/mapfiles/kml/shapes/placemark_circle.png</href>
        </Icon>
      </IconStyle>
    </Style>
    <Point>
      <coordinates>140.151540164329,37.0148603882756,362.434154697891</coordinates>
      <altitudeMode>absolute</altitudeMode>
    </Point>
  </Placemark>

  <Placemark>
    <Style>
      <IconStyle>
        <scale>1.08909090909091</scale>
        <color>FFA2B95D</color>
        <Icon>
          <href>http://maps.google.com/mapfiles/kml/shapes/placemark_circle.png</href>
        </Icon>
      </IconStyle>
    </Style>
    <Point>
      <coordinates>140.151510181468,37.0148493420724,361.634154672291</coordinates>
      <altitudeMode>absolute</altitudeMode>
    </Point>
  </Placemark>

  <Placemark>
    <Style>
      <IconStyle>
        <scale>0.988727272727273</scale>
        <color>FFABA854</color>
        <Icon>
          <href>http://maps.google.com/mapfiles/kml/shapes/placemark_circle.png</href>
        </Icon>
      </IconStyle>
    </Style>
    <Point>
      <coordinates>140.151484197706,37.014839745618,360.734154643491</coordinates>
      <altitudeMode>absolute</altitudeMode>
    </Point>
  </Placemark>

  <Placemark>
    <Style>
      <IconStyle>
        <scale>0.998545454545455</scale>
        <color>FFAAAA55</color>
        <Icon>
          <href>http://maps.google.com/mapfiles/kml/shapes/placemark_circle.png</href>
        </Icon>
      </IconStyle>
    </Style>
    <Point>
      <coordinates>140.151462213902,37.0148304071363,360.134154624291</coordinates>
      <altitudeMode>absolute</altitudeMode>
    </Point>
  </Placemark>

  <Placemark>
    <Style>
      <IconStyle>
        <scale>1.04727272727273</scale>
        <color>FFA6B259</color>
        <Icon>
          <href>http://maps.google.com/mapfiles/kml/shapes/placemark_circle.png</href>
        </Icon>
      </IconStyle>
    </Style>
    <Point>
      <coordinates>140.151442127255,37.0148215840344,359.534154605091</coordinates>
      <altitudeMode>absolute</altitudeMode>
    </Point>
  </Placemark>

  <Placemark>
    <Style>
      <IconStyle>
        <scale>0.817090909090909</scale>
        <color>FFBA8B45</color>
        <Icon>
          <href>http://maps.google.com/mapfiles/kml/shapes/placemark_circle.png</href>
        </Icon>
      </IconStyle>
    </Style>
    <Point>
      <coordinates>140.151422946786,37.0148143848733,358.934154585891</coordinates>
      <altitudeMode>absolute</altitudeMode>
    </Point>
  </Placemark>

  <Placemark>
    <Style>
      <IconStyle>
        <scale>0.928181818181818</scale>
        <color>FFB09E4F</color>
        <Icon>
          <href>http://maps.google.com/mapfiles/kml/shapes/placemark_circle.png</href>
        </Icon>
      </IconStyle>
    </Style>
    <Point>
      <coordinates>140.15140505263,37.0148072083792,358.334154566691</coordinates>
      <altitudeMode>absolute</altitudeMode>
    </Point>
  </Placemark>

  <Placemark>
    <Style>
      <IconStyle>
        <scale>1.03036363636364</scale>
        <color>FFA7AF58</color>
        <Icon>
          <href>http://maps.google.com/mapfiles/kml/shapes/placemark_circle.png</href>
        </Icon>
      </IconStyle>
    </Style>
    <Point>
      <coordinates>140.151387171264,37.0148003785899,357.734154547491</coordinates>
      <altitudeMode>absolute</altitudeMode>
    </Point>
  </Placemark>

  <Placemark>
    <Style>
      <IconStyle>
        <scale>0.962909090909091</scale>
        <color>FFADA452</color>
        <Icon>
          <href>http://maps.google.com/mapfiles/kml/shapes/placemark_circle.png</href>
        </Icon>
      </IconStyle>
    </Style>
    <Point>
      <coordinates>140.151369276937,37.0147928167388,357.134154528291</coordinates>
      <altitudeMode>absolute</altitudeMode>
    </Point>
  </Placemark>

  <Placemark>
    <Style>
      <IconStyle>
        <scale>1.07690909090909</scale>
        <color>FFA3B75C</color>
        <Icon>
          <href>http://maps.google.com/mapfiles/kml/shapes/placemark_circle.png</href>
        </Icon>
      </IconStyle>
    </Style>
    <Point>
      <coordinates>140.151352879118,37.0147865572237,356.434154505891</coordinates>
      <altitudeMode>absolute</altitudeMode>
    </Point>
  </Placemark>

  <Placemark>
    <Style>
      <IconStyle>
        <scale>1.01727272727273</scale>
        <color>FFA9AD56</color>
        <Icon>
          <href>http://maps.google.com/mapfiles/kml/shapes/placemark_circle.png</href>
        </Icon>
      </IconStyle>
    </Style>
    <Point>
      <coordinates>140.151337009403,37.0147808548417,355.434154473891</coordinates>
      <altitudeMode>absolute</altitudeMode>
    </Point>
  </Placemark>

  <Placemark>
    <Style>
      <IconStyle>
        <scale>1.07909090909091</scale>
        <color>FFA3B75C</color>
        <Icon>
          <href>http://maps.google.com/mapfiles/kml/shapes/placemark_circle.png</href>
        </Icon>
      </IconStyle>
    </Style>
    <Point>
      <coordinates>140.151320209906,37.0147756719514,354.234154435491</coordinates>
      <altitudeMode>absolute</altitudeMode>
    </Point>
  </Placemark>

  <Placemark>
    <Style>
      <IconStyle>
        <scale>0.993818181818182</scale>
        <color>FFABA954</color>
        <Icon>
          <href>http://maps.google.com/mapfiles/kml/shapes/placemark_circle.png</href>
        </Icon>
      </IconStyle>
    </Style>
    <Point>
      <coordinates>140.151301436094,37.0147700846351,353.234154403491</coordinates>
      <altitudeMode>absolute</altitudeMode>
    </Point>
  </Placemark>

  <Placemark>
    <Style>
      <IconStyle>
        <scale>1.04872727272727</scale>
        <color>FFA6B259</color>
        <Icon>
          <href>http://maps.google.com/mapfiles/kml/shapes/placemark_circle.png</href>
        </Icon>
      </IconStyle>
    </Style>
    <Point>
      <coordinates>140.151280853957,37.0147612302311,352.334154374691</coordinates>
      <altitudeMode>absolute</altitudeMode>
    </Point>
  </Placemark>

  <Placemark>
    <Style>
      <IconStyle>
        <scale>1.01509090909091</scale>
        <color>FFA9AD56</color>
        <Icon>
          <href>http://maps.google.com/mapfiles/kml/shapes/placemark_circle.png</href>
        </Icon>
      </IconStyle>
    </Style>
    <Point>
      <coordinates>140.151258552673,37.0147521157642,351.534154349091</coordinates>
      <altitudeMode>absolute</altitudeMode>
    </Point>
  </Placemark>

  <Placemark>
    <Style>
      <IconStyle>
        <scale>0.932909090909091</scale>
        <color>FFB09F4F</color>
        <Icon>
          <href>http://maps.google.com/mapfiles/kml/shapes/placemark_circle.png</href>
        </Icon>
      </IconStyle>
    </Style>
    <Point>
      <coordinates>140.1512375462,37.0147439620513,350.634154320291</coordinates>
      <altitudeMode>absolute</altitudeMode>
    </Point>
  </Placemark>

  <Placemark>
    <Style>
      <IconStyle>
        <scale>1.03036363636364</scale>
        <color>FFA7AF58</color>
        <Icon>
          <href>http://maps.google.com/mapfiles/kml/shapes/placemark_circle.png</href>
        </Icon>
      </IconStyle>
    </Style>
    <Point>
      <coordinates>140.151217253649,37.0147359569849,349.834154294691</coordinates>
      <altitudeMode>absolute</altitudeMode>
    </Point>
  </Placemark>

  <Placemark>
    <Style>
      <IconStyle>
        <scale>0.879818181818182</scale>
        <color>FFB4964B</color>
        <Icon>
          <href>http://maps.google.com/mapfiles/kml/shapes/placemark_circle.png</href>
        </Icon>
      </IconStyle>
    </Style>
    <Point>
      <coordinates>140.151198860401,37.014728678155,349.334154278691</coordinates>
      <altitudeMode>absolute</altitudeMode>
    </Point>
  </Placemark>

  <Placemark>
    <Style>
      <IconStyle>
        <scale>0.897636363636364</scale>
        <color>FFB3994C</color>
        <Icon>
          <href>http://maps.google.com/mapfiles/kml/shapes/placemark_circle.png</href>
        </Icon>
      </IconStyle>
    </Style>
    <Point>
      <coordinates>140.151180935605,37.0147212745107,348.934154265891</coordinates>
      <altitudeMode>absolute</altitudeMode>
    </Point>
  </Placemark>

  <Placemark>
    <Style>
      <IconStyle>
        <scale>0.908363636363636</scale>
        <color>FFB29A4D</color>
        <Icon>
          <href>http://maps.google.com/mapfiles/kml/shapes/placemark_circle.png</href>
        </Icon>
      </IconStyle>
    </Style>
    <Point>
      <coordinates>140.151163466988,37.0147139641046,348.434154249891</coordinates>
      <altitudeMode>absolute</altitudeMode>
    </Point>
  </Placemark>

  <Placemark>
    <Style>
      <IconStyle>
        <scale>0.926545454545455</scale>
        <color>FFB09E4F</color>
        <Icon>
          <href>http://maps.google.com/mapfiles/kml/shapes/placemark_circle.png</href>
        </Icon>
      </IconStyle>
    </Style>
    <Point>
      <coordinates>140.151145069105,37.0147063677818,347.934154233891</coordinates>
      <altitudeMode>absolute</altitudeMode>
    </Point>
  </Placemark>

  <Placemark>
    <Style>
      <IconStyle>
        <scale>0.938909090909091</scale>
        <color>FFAFA050</color>
        <Icon>
          <href>http://maps.google.com/mapfiles/kml/shapes/placemark_circle.png</href>
        </Icon>
      </IconStyle>
    </Style>
    <Point>
      <coordinates>140.151124809255,37.014698522584,347.334154214691</coordinates>
      <altitudeMode>absolute</altitudeMode>
    </Point>
  </Placemark>

  <Placemark>
    <Style>
      <IconStyle>
        <scale>0.778</scale>
        <color>FFBD8442</color>
        <Icon>
          <href>http://maps.google.com/mapfiles/kml/shapes/placemark_circle.png</href>
        </Icon>
      </IconStyle>
    </Style>
    <Point>
      <coordinates>140.151104616694,37.0146904556501,346.834154198691</coordinates>
      <altitudeMode>absolute</altitudeMode>
    </Point>
  </Placemark>

  <Placemark>
    <Style>
      <IconStyle>
        <scale>0.797272727272728</scale>
        <color>FFBB8844</color>
        <Icon>
          <href>http://maps.google.com/mapfiles/kml/shapes/placemark_circle.png</href>
        </Icon>
      </IconStyle>
    </Style>
    <Point>
      <coordinates>140.151083652449,37.0146821849355,346.534154189091</coordinates>
      <altitudeMode>absolute</altitudeMode>
    </Point>
  </Placemark>

  <Placemark>
    <Style>
      <IconStyle>
        <scale>0.718</scale>
        <color>FFC27A3D</color>
        <Icon>
          <href>http://maps.google.com/mapfiles/kml/shapes/placemark_circle.png</href>
        </Icon>
      </IconStyle>
    </Style>
    <Point>
      <coordinates>140.151061689845,37.0146743622506,345.634154160291</coordinates>
      <altitudeMode>absolute</altitudeMode>
    </Point>
  </Placemark>

  <Placemark>
    <Style>
      <IconStyle>
        <scale>0.747818181818182</scale>
        <color>FFBF7F40</color>
        <Icon>
          <href>http://maps.google.com/mapfiles/kml/shapes/placemark_circle.png</href>
        </Icon>
      </IconStyle>
    </Style>
    <Point>
      <coordinates>140.151039547773,37.0146669196114,344.634154128291</coordinates>
      <altitudeMode>absolute</altitudeMode>
    </Point>
  </Placemark>

  <Placemark>
    <Style>
      <IconStyle>
        <scale>0.71</scale>
        <color>FFC3793C</color>
        <Icon>
          <href>http://maps.google.com/mapfiles/kml/shapes/placemark_circle.png</href>
        </Icon>
      </IconStyle>
    </Style>
    <Point>
      <coordinates>140.151020156509,37.0146579099818,344.034154109091</coordinates>
      <altitudeMode>absolute</altitudeMode>
    </Point>
  </Placemark>

  <Placemark>
    <Style>
      <IconStyle>
        <scale>0.604909090909091</scale>
        <color>FFCC6733</color>
        <Icon>
          <href>http://maps.google.com/mapfiles/kml/shapes/placemark_circle.png</href>
        </Icon>
      </IconStyle>
    </Style>
    <Point>
      <coordinates>140.151000238772,37.0146486587759,343.534154093091</coordinates>
      <altitudeMode>absolute</altitudeMode>
    </Point>
  </Placemark>

  <Placemark>
    <Style>
      <IconStyle>
        <scale>0.633636363636364</scale>
        <color>FFC96C36</color>
        <Icon>
          <href>http://maps.google.com/mapfiles/kml/shapes/placemark_circle.png</href>
        </Icon>
      </IconStyle>
    </Style>
    <Point>
      <coordinates>140.150980000207,37.0146417211511,342.934154073891</coordinates>
      <altitudeMode>absolute</altitudeMode>
    </Point>
  </Placemark>

  <Placemark>
    <Style>
      <IconStyle>
        <scale>0.594727272727273</scale>
        <color>FFCC6533</color>
        <Icon>
          <href>http://maps.google.com/mapfiles/kml/shapes/placemark_circle.png</href>
        </Icon>
      </IconStyle>
    </Style>
    <Point>
      <coordinates>140.150959261605,37.0146345238574,342.134154048291</coordinates>
      <altitudeMode>absolute</altitudeMode>
    </Point>
  </Placemark>

  <Placemark>
    <Style>
      <IconStyle>
        <scale>0.68</scale>
        <color>FFC5743A</color>
        <Icon>
          <href>http://maps.google.com/mapfiles/kml/shapes/placemark_circle.png</href>
        </Icon>
      </IconStyle>
    </Style>
    <Point>
      <coordinates>140.150938069914,37.0146260536111,341.634154032291</coordinates>
      <altitudeMode>absolute</altitudeMode>
    </Point>
  </Placemark>

  <Placemark>
    <Style>
      <IconStyle>
        <scale>0.591818181818182</scale>
        <color>FFCD6532</color>
        <Icon>
          <href>http://maps.google.com/mapfiles/kml/shapes/placemark_circle.png</href>
        </Icon>
      </IconStyle>
    </Style>
    <Point>
      <coordinates>140.150918268475,37.0146184727081,341.034154013091</coordinates>
      <altitudeMode>absolute</altitudeMode>
    </Point>
  </Placemark>

  <Placemark>
    <Style>
      <IconStyle>
        <scale>0.541454545454545</scale>
        <color>FFD15C2E</color>
        <Icon>
          <href>http://maps.google.com/mapfiles/kml/shapes/placemark_circle.png</href>
        </Icon>
      </IconStyle>
    </Style>
    <Point>
      <coordinates>140.150900864315,37.0146120024733,340.634154000291</coordinates>
      <altitudeMode>absolute</altitudeMode>
    </Point>
  </Placemark>

  <Placemark>
    <Style>
      <IconStyle>
        <scale>0.530727272727272</scale>
        <color>FFD25A2D</color>
        <Icon>
          <href>http://maps.google.com/mapfiles/kml/shapes/placemark_circle.png</href>
        </Icon>
      </IconStyle>
    </Style>
    <Point>
      <coordinates>140.15088146258,37.0146052608508,340.234153987491</coordinates>
      <altitudeMode>absolute</altitudeMode>
    </Point>
  </Placemark>

  <Placemark>
    <Style>
      <IconStyle>
        <scale>0.576727272727272</scale>
        <color>FFCE6231</color>
        <Icon>
          <href>http://maps.google.com/mapfiles/kml/shapes/placemark_circle.png</href>
        </Icon>
      </IconStyle>
    </Style>
    <Point>
      <coordinates>140.150863128897,37.0145981481602,339.534153965091</coordinates>
      <altitudeMode>absolute</altitudeMode>
    </Point>
  </Placemark>

  <Placemark>
    <Style>
      <IconStyle>
        <scale>0.756181818181818</scale>
        <color>FFBF8140</color>
        <Icon>
          <href>http://maps.google.com/mapfiles/kml/shapes/placemark_circle.png</href>
        </Icon>
      </IconStyle>
    </Style>
    <Point>
      <coordinates>140.150845367261,37.0145904914605,338.834153942691</coordinates>
      <altitudeMode>absolute</altitudeMode>
    </Point>
  </Placemark>

  <Placemark>
    <Style>
      <IconStyle>
        <scale>0.711454545454545</scale>
        <color>FFC3793C</color>
        <Icon>
          <href>http://maps.google.com/mapfiles/kml/shapes/placemark_circle.png</href>
        </Icon>
      </IconStyle>
    </Style>
    <Point>
      <coordinates>140.150827324622,37.0145833212028,338.134153920291</coordinates>
      <altitudeMode>absolute</altitudeMode>
    </Point>
  </Placemark>

  <Placemark>
    <Style>
      <IconStyle>
        <scale>0.758727272727273</scale>
        <color>FFBF8140</color>
        <Icon>
          <href>http://maps.google.com/mapfiles/kml/shapes/placemark_circle.png</href>
        </Icon>
      </IconStyle>
    </Style>
    <Point>
      <coordinates>140.150808951114,37.0145765406197,337.634153904291</coordinates>
      <altitudeMode>absolute</altitudeMode>
    </Point>
  </Placemark>

  <Placemark>
    <Style>
      <IconStyle>
        <scale>0.746545454545455</scale>
        <color>FFC07F3F</color>
        <Icon>
          <href>http://maps.google.com/mapfiles/kml/shapes/placemark_circle.png</href>
        </Icon>
      </IconStyle>
    </Style>
    <Point>
      <coordinates>140.150790411356,37.0145692688315,337.334153894691</coordinates>
      <altitudeMode>absolute</altitudeMode>
    </Point>
  </Placemark>

  <Placemark>
    <Style>
      <IconStyle>
        <scale>0.838181818181818</scale>
        <color>FFB88E47</color>
        <Icon>
          <href>http://maps.google.com/mapfiles/kml/shapes/placemark_circle.png</href>
        </Icon>
      </IconStyle>
    </Style>
    <Point>
      <coordinates>140.150772233537,37.0145611291163,336.934153881891</coordinates>
      <altitudeMode>absolute</altitudeMode>
    </Point>
  </Placemark>

  <Placemark>
    <Style>
      <IconStyle>
        <scale>0.840727272727273</scale>
        <color>FFB88F47</color>
        <Icon>
          <href>http://maps.google.com/mapfiles/kml/shapes/placemark_circle.png</href>
        </Icon>
      </IconStyle>
    </Style>
    <Point>
      <coordinates>140.150754561678,37.0145538426279,336.434153865891</coordinates>
      <altitudeMode>absolute</altitudeMode>
    </Point>
  </Placemark>

  <Placemark>
    <Style>
      <IconStyle>
        <scale>0.754</scale>
        <color>FFBF8040</color>
        <Icon>
          <href>http://maps.google.com/mapfiles/kml/shapes/placemark_circle.png</href>
        </Icon>
      </IconStyle>
    </Style>
    <Point>
      <coordinates>140.150736318672,37.014546130417,335.834153846691</coordinates>
      <altitudeMode>absolute</altitudeMode>
    </Point>
  </Placemark>

  <Placemark>
    <Style>
      <IconStyle>
        <scale>0.784363636363636</scale>
        <color>FFBC8543</color>
        <Icon>
          <href>http://maps.google.com/mapfiles/kml/shapes/placemark_circle.png</href>
        </Icon>
      </IconStyle>
    </Style>
    <Point>
      <coordinates>140.150718614885,37.0145391533861,335.334153830691</coordinates>
      <altitudeMode>absolute</altitudeMode>
    </Point>
  </Placemark>

  <Placemark>
    <Style>
      <IconStyle>
        <scale>0.785090909090909</scale>
        <color>FFBC8543</color>
        <Icon>
          <href>http://maps.google.com/mapfiles/kml/shapes/placemark_circle.png</href>
        </Icon>
      </IconStyle>
    </Style>
    <Point>
      <coordinates>140.150701525202,37.0145310103129,335.034153821091</coordinates>
      <altitudeMode>absolute</altitudeMode>
    </Point>
  </Placemark>

  <Placemark>
    <Style>
      <IconStyle>
        <scale>0.819090909090909</scale>
        <color>FFB98B46</color>
        <Icon>
          <href>http://maps.google.com/mapfiles/kml/shapes/placemark_circle.png</href>
        </Icon>
      </IconStyle>
    </Style>
    <Point>
      <coordinates>140.150685626734,37.0145221192783,334.634153808291</coordinates>
      <altitudeMode>absolute</altitudeMode>
    </Point>
  </Placemark>

  <Placemark>
    <Style>
      <IconStyle>
        <scale>0.795090909090909</scale>
        <color>FFBB8744</color>
        <Icon>
          <href>http://maps.google.com/mapfiles/kml/shapes/placemark_circle.png</href>
        </Icon>
      </IconStyle>
    </Style>
    <Point>
      <coordinates>140.150669798689,37.0145139712022,334.434153801891</coordinates>
      <altitudeMode>absolute</altitudeMode>
    </Point>
  </Placemark>

  <Placemark>
    <Style>
      <IconStyle>
        <scale>0.693818181818182</scale>
        <color>FFC4763B</color>
        <Icon>
          <href>http://maps.google.com/mapfiles/kml/shapes/placemark_circle.png</href>
        </Icon>
      </IconStyle>
    </Style>
    <Point>
      <coordinates>140.150654698041,37.0145092291115,334.534153805091</coordinates>
      <altitudeMode>absolute</altitudeMode>
    </Point>
  </Placemark>

  <Placemark>
    <Style>
      <IconStyle>
        <scale>0.763636363636364</scale>
        <color>FFBE8241</color>
        <Icon>
          <href>http://maps.google.com/mapfiles/kml/shapes/placemark_circle.png</href>
        </Icon>
      </IconStyle>
    </Style>
    <Point>
      <coordinates>140.15064054477,37.0145101848969,334.234153795491</coordinates>
      <altitudeMode>absolute</altitudeMode>
    </Point>
  </Placemark>

  <Placemark>
    <Style>
      <IconStyle>
        <scale>0.694</scale>
        <color>FFC4763B</color>
        <Icon>
          <href>http://maps.google.com/mapfiles/kml/shapes/placemark_circle.png</href>
        </Icon>
      </IconStyle>
    </Style>
    <Point>
      <coordinates>140.150625415628,37.0145147514764,333.934153785891</coordinates>
      <altitudeMode>absolute</altitudeMode>
    </Point>
  </Placemark>

  <Placemark>
    <Style>
      <IconStyle>
        <scale>0.707272727272727</scale>
        <color>FFC3783C</color>
        <Icon>
          <href>http://maps.google.com/mapfiles/kml/shapes/placemark_circle.png</href>
        </Icon>
      </IconStyle>
    </Style>
    <Point>
      <coordinates>140.150611875302,37.0145171523676,333.234153763491</coordinates>
      <altitudeMode>absolute</altitudeMode>
    </Point>
  </Placemark>

  <Placemark>
    <Style>
      <IconStyle>
        <scale>0.690727272727273</scale>
        <color>FFC4753B</color>
        <Icon>
          <href>http://maps.google.com/mapfiles/kml/shapes/placemark_circle.png</href>
        </Icon>
      </IconStyle>
    </Style>
    <Point>
      <coordinates>140.150596085407,37.0145221347666,332.634153744291</coordinates>
      <altitudeMode>absolute</altitudeMode>
    </Point>
  </Placemark>

  <Placemark>
    <Style>
      <IconStyle>
        <scale>0.607272727272727</scale>
        <color>FFCB6734</color>
        <Icon>
          <href>http://maps.google.com/mapfiles/kml/shapes/placemark_circle.png</href>
        </Icon>
      </IconStyle>
    </Style>
    <Point>
      <coordinates>140.15058076697,37.0145300187879,332.334153734691</coordinates>
      <altitudeMode>absolute</altitudeMode>
    </Point>
  </Placemark>

  <Placemark>
    <Style>
      <IconStyle>
        <scale>0.583454545454546</scale>
        <color>FFCD6332</color>
        <Icon>
          <href>http://maps.google.com/mapfiles/kml/shapes/placemark_circle.png</href>
        </Icon>
      </IconStyle>
    </Style>
    <Point>
      <coordinates>140.150565119336,37.0145367774065,332.134153728291</coordinates>
      <altitudeMode>absolute</altitudeMode>
    </Point>
  </Placemark>

  <Placemark>
    <Style>
      <IconStyle>
        <scale>0.520545454545455</scale>
        <color>FFD3582C</color>
        <Icon>
          <href>http://maps.google.com/mapfiles/kml/shapes/placemark_circle.png</href>
        </Icon>
      </IconStyle>
    </Style>
    <Point>
      <coordinates>140.150548963168,37.0145441747458,331.934153721891</coordinates>
      <altitudeMode>absolute</altitudeMode>
    </Point>
  </Placemark>

  <Placemark>
    <Style>
      <IconStyle>
        <scale>0.540363636363636</scale>
        <color>FFD15C2E</color>
        <Icon>
          <href>http://maps.google.com/mapfiles/kml/shapes/placemark_circle.png</href>
        </Icon>
      </IconStyle>
    </Style>
    <Point>
      <coordinates>140.150531668569,37.0145538953978,331.634153712291</coordinates>
      <altitudeMode>absolute</altitudeMode>
    </Point>
  </Placemark>

  <Placemark>
    <Style>
      <IconStyle>
        <scale>0.549090909090909</scale>
        <color>FFD05D2F</color>
        <Icon>
          <href>http://maps.google.com/mapfiles/kml/shapes/placemark_circle.png</href>
        </Icon>
      </IconStyle>
    </Style>
    <Point>
      <coordinates>140.150511906182,37.0145670236114,331.334153702691</coordinates>
      <altitudeMode>absolute</altitudeMode>
    </Point>
  </Placemark>

  <Placemark>
    <Style>
      <IconStyle>
        <scale>0.687636363636364</scale>
        <color>FFC5753A</color>
        <Icon>
          <href>http://maps.google.com/mapfiles/kml/shapes/placemark_circle.png</href>
        </Icon>
      </IconStyle>
    </Style>
    <Point>
      <coordinates>140.150489595113,37.0145815313455,330.434153673891</coordinates>
      <altitudeMode>absolute</altitudeMode>
    </Point>
  </Placemark>

  <Placemark>
    <Style>
      <IconStyle>
        <scale>0.630727272727273</scale>
        <color>FFC96B36</color>
        <Icon>
          <href>http://maps.google.com/mapfiles/kml/shapes/placemark_circle.png</href>
        </Icon>
      </IconStyle>
    </Style>
    <Point>
      <coordinates>140.150466394903,37.0145967799819,330.034153661091</coordinates>
      <altitudeMode>absolute</altitudeMode>
    </Point>
  </Placemark>

  <Placemark>
    <Style>
      <IconStyle>
        <scale>0.553818181818182</scale>
        <color>FFD05E2F</color>
        <Icon>
          <href>http://maps.google.com/mapfiles/kml/shapes/placemark_circle.png</href>
        </Icon>
      </IconStyle>
    </Style>
    <Point>
      <coordinates>140.150443674389,37.014613894855,329.434153641891</coordinates>
      <altitudeMode>absolute</altitudeMode>
    </Point>
  </Placemark>

  <Placemark>
    <Style>
      <IconStyle>
        <scale>0.617272727272727</scale>
        <color>FFCB6934</color>
        <Icon>
          <href>http://maps.google.com/mapfiles/kml/shapes/placemark_circle.png</href>
        </Icon>
      </IconStyle>
    </Style>
    <Point>
      <coordinates>140.150420193948,37.014632924931,328.234153603491</coordinates>
      <altitudeMode>absolute</altitudeMode>
    </Point>
  </Placemark>

  <Placemark>
    <Style>
      <IconStyle>
        <scale>0.635090909090909</scale>
        <color>FFC96C36</color>
        <Icon>
          <href>http://maps.google.com/mapfiles/kml/shapes/placemark_circle.png</href>
        </Icon>
      </IconStyle>
    </Style>
    <Point>
      <coordinates>140.15040065081,37.0146522448642,327.334153574691</coordinates>
      <altitudeMode>absolute</altitudeMode>
    </Point>
  </Placemark>

  <Placemark>
    <Style>
      <IconStyle>
        <scale>0.578181818181818</scale>
        <color>FFCE6231</color>
        <Icon>
          <href>http://maps.google.com/mapfiles/kml/shapes/placemark_circle.png</href>
        </Icon>
      </IconStyle>
    </Style>
    <Point>
      <coordinates>140.150379613396,37.014670688955,326.834153558691</coordinates>
      <altitudeMode>absolute</altitudeMode>
    </Point>
  </Placemark>

  <Placemark>
    <Style>
      <IconStyle>
        <scale>0.611090909090909</scale>
        <color>FFCB6834</color>
        <Icon>
          <href>http://maps.google.com/mapfiles/kml/shapes/placemark_circle.png</href>
        </Icon>
      </IconStyle>
    </Style>
    <Point>
      <coordinates>140.150359707374,37.014686273331,326.134153536291</coordinates>
      <altitudeMode>absolute</altitudeMode>
    </Point>
  </Placemark>

  <Placemark>
    <Style>
      <IconStyle>
        <scale>0.615090909090909</scale>
        <color>FFCB6934</color>
        <Icon>
          <href>http://maps.google.com/mapfiles/kml/shapes/placemark_circle.png</href>
        </Icon>
      </IconStyle>
    </Style>
    <Point>
      <coordinates>140.15034086256,37.0147025479642,325.734153523491</coordinates>
      <altitudeMode>absolute</altitudeMode>
    </Point>
  </Placemark>

  <Placemark>
    <Style>
      <IconStyle>
        <scale>0.624363636363636</scale>
        <color>FFCA6A35</color>
        <Icon>
          <href>http://maps.google.com/mapfiles/kml/shapes/placemark_circle.png</href>
        </Icon>
      </IconStyle>
    </Style>
    <Point>
      <coordinates>140.15032261537,37.0147194606842,325.134153504291</coordinates>
      <altitudeMode>absolute</altitudeMode>
    </Point>
  </Placemark>

  <Placemark>
    <Style>
      <IconStyle>
        <scale>0.567636363636364</scale>
        <color>FFCF6030</color>
        <Icon>
          <href>http://maps.google.com/mapfiles/kml/shapes/placemark_circle.png</href>
        </Icon>
      </IconStyle>
    </Style>
    <Point>
      <coordinates>140.150304047009,37.0147357388638,324.034153469091</coordinates>
      <altitudeMode>absolute</altitudeMode>
    </Point>
  </Placemark>

  <Placemark>
    <Style>
      <IconStyle>
        <scale>0.557454545454546</scale>
        <color>FFD05F2F</color>
        <Icon>
          <href>http://maps.google.com/mapfiles/kml/shapes/placemark_circle.png</href>
        </Icon>
      </IconStyle>
    </Style>
    <Point>
      <coordinates>140.150288214072,37.0147497944219,322.634153424291</coordinates>
      <altitudeMode>absolute</altitudeMode>
    </Point>
  </Placemark>

  <Placemark>
    <Style>
      <IconStyle>
        <scale>0.470727272727273</scale>
        <color>FFD75028</color>
        <Icon>
          <href>http://maps.google.com/mapfiles/kml/shapes/placemark_circle.png</href>
        </Icon>
      </IconStyle>
    </Style>
    <Point>
      <coordinates>140.150274460762,37.0147619985464,321.734153395491</coordinates>
      <altitudeMode>absolute</altitudeMode>
    </Point>
  </Placemark>

  <Placemark>
    <Style>
      <IconStyle>
        <scale>0.454727272727273</scale>
        <color>FFD84D27</color>
        <Icon>
          <href>http://maps.google.com/mapfiles/kml/shapes/placemark_circle.png</href>
        </Icon>
      </IconStyle>
    </Style>
    <Point>
      <coordinates>140.150258505562,37.0147755293529,320.934153369891</coordinates>
      <altitudeMode>absolute</altitudeMode>
    </Point>
  </Placemark>

  <Placemark>
    <Style>
      <IconStyle>
        <scale>0.457454545454545</scale>
        <color>FFD84E27</color>
        <Icon>
          <href>http://maps.google.com/mapfiles/kml/shapes/placemark_circle.png</href>
        </Icon>
      </IconStyle>
    </Style>
    <Point>
      <coordinates>140.150242546585,37.014788615779,319.934153337891</coordinates>
      <altitudeMode>absolute</altitudeMode>
    </Point>
  </Placemark>

  <Placemark>
    <Style>
      <IconStyle>
        <scale>0.419090909090909</scale>
        <color>FFDB4724</color>
        <Icon>
          <href>http://maps.google.com/mapfiles/kml/shapes/placemark_circle.png</href>
        </Icon>
      </IconStyle>
    </Style>
    <Point>
      <coordinates>140.150226827478,37.014801959321,318.634153296291</coordinates>
      <altitudeMode>absolute</altitudeMode>
    </Point>
  </Placemark>

  <Placemark>
    <Style>
      <IconStyle>
        <scale>0.459454545454546</scale>
        <color>FFD84E27</color>
        <Icon>
          <href>http://maps.google.com/mapfiles/kml/shapes/placemark_circle.png</href>
        </Icon>
      </IconStyle>
    </Style>
    <Point>
      <coordinates>140.150210392753,37.0148145422919,317.634153264291</coordinates>
      <altitudeMode>absolute</altitudeMode>
    </Point>
  </Placemark>

  <Placemark>
    <Style>
      <IconStyle>
        <scale>0.475454545454545</scale>
        <color>FFD75128</color>
        <Icon>
          <href>http://maps.google.com/mapfiles/kml/shapes/placemark_circle.png</href>
        </Icon>
      </IconStyle>
    </Style>
    <Point>
      <coordinates>140.150196208691,37.0148259481011,316.734153235491</coordinates>
      <altitudeMode>absolute</altitudeMode>
    </Point>
  </Placemark>

  <Placemark>
    <Style>
      <IconStyle>
        <scale>0.477272727272727</scale>
        <color>FFD65129</color>
        <Icon>
          <href>http://maps.google.com/mapfiles/kml/shapes/placemark_circle.png</href>
        </Icon>
      </IconStyle>
    </Style>
    <Point>
      <coordinates>140.150184208731,37.0148356517056,316.234153219491</coordinates>
      <altitudeMode>absolute</altitudeMode>
    </Point>
  </Placemark>

  <Placemark>
    <Style>
      <IconStyle>
        <scale>0.492727272727273</scale>
        <color>FFD5542A</color>
        <Icon>
          <href>http://maps.google.com/mapfiles/kml/shapes/placemark_circle.png</href>
        </Icon>
      </IconStyle>
    </Style>
    <Point>
      <coordinates>140.150170693242,37.0148466828488,315.734153203491</coordinates>
      <altitudeMode>absolute</altitudeMode>
    </Point>
  </Placemark>

  <Placemark>
    <Style>
      <IconStyle>
        <scale>0.494727272727273</scale>
        <color>FFD5542A</color>
        <Icon>
          <href>http://maps.google.com/mapfiles/kml/shapes/placemark_circle.png</href>
        </Icon>
      </IconStyle>
    </Style>
    <Point>
      <coordinates>140.150155264901,37.0148590231812,315.334153190691</coordinates>
      <altitudeMode>absolute</altitudeMode>
    </Point>
  </Placemark>

  <Placemark>
    <Style>
      <IconStyle>
        <scale>0.551454545454545</scale>
        <color>FFD05E2F</color>
        <Icon>
          <href>http://maps.google.com/mapfiles/kml/shapes/placemark_circle.png</href>
        </Icon>
      </IconStyle>
    </Style>
    <Point>
      <coordinates>140.150137217799,37.0148725476056,314.734153171491</coordinates>
      <altitudeMode>absolute</altitudeMode>
    </Point>
  </Placemark>

  <Placemark>
    <Style>
      <IconStyle>
        <scale>0.545272727272727</scale>
        <color>FFD15D2E</color>
        <Icon>
          <href>http://maps.google.com/mapfiles/kml/shapes/placemark_circle.png</href>
        </Icon>
      </IconStyle>
    </Style>
    <Point>
      <coordinates>140.150119994277,37.0148843838489,314.134153152291</coordinates>
      <altitudeMode>absolute</altitudeMode>
    </Point>
  </Placemark>

  <Placemark>
    <Style>
      <IconStyle>
        <scale>0.522545454545454</scale>
        <color>FFD3592C</color>
        <Icon>
          <href>http://maps.google.com/mapfiles/kml/shapes/placemark_circle.png</href>
        </Icon>
      </IconStyle>
    </Style>
    <Point>
      <coordinates>140.150105883443,37.0148960412314,313.534153133091</coordinates>
      <altitudeMode>absolute</altitudeMode>
    </Point>
  </Placemark>

  <Placemark>
    <Style>
      <IconStyle>
        <scale>0.503636363636363</scale>
        <color>FFD4562B</color>
        <Icon>
          <href>http://maps.google.com/mapfiles/kml/shapes/placemark_circle.png</href>
        </Icon>
      </IconStyle>
    </Style>
    <Point>
      <coordinates>140.150090618862,37.0149069408783,312.934153113891</coordinates>
      <altitudeMode>absolute</altitudeMode>
    </Point>
  </Placemark>

  <Placemark>
    <Style>
      <IconStyle>
        <scale>0.546363636363636</scale>
        <color>FFD15D2E</color>
        <Icon>
          <href>http://maps.google.com/mapfiles/kml/shapes/placemark_circle.png</href>
        </Icon>
      </IconStyle>
    </Style>
    <Point>
      <coordinates>140.150074812607,37.0149183744944,312.134153088291</coordinates>
      <altitudeMode>absolute</altitudeMode>
    </Point>
  </Placemark>

  <Placemark>
    <Style>
      <IconStyle>
        <scale>0.552727272727273</scale>
        <color>FFD05E2F</color>
        <Icon>
          <href>http://maps.google.com/mapfiles/kml/shapes/placemark_circle.png</href>
        </Icon>
      </IconStyle>
    </Style>
    <Point>
      <coordinates>140.150060716007,37.0149296406991,311.334153062691</coordinates>
      <altitudeMode>absolute</altitudeMode>
    </Point>
  </Placemark>

  <Placemark>
    <Style>
      <IconStyle>
        <scale>0.468909090909091</scale>
        <color>FFD75028</color>
        <Icon>
          <href>http://maps.google.com/mapfiles/kml/shapes/placemark_circle.png</href>
        </Icon>
      </IconStyle>
    </Style>
    <Point>
      <coordinates>140.150046444261,37.0149406808928,310.434153033891</coordinates>
      <altitudeMode>absolute</altitudeMode>
    </Point>
  </Placemark>

  <Placemark>
    <Style>
      <IconStyle>
        <scale>0.401454545454545</scale>
        <color>FFDD4422</color>
        <Icon>
          <href>http://maps.google.com/mapfiles/kml/shapes/placemark_circle.png</href>
        </Icon>
      </IconStyle>
    </Style>
    <Point>
      <coordinates>140.150031504662,37.0149513666462,309.634153008291</coordinates>
      <altitudeMode>absolute</altitudeMode>
    </Point>
  </Placemark>

  <Placemark>
    <Style>
      <IconStyle>
        <scale>0.369090909090909</scale>
        <color>FFE03F1F</color>
        <Icon>
          <href>http://maps.google.com/mapfiles/kml/shapes/placemark_circle.png</href>
        </Icon>
      </IconStyle>
    </Style>
    <Point>
      <coordinates>140.150015981462,37.0149610360318,308.734152979491</coordinates>
      <altitudeMode>absolute</altitudeMode>
    </Point>
  </Placemark>

  <Placemark>
    <Style>
      <IconStyle>
        <scale>0.337454545454545</scale>
        <color>FFE2391D</color>
        <Icon>
          <href>http://maps.google.com/mapfiles/kml/shapes/placemark_circle.png</href>
        </Icon>
      </IconStyle>
    </Style>
    <Point>
      <coordinates>140.150001519314,37.0149711194679,308.234152963491</coordinates>
      <altitudeMode>absolute</altitudeMode>
    </Point>
  </Placemark>

  <Placemark>
    <Style>
      <IconStyle>
        <scale>0.353818181818182</scale>
        <color>FFE13C1E</color>
        <Icon>
          <href>http://maps.google.com/mapfiles/kml/shapes/placemark_circle.png</href>
        </Icon>
      </IconStyle>
    </Style>
    <Point>
      <coordinates>140.149997981385,37.0149734040876,308.034152957091</coordinates>
      <altitudeMode>absolute</altitudeMode>
    </Point>
  </Placemark>

  <Placemark>
    <Style>
      <IconStyle>
        <scale>0.345090909090909</scale>
        <color>FFE23B1D</color>
        <Icon>
          <href>http://maps.google.com/mapfiles/kml/shapes/placemark_circle.png</href>
        </Icon>
      </IconStyle>
    </Style>
    <Point>
      <coordinates>140.149997764472,37.0149731043767,307.934152953891</coordinates>
      <altitudeMode>absolute</altitudeMode>
    </Point>
  </Placemark>

  <Placemark>
    <Style>
      <IconStyle>
        <scale>0.351090909090909</scale>
        <color>FFE13C1E</color>
        <Icon>
          <href>http://maps.google.com/mapfiles/kml/shapes/placemark_circle.png</href>
        </Icon>
      </IconStyle>
    </Style>
    <Point>
      <coordinates>140.149997447338,37.01497361993,307.834152950691</coordinates>
      <altitudeMode>absolute</altitudeMode>
    </Point>
  </Placemark>

  <Placemark>
    <Style>
      <IconStyle>
        <scale>0.302</scale>
        <color>FFE5331A</color>
        <Icon>
          <href>http://maps.google.com/mapfiles/kml/shapes/placemark_circle.png</href>
        </Icon>
      </IconStyle>
    </Style>
    <Point>
      <coordinates>140.149997514258,37.0149745095945,307.834152950691</coordinates>
      <altitudeMode>absolute</altitudeMode>
    </Point>
  </Placemark>

  <Placemark>
    <Style>
      <IconStyle>
        <scale>0.306727272727273</scale>
        <color>FFE5341A</color>
        <Icon>
          <href>http://maps.google.com/mapfiles/kml/shapes/placemark_circle.png</href>
        </Icon>
      </IconStyle>
    </Style>
    <Point>
      <coordinates>140.149997207436,37.0149748911501,307.734152947491</coordinates>
      <altitudeMode>absolute</altitudeMode>
    </Point>
  </Placemark>

  <Placemark>
    <Style>
      <IconStyle>
        <scale>0.27</scale>
        <color>FFE82E17</color>
        <Icon>
          <href>http://maps.google.com/mapfiles/kml/shapes/placemark_circle.png</href>
        </Icon>
      </IconStyle>
    </Style>
    <Point>
      <coordinates>140.149996882242,37.014975304389,307.734152947491</coordinates>
      <altitudeMode>absolute</altitudeMode>
    </Point>
  </Placemark>

  <Placemark>
    <Style>
      <IconStyle>
        <scale>0.255090909090909</scale>
        <color>FFE92B16</color>
        <Icon>
          <href>http://maps.google.com/mapfiles/kml/shapes/placemark_circle.png</href>
        </Icon>
      </IconStyle>
    </Style>
    <Point>
      <coordinates>140.149996376245,37.0149748221445,307.634152944291</coordinates>
      <altitudeMode>absolute</altitudeMode>
    </Point>
  </Placemark>

  <Placemark>
    <Style>
      <IconStyle>
        <scale>0.271090909090909</scale>
        <color>FFE82E17</color>
        <Icon>
          <href>http://maps.google.com/mapfiles/kml/shapes/placemark_circle.png</href>
        </Icon>
      </IconStyle>
    </Style>
    <Point>
      <coordinates>140.149995065494,37.0149746086922,307.634152944291</coordinates>
      <altitudeMode>absolute</altitudeMode>
    </Point>
  </Placemark>

  <Placemark>
    <Style>
      <IconStyle>
        <scale>0.285272727272727</scale>
        <color>FFE73018</color>
        <Icon>
          <href>http://maps.google.com/mapfiles/kml/shapes/placemark_circle.png</href>
        </Icon>
      </IconStyle>
    </Style>
    <Point>
      <coordinates>140.149994915594,37.0149746677627,307.634152944291</coordinates>
      <altitudeMode>absolute</altitudeMode>
    </Point>
  </Placemark>

  <Placemark>
    <Style>
      <IconStyle>
        <scale>0.316</scale>
        <color>FFE4361B</color>
        <Icon>
          <href>http://maps.google.com/mapfiles/kml/shapes/placemark_circle.png</href>
        </Icon>
      </IconStyle>
    </Style>
    <Point>
      <coordinates>140.14999507468,37.0149754568412,307.734152947491</coordinates>
      <altitudeMode>absolute</altitudeMode>
    </Point>
  </Placemark>

  <Placemark>
    <Style>
      <IconStyle>
        <scale>0.314363636363636</scale>
        <color>FFE4351B</color>
        <Icon>
          <href>http://maps.google.com/mapfiles/kml/shapes/placemark_circle.png</href>
        </Icon>
      </IconStyle>
    </Style>
    <Point>
      <coordinates>140.149995327813,37.014976104681,308.034152957091</coordinates>
      <altitudeMode>absolute</altitudeMode>
    </Point>
  </Placemark>

  <Placemark>
    <Style>
      <IconStyle>
        <scale>0.297454545454545</scale>
        <color>FFE63319</color>
        <Icon>
          <href>http://maps.google.com/mapfiles/kml/shapes/placemark_circle.png</href>
        </Icon>
      </IconStyle>
    </Style>
    <Point>
      <coordinates>140.149995442928,37.0149764509682,308.334152966691</coordinates>
      <altitudeMode>absolute</altitudeMode>
    </Point>
  </Placemark>

  <Placemark>
    <Style>
      <IconStyle>
        <scale>0.263818181818182</scale>
        <color>FFE92D16</color>
        <Icon>
          <href>http://maps.google.com/mapfiles/kml/shapes/placemark_circle.png</href>
        </Icon>
      </IconStyle>
    </Style>
    <Point>
      <coordinates>140.149995144615,37.0149761925459,308.534152973091</coordinates>
      <altitudeMode>absolute</altitudeMode>
    </Point>
  </Placemark>

  <Placemark>
    <Style>
      <IconStyle>
        <scale>0.259636363636364</scale>
        <color>FFE92C16</color>
        <Icon>
          <href>http://maps.google.com/mapfiles/kml/shapes/placemark_circle.png</href>
        </Icon>
      </IconStyle>
    </Style>
    <Point>
      <coordinates>140.149994155179,37.0149757497653,308.534152973091</coordinates>
      <altitudeMode>absolute</altitudeMode>
    </Point>
  </Placemark>

  <Placemark>
    <Style>
      <IconStyle>
        <scale>0.280181818181818</scale>
        <color>FFE73018</color>
        <Icon>
          <href>http://maps.google.com/mapfiles/kml/shapes/placemark_circle.png</href>
        </Icon>
      </IconStyle>
    </Style>
    <Point>
      <coordinates>140.149993278346,37.0149750178834,308.534152973091</coordinates>
      <altitudeMode>absolute</altitudeMode>
    </Point>
  </Placemark>

  <Placemark>
    <Style>
      <IconStyle>
        <scale>0.304181818181818</scale>
        <color>FFE5341A</color>
        <Icon>
          <href>http://maps.google.com/mapfiles/kml/shapes/placemark_circle.png</href>
        </Icon>
      </IconStyle>
    </Style>
    <Point>
      <coordinates>140.149993065837,37.0149745565606,308.534152973091</coordinates>
      <altitudeMode>absolute</altitudeMode>
    </Point>
  </Placemark>

  <Placemark>
    <Style>
      <IconStyle>
        <scale>0.331454545454546</scale>
        <color>FFE3381C</color>
        <Icon>
          <href>http://maps.google.com/mapfiles/kml/shapes/placemark_circle.png</href>
        </Icon>
      </IconStyle>
    </Style>
    <Point>
      <coordinates>140.14999202726,37.0149739641826,308.534152973091</coordinates>
      <altitudeMode>absolute</altitudeMode>
    </Point>
  </Placemark>

  <Placemark>
    <Style>
      <IconStyle>
        <scale>0.546</scale>
        <color>FFD15D2E</color>
        <Icon>
          <href>http://maps.google.com/mapfiles/kml/shapes/placemark_circle.png</href>
        </Icon>
      </IconStyle>
    </Style>
    <Point>
      <coordinates>140.149991411611,37.0149738249678,308.534152973091</coordinates>
      <altitudeMode>absolute</altitudeMode>
    </Point>
  </Placemark>

  <Placemark>
    <Style>
      <IconStyle>
        <scale>0.58</scale>
        <color>FFCE6331</color>
        <Icon>
          <href>http://maps.google.com/mapfiles/kml/shapes/placemark_circle.png</href>
        </Icon>
      </IconStyle>
    </Style>
    <Point>
      <coordinates>140.149990723834,37.0149739927305,308.534152973091</coordinates>
      <altitudeMode>absolute</altitudeMode>
    </Point>
  </Placemark>

  <Placemark>
    <Style>
      <IconStyle>
        <scale>0.605090909090909</scale>
        <color>FFCC6733</color>
        <Icon>
          <href>http://maps.google.com/mapfiles/kml/shapes/placemark_circle.png</href>
        </Icon>
      </IconStyle>
    </Style>
    <Point>
      <coordinates>140.149990766442,37.0149750013136,308.534152973091</coordinates>
      <altitudeMode>absolute</altitudeMode>
    </Point>
  </Placemark>

  <Placemark>
    <Style>
      <IconStyle>
        <scale>0.575090909090909</scale>
        <color>FFCE6231</color>
        <Icon>
          <href>http://maps.google.com/mapfiles/kml/shapes/placemark_circle.png</href>
        </Icon>
      </IconStyle>
    </Style>
    <Point>
      <coordinates>140.149990951312,37.0149756713429,308.534152973091</coordinates>
      <altitudeMode>absolute</altitudeMode>
    </Point>
  </Placemark>

  <Placemark>
    <Style>
      <IconStyle>
        <scale>0.580181818181818</scale>
        <color>FFCE6331</color>
        <Icon>
          <href>http://maps.google.com/mapfiles/kml/shapes/placemark_circle.png</href>
        </Icon>
      </IconStyle>
    </Style>
    <Point>
      <coordinates>140.149991187877,37.0149751091406,308.534152973091</coordinates>
      <altitudeMode>absolute</altitudeMode>
    </Point>
  </Placemark>

  <Placemark>
    <Style>
      <IconStyle>
        <scale>NA</scale>
        <color>FFNANANA</color>
        <Icon>
          <href>http://maps.google.com/mapfiles/kml/shapes/placemark_circle.png</href>
        </Icon>
      </IconStyle>
    </Style>
    <Point>
      <coordinates>140.149991803247,37.0149737603804,308.734152979491</coordinates>
      <altitudeMode>absolute</altitudeMode>
    </Point>
  </Placemark>

  <Placemark>
    <Style>
      <IconStyle>
        <scale>NA</scale>
        <color>FFNANANA</color>
        <Icon>
          <href>http://maps.google.com/mapfiles/kml/shapes/placemark_circle.png</href>
        </Icon>
      </IconStyle>
    </Style>
    <Point>
      <coordinates>140.149992261776,37.0149730302162,308.934152985891</coordinates>
      <altitudeMode>absolute</altitudeMode>
    </Point>
  </Placemark>

  <Placemark>
    <Style>
      <IconStyle>
        <scale>NA</scale>
        <color>FFNANANA</color>
        <Icon>
          <href>http://maps.google.com/mapfiles/kml/shapes/placemark_circle.png</href>
        </Icon>
      </IconStyle>
    </Style>
    <Point>
      <coordinates>140.149991518516,37.0149723717966,309.234152995491</coordinates>
      <altitudeMode>absolute</altitudeMode>
    </Point>
  </Placemark>

  <Placemark>
    <Style>
      <IconStyle>
        <scale>NA</scale>
        <color>FFNANANA</color>
        <Icon>
          <href>http://maps.google.com/mapfiles/kml/shapes/placemark_circle.png</href>
        </Icon>
      </IconStyle>
    </Style>
    <Point>
      <coordinates>140.149990274859,37.0149706914603,309.534153005091</coordinates>
      <altitudeMode>absolute</altitudeMode>
    </Point>
  </Placemark>

  <Placemark>
    <Style>
      <IconStyle>
        <scale>NA</scale>
        <color>FFNANANA</color>
        <Icon>
          <href>http://maps.google.com/mapfiles/kml/shapes/placemark_circle.png</href>
        </Icon>
      </IconStyle>
    </Style>
    <Point>
      <coordinates>140.149988821453,37.0149694608905,309.834153014691</coordinates>
      <altitudeMode>absolute</altitudeMode>
    </Point>
  </Placemark>

  <Placemark>
    <Style>
      <IconStyle>
        <scale>NA</scale>
        <color>FFNANANA</color>
        <Icon>
          <href>http://maps.google.com/mapfiles/kml/shapes/placemark_circle.png</href>
        </Icon>
      </IconStyle>
    </Style>
    <Point>
      <coordinates>140.149988391076,37.0149697381057,310.234153027491</coordinates>
      <altitudeMode>absolute</altitudeMode>
    </Point>
  </Placemark>

  <Placemark>
    <Style>
      <IconStyle>
        <scale>NA</scale>
        <color>FFNANANA</color>
        <Icon>
          <href>http://maps.google.com/mapfiles/kml/shapes/placemark_circle.png</href>
        </Icon>
      </IconStyle>
    </Style>
    <Point>
      <coordinates>140.149987541013,37.0149686328793,310.634153040291</coordinates>
      <altitudeMode>absolute</altitudeMode>
    </Point>
  </Placemark>

  <Placemark>
    <Style>
      <IconStyle>
        <scale>NA</scale>
        <color>FFNANANA</color>
        <Icon>
          <href>http://maps.google.com/mapfiles/kml/shapes/placemark_circle.png</href>
        </Icon>
      </IconStyle>
    </Style>
    <Point>
      <coordinates>140.149985342319,37.0149668411736,311.034153053091</coordinates>
      <altitudeMode>absolute</altitudeMode>
    </Point>
  </Placemark>

  <Placemark>
    <Style>
      <IconStyle>
        <scale>NA</scale>
        <color>FFNANANA</color>
        <Icon>
          <href>http://maps.google.com/mapfiles/kml/shapes/placemark_circle.png</href>
        </Icon>
      </IconStyle>
    </Style>
    <Point>
      <coordinates>140.149982886756,37.0149648109093,311.334153062691</coordinates>
      <altitudeMode>absolute</altitudeMode>
    </Point>
  </Placemark>

  <Placemark>
    <Style>
      <IconStyle>
        <scale>NA</scale>
        <color>FFNANANA</color>
        <Icon>
          <href>http://maps.google.com/mapfiles/kml/shapes/placemark_circle.png</href>
        </Icon>
      </IconStyle>
    </Style>
    <Point>
      <coordinates>140.149981166123,37.0149633984442,311.834153078691</coordinates>
      <altitudeMode>absolute</altitudeMode>
    </Point>
  </Placemark>

  <Placemark>
    <Style>
      <IconStyle>
        <scale>NA</scale>
        <color>FFNANANA</color>
        <Icon>
          <href>http://maps.google.com/mapfiles/kml/shapes/placemark_circle.png</href>
        </Icon>
      </IconStyle>
    </Style>
    <Point>
      <coordinates>140.149979479091,37.0149616373896,312.234153091491</coordinates>
      <altitudeMode>absolute</altitudeMode>
    </Point>
  </Placemark>

  <Placemark>
    <Style>
      <IconStyle>
        <scale>NA</scale>
        <color>FFNANANA</color>
        <Icon>
          <href>http://maps.google.com/mapfiles/kml/shapes/placemark_circle.png</href>
        </Icon>
      </IconStyle>
    </Style>
    <Point>
      <coordinates>140.14997828448,37.0149609057862,312.734153107491</coordinates>
      <altitudeMode>absolute</altitudeMode>
    </Point>
  </Placemark>

  <Placemark>
    <Style>
      <IconStyle>
        <scale>NA</scale>
        <color>FFNANANA</color>
        <Icon>
          <href>http://maps.google.com/mapfiles/kml/shapes/placemark_circle.png</href>
        </Icon>
      </IconStyle>
    </Style>
    <Point>
      <coordinates>140.149977650636,37.0149598607161,313.134153120291</coordinates>
      <altitudeMode>absolute</altitudeMode>
    </Point>
  </Placemark>

  <Placemark>
    <Style>
      <IconStyle>
        <scale>NA</scale>
        <color>FFNANANA</color>
        <Icon>
          <href>http://maps.google.com/mapfiles/kml/shapes/placemark_circle.png</href>
        </Icon>
      </IconStyle>
    </Style>
    <Point>
      <coordinates>140.149977016469,37.0149585859687,313.434153129891</coordinates>
      <altitudeMode>absolute</altitudeMode>
    </Point>
  </Placemark>

  <Placemark>
    <Style>
      <IconStyle>
        <scale>NA</scale>
        <color>FFNANANA</color>
        <Icon>
          <href>http://maps.google.com/mapfiles/kml/shapes/placemark_circle.png</href>
        </Icon>
      </IconStyle>
    </Style>
    <Point>
      <coordinates>140.149976386219,37.0149574658687,313.834153142691</coordinates>
      <altitudeMode>absolute</altitudeMode>
    </Point>
  </Placemark>

  <Placemark>
    <Style>
      <IconStyle>
        <scale>NA</scale>
        <color>FFNANANA</color>
        <Icon>
          <href>http://maps.google.com/mapfiles/kml/shapes/placemark_circle.png</href>
        </Icon>
      </IconStyle>
    </Style>
    <Point>
      <coordinates>140.149975680756,37.0149565360528,314.134153152291</coordinates>
      <altitudeMode>absolute</altitudeMode>
    </Point>
  </Placemark>

  <Placemark>
    <Style>
      <IconStyle>
        <scale>NA</scale>
        <color>FFNANANA</color>
        <Icon>
          <href>http://maps.google.com/mapfiles/kml/shapes/placemark_circle.png</href>
        </Icon>
      </IconStyle>
    </Style>
    <Point>
      <coordinates>140.149974308951,37.0149546404929,314.434153161891</coordinates>
      <altitudeMode>absolute</altitudeMode>
    </Point>
  </Placemark>

  <Placemark>
    <Style>
      <IconStyle>
        <scale>NA</scale>
        <color>FFNANANA</color>
        <Icon>
          <href>http://maps.google.com/mapfiles/kml/shapes/placemark_circle.png</href>
        </Icon>
      </IconStyle>
    </Style>
    <Point>
      <coordinates>140.149972158466,37.0149522203999,314.834153174691</coordinates>
      <altitudeMode>absolute</altitudeMode>
    </Point>
  </Placemark>

  <Placemark>
    <Style>
      <IconStyle>
        <scale>NA</scale>
        <color>FFNANANA</color>
        <Icon>
          <href>http://maps.google.com/mapfiles/kml/shapes/placemark_circle.png</href>
        </Icon>
      </IconStyle>
    </Style>
    <Point>
      <coordinates>140.149969952257,37.0149500617489,315.034153181091</coordinates>
      <altitudeMode>absolute</altitudeMode>
    </Point>
  </Placemark>

  <Placemark>
    <Style>
      <IconStyle>
        <scale>NA</scale>
        <color>FFNANANA</color>
        <Icon>
          <href>http://maps.google.com/mapfiles/kml/shapes/placemark_circle.png</href>
        </Icon>
      </IconStyle>
    </Style>
    <Point>
      <coordinates>140.149967769018,37.0149477316473,315.334153190691</coordinates>
      <altitudeMode>absolute</altitudeMode>
    </Point>
  </Placemark>

  <Placemark>
    <Style>
      <IconStyle>
        <scale>NA</scale>
        <color>FFNANANA</color>
        <Icon>
          <href>http://maps.google.com/mapfiles/kml/shapes/placemark_circle.png</href>
        </Icon>
      </IconStyle>
    </Style>
    <Point>
      <coordinates>140.149964770423,37.014944439237,315.634153200291</coordinates>
      <altitudeMode>absolute</altitudeMode>
    </Point>
  </Placemark>

  <Placemark>
    <Style>
      <IconStyle>
        <scale>NA</scale>
        <color>FFNANANA</color>
        <Icon>
          <href>http://maps.google.com/mapfiles/kml/shapes/placemark_circle.png</href>
        </Icon>
      </IconStyle>
    </Style>
    <Point>
      <coordinates>140.149962071198,37.0149412250519,316.034153213091</coordinates>
      <altitudeMode>absolute</altitudeMode>
    </Point>
  </Placemark>

  <Placemark>
    <Style>
      <IconStyle>
        <scale>NA</scale>
        <color>FFNANANA</color>
        <Icon>
          <href>http://maps.google.com/mapfiles/kml/shapes/placemark_circle.png</href>
        </Icon>
      </IconStyle>
    </Style>
    <Point>
      <coordinates>140.149959688821,37.0149377641593,316.434153225891</coordinates>
      <altitudeMode>absolute</altitudeMode>
    </Point>
  </Placemark>

  <Placemark>
    <Style>
      <IconStyle>
        <scale>NA</scale>
        <color>FFNANANA</color>
        <Icon>
          <href>http://maps.google.com/mapfiles/kml/shapes/placemark_circle.png</href>
        </Icon>
      </IconStyle>
    </Style>
    <Point>
      <coordinates>140.149956431624,37.014934118041,316.834153238691</coordinates>
      <altitudeMode>absolute</altitudeMode>
    </Point>
  </Placemark>

  <Placemark>
    <Style>
      <IconStyle>
        <scale>NA</scale>
        <color>FFNANANA</color>
        <Icon>
          <href>http://maps.google.com/mapfiles/kml/shapes/placemark_circle.png</href>
        </Icon>
      </IconStyle>
    </Style>
    <Point>
      <coordinates>140.149954341707,37.0149305275196,317.334153254691</coordinates>
      <altitudeMode>absolute</altitudeMode>
    </Point>
  </Placemark>

  <Placemark>
    <Style>
      <IconStyle>
        <scale>NA</scale>
        <color>FFNANANA</color>
        <Icon>
          <href>http://maps.google.com/mapfiles/kml/shapes/placemark_circle.png</href>
        </Icon>
      </IconStyle>
    </Style>
    <Point>
      <coordinates>140.149952163704,37.0149270360915,317.834153270691</coordinates>
      <altitudeMode>absolute</altitudeMode>
    </Point>
  </Placemark>

  <Placemark>
    <Style>
      <IconStyle>
        <scale>NA</scale>
        <color>FFNANANA</color>
        <Icon>
          <href>http://maps.google.com/mapfiles/kml/shapes/placemark_circle.png</href>
        </Icon>
      </IconStyle>
    </Style>
    <Point>
      <coordinates>140.14994922189,37.0149239058113,318.434153289891</coordinates>
      <altitudeMode>absolute</altitudeMode>
    </Point>
  </Placemark>

  <Placemark>
    <Style>
      <IconStyle>
        <scale>NA</scale>
        <color>FFNANANA</color>
        <Icon>
          <href>http://maps.google.com/mapfiles/kml/shapes/placemark_circle.png</href>
        </Icon>
      </IconStyle>
    </Style>
    <Point>
      <coordinates>140.149945833949,37.0149200582896,319.034153309091</coordinates>
      <altitudeMode>absolute</altitudeMode>
    </Point>
  </Placemark>

  <Placemark>
    <Style>
      <IconStyle>
        <scale>NA</scale>
        <color>FFNANANA</color>
        <Icon>
          <href>http://maps.google.com/mapfiles/kml/shapes/placemark_circle.png</href>
        </Icon>
      </IconStyle>
    </Style>
    <Point>
      <coordinates>140.149942884126,37.014916528809,319.734153331491</coordinates>
      <altitudeMode>absolute</altitudeMode>
    </Point>
  </Placemark>

  <Placemark>
    <Style>
      <IconStyle>
        <scale>NA</scale>
        <color>FFNANANA</color>
        <Icon>
          <href>http://maps.google.com/mapfiles/kml/shapes/placemark_circle.png</href>
        </Icon>
      </IconStyle>
    </Style>
    <Point>
      <coordinates>140.149940088247,37.0149141211246,320.634153360291</coordinates>
      <altitudeMode>absolute</altitudeMode>
    </Point>
  </Placemark>

  <Placemark>
    <Style>
      <IconStyle>
        <scale>NA</scale>
        <color>FFNANANA</color>
        <Icon>
          <href>http://maps.google.com/mapfiles/kml/shapes/placemark_circle.png</href>
        </Icon>
      </IconStyle>
    </Style>
    <Point>
      <coordinates>140.149937203804,37.0149112083059,321.634153392291</coordinates>
      <altitudeMode>absolute</altitudeMode>
    </Point>
  </Placemark>

  <Placemark>
    <Style>
      <IconStyle>
        <scale>NA</scale>
        <color>FFNANANA</color>
        <Icon>
          <href>http://maps.google.com/mapfiles/kml/shapes/placemark_circle.png</href>
        </Icon>
      </IconStyle>
    </Style>
    <Point>
      <coordinates>140.149934894467,37.0149087681886,322.134153408291</coordinates>
      <altitudeMode>absolute</altitudeMode>
    </Point>
  </Placemark>

  <Placemark>
    <Style>
      <IconStyle>
        <scale>NA</scale>
        <color>FFNANANA</color>
        <Icon>
          <href>http://maps.google.com/mapfiles/kml/shapes/placemark_circle.png</href>
        </Icon>
      </IconStyle>
    </Style>
    <Point>
      <coordinates>140.149932114703,37.0149060063894,322.634153424291</coordinates>
      <altitudeMode>absolute</altitudeMode>
    </Point>
  </Placemark>

  <Placemark>
    <Style>
      <IconStyle>
        <scale>NA</scale>
        <color>FFNANANA</color>
        <Icon>
          <href>http://maps.google.com/mapfiles/kml/shapes/placemark_circle.png</href>
        </Icon>
      </IconStyle>
    </Style>
    <Point>
      <coordinates>140.149930330894,37.0149042215691,323.034153437091</coordinates>
      <altitudeMode>absolute</altitudeMode>
    </Point>
  </Placemark>

  <Placemark>
    <Style>
      <IconStyle>
        <scale>NA</scale>
        <color>FFNANANA</color>
        <Icon>
          <href>http://maps.google.com/mapfiles/kml/shapes/placemark_circle.png</href>
        </Icon>
      </IconStyle>
    </Style>
    <Point>
      <coordinates>140.149930010882,37.0149030197101,323.434153449891</coordinates>
      <altitudeMode>absolute</altitudeMode>
    </Point>
  </Placemark>

  <Placemark>
    <Style>
      <IconStyle>
        <scale>NA</scale>
        <color>FFNANANA</color>
        <Icon>
          <href>http://maps.google.com/mapfiles/kml/shapes/placemark_circle.png</href>
        </Icon>
      </IconStyle>
    </Style>
    <Point>
      <coordinates>140.14993115855,37.0149036154012,323.934153465891</coordinates>
      <altitudeMode>absolute</altitudeMode>
    </Point>
  </Placemark>

  <Placemark>
    <Style>
      <IconStyle>
        <scale>NA</scale>
        <color>FFNANANA</color>
        <Icon>
          <href>http://maps.google.com/mapfiles/kml/shapes/placemark_circle.png</href>
        </Icon>
      </IconStyle>
    </Style>
    <Point>
      <coordinates>140.149930117073,37.0149026227968,324.434153481891</coordinates>
      <altitudeMode>absolute</altitudeMode>
    </Point>
  </Placemark>

  <Placemark>
    <Style>
      <IconStyle>
        <scale>NA</scale>
        <color>FFNANANA</color>
        <Icon>
          <href>http://maps.google.com/mapfiles/kml/shapes/placemark_circle.png</href>
        </Icon>
      </IconStyle>
    </Style>
    <Point>
      <coordinates>140.149928125752,37.0149000038274,325.134153504291</coordinates>
      <altitudeMode>absolute</altitudeMode>
    </Point>
  </Placemark>

  <Placemark>
    <Style>
      <IconStyle>
        <scale>NA</scale>
        <color>FFNANANA</color>
        <Icon>
          <href>http://maps.google.com/mapfiles/kml/shapes/placemark_circle.png</href>
        </Icon>
      </IconStyle>
    </Style>
    <Point>
      <coordinates>140.149926941285,37.0148981683875,325.634153520291</coordinates>
      <altitudeMode>absolute</altitudeMode>
    </Point>
  </Placemark>

  <Placemark>
    <Style>
      <IconStyle>
        <scale>NA</scale>
        <color>FFNANANA</color>
        <Icon>
          <href>http://maps.google.com/mapfiles/kml/shapes/placemark_circle.png</href>
        </Icon>
      </IconStyle>
    </Style>
    <Point>
      <coordinates>140.149925025557,37.0148957874393,326.134153536291</coordinates>
      <altitudeMode>absolute</altitudeMode>
    </Point>
  </Placemark>

  <Placemark>
    <Style>
      <IconStyle>
        <scale>NA</scale>
        <color>FFNANANA</color>
        <Icon>
          <href>http://maps.google.com/mapfiles/kml/shapes/placemark_circle.png</href>
        </Icon>
      </IconStyle>
    </Style>
    <Point>
      <coordinates>140.149923162808,37.0148939604888,326.434153545891</coordinates>
      <altitudeMode>absolute</altitudeMode>
    </Point>
  </Placemark>

  <Placemark>
    <Style>
      <IconStyle>
        <scale>NA</scale>
        <color>FFNANANA</color>
        <Icon>
          <href>http://maps.google.com/mapfiles/kml/shapes/placemark_circle.png</href>
        </Icon>
      </IconStyle>
    </Style>
    <Point>
      <coordinates>140.149920991139,37.0148922382214,326.934153561891</coordinates>
      <altitudeMode>absolute</altitudeMode>
    </Point>
  </Placemark>

  <Placemark>
    <Style>
      <IconStyle>
        <scale>NA</scale>
        <color>FFNANANA</color>
        <Icon>
          <href>http://maps.google.com/mapfiles/kml/shapes/placemark_circle.png</href>
        </Icon>
      </IconStyle>
    </Style>
    <Point>
      <coordinates>140.149918842741,37.0148907853971,327.634153584291</coordinates>
      <altitudeMode>absolute</altitudeMode>
    </Point>
  </Placemark>

  <Placemark>
    <Style>
      <IconStyle>
        <scale>NA</scale>
        <color>FFNANANA</color>
        <Icon>
          <href>http://maps.google.com/mapfiles/kml/shapes/placemark_circle.png</href>
        </Icon>
      </IconStyle>
    </Style>
    <Point>
      <coordinates>140.149917670934,37.0148893297117,328.234153603491</coordinates>
      <altitudeMode>absolute</altitudeMode>
    </Point>
  </Placemark>

  <Placemark>
    <Style>
      <IconStyle>
        <scale>NA</scale>
        <color>FFNANANA</color>
        <Icon>
          <href>http://maps.google.com/mapfiles/kml/shapes/placemark_circle.png</href>
        </Icon>
      </IconStyle>
    </Style>
    <Point>
      <coordinates>140.149916216224,37.0148873162078,328.734153619491</coordinates>
      <altitudeMode>absolute</altitudeMode>
    </Point>
  </Placemark>

  <Placemark>
    <Style>
      <IconStyle>
        <scale>NA</scale>
        <color>FFNANANA</color>
        <Icon>
          <href>http://maps.google.com/mapfiles/kml/shapes/placemark_circle.png</href>
        </Icon>
      </IconStyle>
    </Style>
    <Point>
      <coordinates>140.149914397644,37.0148853114503,329.434153641891</coordinates>
      <altitudeMode>absolute</altitudeMode>
    </Point>
  </Placemark>

  <Placemark>
    <Style>
      <IconStyle>
        <scale>NA</scale>
        <color>FFNANANA</color>
        <Icon>
          <href>http://maps.google.com/mapfiles/kml/shapes/placemark_circle.png</href>
        </Icon>
      </IconStyle>
    </Style>
    <Point>
      <coordinates>140.149912460846,37.0148832759818,330.334153670691</coordinates>
      <altitudeMode>absolute</altitudeMode>
    </Point>
  </Placemark>

  <Placemark>
    <Style>
      <IconStyle>
        <scale>NA</scale>
        <color>FFNANANA</color>
        <Icon>
          <href>http://maps.google.com/mapfiles/kml/shapes/placemark_circle.png</href>
        </Icon>
      </IconStyle>
    </Style>
    <Point>
      <coordinates>140.149910051443,37.0148809838171,331.134153696291</coordinates>
      <altitudeMode>absolute</altitudeMode>
    </Point>
  </Placemark>

  <Placemark>
    <Style>
      <IconStyle>
        <scale>NA</scale>
        <color>FFNANANA</color>
        <Icon>
          <href>http://maps.google.com/mapfiles/kml/shapes/placemark_circle.png</href>
        </Icon>
      </IconStyle>
    </Style>
    <Point>
      <coordinates>140.149905234332,37.0148783067581,331.834153718691</coordinates>
      <altitudeMode>absolute</altitudeMode>
    </Point>
  </Placemark>

  <Placemark>
    <Style>
      <IconStyle>
        <scale>NA</scale>
        <color>FFNANANA</color>
        <Icon>
          <href>http://maps.google.com/mapfiles/kml/shapes/placemark_circle.png</href>
        </Icon>
      </IconStyle>
    </Style>
    <Point>
      <coordinates>140.149900365735,37.0148754906727,332.334153734691</coordinates>
      <altitudeMode>absolute</altitudeMode>
    </Point>
  </Placemark>

  <Placemark>
    <Style>
      <IconStyle>
        <scale>NA</scale>
        <color>FFNANANA</color>
        <Icon>
          <href>http://maps.google.com/mapfiles/kml/shapes/placemark_circle.png</href>
        </Icon>
      </IconStyle>
    </Style>
    <Point>
      <coordinates>140.149894962028,37.0148725785822,332.934153753891</coordinates>
      <altitudeMode>absolute</altitudeMode>
    </Point>
  </Placemark>

  <Placemark>
    <Style>
      <IconStyle>
        <scale>NA</scale>
        <color>FFNANANA</color>
        <Icon>
          <href>http://maps.google.com/mapfiles/kml/shapes/placemark_circle.png</href>
        </Icon>
      </IconStyle>
    </Style>
    <Point>
      <coordinates>140.149889576431,37.0148678453493,333.534153773091</coordinates>
      <altitudeMode>absolute</altitudeMode>
    </Point>
  </Placemark>

  <Placemark>
    <Style>
      <IconStyle>
        <scale>NA</scale>
        <color>FFNANANA</color>
        <Icon>
          <href>http://maps.google.com/mapfiles/kml/shapes/placemark_circle.png</href>
        </Icon>
      </IconStyle>
    </Style>
    <Point>
      <coordinates>140.14988522523,37.0148644944638,334.234153795491</coordinates>
      <altitudeMode>absolute</altitudeMode>
    </Point>
  </Placemark>

  <Placemark>
    <Style>
      <IconStyle>
        <scale>NA</scale>
        <color>FFNANANA</color>
        <Icon>
          <href>http://maps.google.com/mapfiles/kml/shapes/placemark_circle.png</href>
        </Icon>
      </IconStyle>
    </Style>
    <Point>
      <coordinates>140.149880125786,37.0148620112312,334.834153814691</coordinates>
      <altitudeMode>absolute</altitudeMode>
    </Point>
  </Placemark>

  <Placemark>
    <Style>
      <IconStyle>
        <scale>NA</scale>
        <color>FFNANANA</color>
        <Icon>
          <href>http://maps.google.com/mapfiles/kml/shapes/placemark_circle.png</href>
        </Icon>
      </IconStyle>
    </Style>
    <Point>
      <coordinates>140.14987570206,37.0148596327929,335.334153830691</coordinates>
      <altitudeMode>absolute</altitudeMode>
    </Point>
  </Placemark>

  <Placemark>
    <Style>
      <IconStyle>
        <scale>NA</scale>
        <color>FFNANANA</color>
        <Icon>
          <href>http://maps.google.com/mapfiles/kml/shapes/placemark_circle.png</href>
        </Icon>
      </IconStyle>
    </Style>
    <Point>
      <coordinates>140.149871534136,37.0148568930611,335.834153846691</coordinates>
      <altitudeMode>absolute</altitudeMode>
    </Point>
  </Placemark>

  <Placemark>
    <Style>
      <IconStyle>
        <scale>NA</scale>
        <color>FFNANANA</color>
        <Icon>
          <href>http://maps.google.com/mapfiles/kml/shapes/placemark_circle.png</href>
        </Icon>
      </IconStyle>
    </Style>
    <Point>
      <coordinates>140.149866648051,37.0148539651568,336.434153865891</coordinates>
      <altitudeMode>absolute</altitudeMode>
    </Point>
  </Placemark>

  <Placemark>
    <Style>
      <IconStyle>
        <scale>NA</scale>
        <color>FFNANANA</color>
        <Icon>
          <href>http://maps.google.com/mapfiles/kml/shapes/placemark_circle.png</href>
        </Icon>
      </IconStyle>
    </Style>
    <Point>
      <coordinates>140.149861302987,37.0148498507018,337.034153885091</coordinates>
      <altitudeMode>absolute</altitudeMode>
    </Point>
  </Placemark>

  <Placemark>
    <Style>
      <IconStyle>
        <scale>NA</scale>
        <color>FFNANANA</color>
        <Icon>
          <href>http://maps.google.com/mapfiles/kml/shapes/placemark_circle.png</href>
        </Icon>
      </IconStyle>
    </Style>
    <Point>
      <coordinates>140.149854377495,37.0148444420491,337.834153910691</coordinates>
      <altitudeMode>absolute</altitudeMode>
    </Point>
  </Placemark>

  <Placemark>
    <Style>
      <IconStyle>
        <scale>NA</scale>
        <color>FFNANANA</color>
        <Icon>
          <href>http://maps.google.com/mapfiles/kml/shapes/placemark_circle.png</href>
        </Icon>
      </IconStyle>
    </Style>
    <Point>
      <coordinates>140.149848731001,37.0148378743101,338.434153929891</coordinates>
      <altitudeMode>absolute</altitudeMode>
    </Point>
  </Placemark>

  <Placemark>
    <Style>
      <IconStyle>
        <scale>NA</scale>
        <color>FFNANANA</color>
        <Icon>
          <href>http://maps.google.com/mapfiles/kml/shapes/placemark_circle.png</href>
        </Icon>
      </IconStyle>
    </Style>
    <Point>
      <coordinates>140.149844172084,37.0148310302489,338.934153945891</coordinates>
      <altitudeMode>absolute</altitudeMode>
    </Point>
  </Placemark>

  <Placemark>
    <Style>
      <IconStyle>
        <scale>NA</scale>
        <color>FFNANANA</color>
        <Icon>
          <href>http://maps.google.com/mapfiles/kml/shapes/placemark_circle.png</href>
        </Icon>
      </IconStyle>
    </Style>
    <Point>
      <coordinates>140.149837929467,37.0148235187005,339.734153971491</coordinates>
      <altitudeMode>absolute</altitudeMode>
    </Point>
  </Placemark>

  <Placemark>
    <Style>
      <IconStyle>
        <scale>NA</scale>
        <color>FFNANANA</color>
        <Icon>
          <href>http://maps.google.com/mapfiles/kml/shapes/placemark_circle.png</href>
        </Icon>
      </IconStyle>
    </Style>
    <Point>
      <coordinates>140.149831603188,37.0148153043023,340.534153997091</coordinates>
      <altitudeMode>absolute</altitudeMode>
    </Point>
  </Placemark>

  <Placemark>
    <Style>
      <IconStyle>
        <scale>NA</scale>
        <color>FFNANANA</color>
        <Icon>
          <href>http://maps.google.com/mapfiles/kml/shapes/placemark_circle.png</href>
        </Icon>
      </IconStyle>
    </Style>
    <Point>
      <coordinates>140.149824093376,37.0148063939931,341.834154038691</coordinates>
      <altitudeMode>absolute</altitudeMode>
    </Point>
  </Placemark>

  <Placemark>
    <Style>
      <IconStyle>
        <scale>NA</scale>
        <color>FFNANANA</color>
        <Icon>
          <href>http://maps.google.com/mapfiles/kml/shapes/placemark_circle.png</href>
        </Icon>
      </IconStyle>
    </Style>
    <Point>
      <coordinates>140.149816062519,37.0147975421933,343.834154102691</coordinates>
      <altitudeMode>absolute</altitudeMode>
    </Point>
  </Placemark>

  <Placemark>
    <Style>
      <IconStyle>
        <scale>NA</scale>
        <color>FFNANANA</color>
        <Icon>
          <href>http://maps.google.com/mapfiles/kml/shapes/placemark_circle.png</href>
        </Icon>
      </IconStyle>
    </Style>
    <Point>
      <coordinates>140.149806916576,37.014788674357,345.334154150691</coordinates>
      <altitudeMode>absolute</altitudeMode>
    </Point>
  </Placemark>

  <Placemark>
    <Style>
      <IconStyle>
        <scale>NA</scale>
        <color>FFNANANA</color>
        <Icon>
          <href>http://maps.google.com/mapfiles/kml/shapes/placemark_circle.png</href>
        </Icon>
      </IconStyle>
    </Style>
    <Point>
      <coordinates>140.149797353592,37.0147790929626,346.134154176291</coordinates>
      <altitudeMode>absolute</altitudeMode>
    </Point>
  </Placemark>

  <Placemark>
    <Style>
      <IconStyle>
        <scale>NA</scale>
        <color>FFNANANA</color>
        <Icon>
          <href>http://maps.google.com/mapfiles/kml/shapes/placemark_circle.png</href>
        </Icon>
      </IconStyle>
    </Style>
    <Point>
      <coordinates>140.149786516161,37.0147696424306,347.034154205091</coordinates>
      <altitudeMode>absolute</altitudeMode>
    </Point>
  </Placemark>

  <Placemark>
    <Style>
      <IconStyle>
        <scale>NA</scale>
        <color>FFNANANA</color>
        <Icon>
          <href>http://maps.google.com/mapfiles/kml/shapes/placemark_circle.png</href>
        </Icon>
      </IconStyle>
    </Style>
    <Point>
      <coordinates>140.149769748699,37.0147708849207,348.334154246691</coordinates>
      <altitudeMode>absolute</altitudeMode>
    </Point>
  </Placemark>

  <Placemark>
    <Style>
      <IconStyle>
        <scale>NA</scale>
        <color>FFNANANA</color>
        <Icon>
          <href>http://maps.google.com/mapfiles/kml/shapes/placemark_circle.png</href>
        </Icon>
      </IconStyle>
    </Style>
    <Point>
      <coordinates>140.149758907298,37.0147627807738,349.634154288291</coordinates>
      <altitudeMode>absolute</altitudeMode>
    </Point>
  </Placemark>

  <Placemark>
    <Style>
      <IconStyle>
        <scale>NA</scale>
        <color>FFNANANA</color>
        <Icon>
          <href>http://maps.google.com/mapfiles/kml/shapes/placemark_circle.png</href>
        </Icon>
      </IconStyle>
    </Style>
    <Point>
      <coordinates>140.149745464645,37.0147582668099,350.834154326691</coordinates>
      <altitudeMode>absolute</altitudeMode>
    </Point>
  </Placemark>

  <Placemark>
    <Style>
      <IconStyle>
        <scale>NA</scale>
        <color>FFNANANA</color>
        <Icon>
          <href>http://maps.google.com/mapfiles/kml/shapes/placemark_circle.png</href>
        </Icon>
      </IconStyle>
    </Style>
    <Point>
      <coordinates>140.149734998422,37.0147523012468,352.134154368291</coordinates>
      <altitudeMode>absolute</altitudeMode>
    </Point>
  </Placemark>

  <Placemark>
    <Style>
      <IconStyle>
        <scale>NA</scale>
        <color>FFNANANA</color>
        <Icon>
          <href>http://maps.google.com/mapfiles/kml/shapes/placemark_circle.png</href>
        </Icon>
      </IconStyle>
    </Style>
    <Point>
      <coordinates>140.149722899309,37.014749667226,353.334154406691</coordinates>
      <altitudeMode>absolute</altitudeMode>
    </Point>
  </Placemark>

  <Placemark>
    <Style>
      <IconStyle>
        <scale>NA</scale>
        <color>FFNANANA</color>
        <Icon>
          <href>http://maps.google.com/mapfiles/kml/shapes/placemark_circle.png</href>
        </Icon>
      </IconStyle>
    </Style>
    <Point>
      <coordinates>140.149717928608,37.0147446529252,354.834154454691</coordinates>
      <altitudeMode>absolute</altitudeMode>
    </Point>
  </Placemark>

  <Placemark>
    <Style>
      <IconStyle>
        <scale>NA</scale>
        <color>FFNANANA</color>
        <Icon>
          <href>http://maps.google.com/mapfiles/kml/shapes/placemark_circle.png</href>
        </Icon>
      </IconStyle>
    </Style>
    <Point>
      <coordinates>140.149712797386,37.0147405047866,356.834154518691</coordinates>
      <altitudeMode>absolute</altitudeMode>
    </Point>
  </Placemark>

  <Placemark>
    <Style>
      <IconStyle>
        <scale>NA</scale>
        <color>FFNANANA</color>
        <Icon>
          <href>http://maps.google.com/mapfiles/kml/shapes/placemark_circle.png</href>
        </Icon>
      </IconStyle>
    </Style>
    <Point>
      <coordinates>140.149702617959,37.0147346090236,358.034154557091</coordinates>
      <altitudeMode>absolute</altitudeMode>
    </Point>
  </Placemark>

  <Placemark>
    <Style>
      <IconStyle>
        <scale>NA</scale>
        <color>FFNANANA</color>
        <Icon>
          <href>http://maps.google.com/mapfiles/kml/shapes/placemark_circle.png</href>
        </Icon>
      </IconStyle>
    </Style>
    <Point>
      <coordinates>140.149693637215,37.0147305194287,359.334154598691</coordinates>
      <altitudeMode>absolute</altitudeMode>
    </Point>
  </Placemark>

  <Placemark>
    <Style>
      <IconStyle>
        <scale>NA</scale>
        <color>FFNANANA</color>
        <Icon>
          <href>http://maps.google.com/mapfiles/kml/shapes/placemark_circle.png</href>
        </Icon>
      </IconStyle>
    </Style>
    <Point>
      <coordinates>140.149678792316,37.0147250328548,360.934154649891</coordinates>
      <altitudeMode>absolute</altitudeMode>
    </Point>
  </Placemark>

  <Placemark>
    <Style>
      <IconStyle>
        <scale>NA</scale>
        <color>FFNANANA</color>
        <Icon>
          <href>http://maps.google.com/mapfiles/kml/shapes/placemark_circle.png</href>
        </Icon>
      </IconStyle>
    </Style>
    <Point>
      <coordinates>140.14966938687,37.0147182047103,361.934154681891</coordinates>
      <altitudeMode>absolute</altitudeMode>
    </Point>
  </Placemark>

  <Placemark>
    <Style>
      <IconStyle>
        <scale>NA</scale>
        <color>FFNANANA</color>
        <Icon>
          <href>http://maps.google.com/mapfiles/kml/shapes/placemark_circle.png</href>
        </Icon>
      </IconStyle>
    </Style>
    <Point>
      <coordinates>140.149659322003,37.0147082012599,363.434154729891</coordinates>
      <altitudeMode>absolute</altitudeMode>
    </Point>
  </Placemark>

  <Placemark>
    <Style>
      <IconStyle>
        <scale>NA</scale>
        <color>FFNANANA</color>
        <Icon>
          <href>http://maps.google.com/mapfiles/kml/shapes/placemark_circle.png</href>
        </Icon>
      </IconStyle>
    </Style>
    <Point>
      <coordinates>140.149649380816,37.0146977933664,365.034154781091</coordinates>
      <altitudeMode>absolute</altitudeMode>
    </Point>
  </Placemark>

  <Placemark>
    <Style>
      <IconStyle>
        <scale>NA</scale>
        <color>FFNANANA</color>
        <Icon>
          <href>http://maps.google.com/mapfiles/kml/shapes/placemark_circle.png</href>
        </Icon>
      </IconStyle>
    </Style>
    <Point>
      <coordinates>140.149639019497,37.0146872647532,367.134154848291</coordinates>
      <altitudeMode>absolute</altitudeMode>
    </Point>
  </Placemark>

  <Placemark>
    <Style>
      <IconStyle>
        <scale>NA</scale>
        <color>FFNANANA</color>
        <Icon>
          <href>http://maps.google.com/mapfiles/kml/shapes/placemark_circle.png</href>
        </Icon>
      </IconStyle>
    </Style>
    <Point>
      <coordinates>140.149628470428,37.0146770668767,368.534154893091</coordinates>
      <altitudeMode>absolute</altitudeMode>
    </Point>
  </Placemark>

  <Placemark>
    <Style>
      <IconStyle>
        <scale>NA</scale>
        <color>FFNANANA</color>
        <Icon>
          <href>http://maps.google.com/mapfiles/kml/shapes/placemark_circle.png</href>
        </Icon>
      </IconStyle>
    </Style>
    <Point>
      <coordinates>140.149616792969,37.0146653297997,370.134154944291</coordinates>
      <altitudeMode>absolute</altitudeMode>
    </Point>
  </Placemark>

  <Placemark>
    <Style>
      <IconStyle>
        <scale>NA</scale>
        <color>FFNANANA</color>
        <Icon>
          <href>http://maps.google.com/mapfiles/kml/shapes/placemark_circle.png</href>
        </Icon>
      </IconStyle>
    </Style>
    <Point>
      <coordinates>140.149605716955,37.0146535081539,371.734154995491</coordinates>
      <altitudeMode>absolute</altitudeMode>
    </Point>
  </Placemark>

  <Placemark>
    <Style>
      <IconStyle>
        <scale>NA</scale>
        <color>FFNANANA</color>
        <Icon>
          <href>http://maps.google.com/mapfiles/kml/shapes/placemark_circle.png</href>
        </Icon>
      </IconStyle>
    </Style>
    <Point>
      <coordinates>140.14959558437,37.0146430346749,373.934155065891</coordinates>
      <altitudeMode>absolute</altitudeMode>
    </Point>
  </Placemark>

  <Placemark>
    <Style>
      <IconStyle>
        <scale>NA</scale>
        <color>FFNANANA</color>
        <Icon>
          <href>http://maps.google.com/mapfiles/kml/shapes/placemark_circle.png</href>
        </Icon>
      </IconStyle>
    </Style>
    <Point>
      <coordinates>140.149583545573,37.0146312005219,377.034155165091</coordinates>
      <altitudeMode>absolute</altitudeMode>
    </Point>
  </Placemark>

  <Placemark>
    <Style>
      <IconStyle>
        <scale>NA</scale>
        <color>FFNANANA</color>
        <Icon>
          <href>http://maps.google.com/mapfiles/kml/shapes/placemark_circle.png</href>
        </Icon>
      </IconStyle>
    </Style>
    <Point>
      <coordinates>140.149575968921,37.0146228414006,378.934155225891</coordinates>
      <altitudeMode>absolute</altitudeMode>
    </Point>
  </Placemark>

  <Placemark>
    <Style>
      <IconStyle>
        <scale>NA</scale>
        <color>FFNANANA</color>
        <Icon>
          <href>http://maps.google.com/mapfiles/kml/shapes/placemark_circle.png</href>
        </Icon>
      </IconStyle>
    </Style>
    <Point>
      <coordinates>140.149566673594,37.014613214912,380.334155270691</coordinates>
      <altitudeMode>absolute</altitudeMode>
    </Point>
  </Placemark>

  <Placemark>
    <Style>
      <IconStyle>
        <scale>NA</scale>
        <color>FFNANANA</color>
        <Icon>
          <href>http://maps.google.com/mapfiles/kml/shapes/placemark_circle.png</href>
        </Icon>
      </IconStyle>
    </Style>
    <Point>
      <coordinates>140.149557982028,37.0146034935405,381.334155302691</coordinates>
      <altitudeMode>absolute</altitudeMode>
    </Point>
  </Placemark>

  <Placemark>
    <Style>
      <IconStyle>
        <scale>NA</scale>
        <color>FFNANANA</color>
        <Icon>
          <href>http://maps.google.com/mapfiles/kml/shapes/placemark_circle.png</href>
        </Icon>
      </IconStyle>
    </Style>
    <Point>
      <coordinates>140.149549926324,37.0145933165664,382.334155334691</coordinates>
      <altitudeMode>absolute</altitudeMode>
    </Point>
  </Placemark>

  <Placemark>
    <Style>
      <IconStyle>
        <scale>NA</scale>
        <color>FFNANANA</color>
        <Icon>
          <href>http://maps.google.com/mapfiles/kml/shapes/placemark_circle.png</href>
        </Icon>
      </IconStyle>
    </Style>
    <Point>
      <coordinates>140.14954241546,37.0145843445268,383.834155382691</coordinates>
      <altitudeMode>absolute</altitudeMode>
    </Point>
  </Placemark>

  <Placemark>
    <Style>
      <IconStyle>
        <scale>NA</scale>
        <color>FFNANANA</color>
        <Icon>
          <href>http://maps.google.com/mapfiles/kml/shapes/placemark_circle.png</href>
        </Icon>
      </IconStyle>
    </Style>
    <Point>
      <coordinates>140.149534843143,37.0145760517447,385.934155449891</coordinates>
      <altitudeMode>absolute</altitudeMode>
    </Point>
  </Placemark>

  <Placemark>
    <Style>
      <IconStyle>
        <scale>NA</scale>
        <color>FFNANANA</color>
        <Icon>
          <href>http://maps.google.com/mapfiles/kml/shapes/placemark_circle.png</href>
        </Icon>
      </IconStyle>
    </Style>
    <Point>
      <coordinates>140.149527203364,37.0145668114697,388.034155517091</coordinates>
      <altitudeMode>absolute</altitudeMode>
    </Point>
  </Placemark>

  <Placemark>
    <Style>
      <IconStyle>
        <scale>NA</scale>
        <color>FFNANANA</color>
        <Icon>
          <href>http://maps.google.com/mapfiles/kml/shapes/placemark_circle.png</href>
        </Icon>
      </IconStyle>
    </Style>
    <Point>
      <coordinates>140.149518103168,37.0145544819655,390.134155584291</coordinates>
      <altitudeMode>absolute</altitudeMode>
    </Point>
  </Placemark>

  <Placemark>
    <Style>
      <IconStyle>
        <scale>NA</scale>
        <color>FFNANANA</color>
        <Icon>
          <href>http://maps.google.com/mapfiles/kml/shapes/placemark_circle.png</href>
        </Icon>
      </IconStyle>
    </Style>
    <Point>
      <coordinates>140.149507098263,37.0145399863616,391.834155638691</coordinates>
      <altitudeMode>absolute</altitudeMode>
    </Point>
  </Placemark>

  <Placemark>
    <Style>
      <IconStyle>
        <scale>NA</scale>
        <color>FFNANANA</color>
        <Icon>
          <href>http://maps.google.com/mapfiles/kml/shapes/placemark_circle.png</href>
        </Icon>
      </IconStyle>
    </Style>
    <Point>
      <coordinates>140.14949503728,37.014523863596,393.634155696291</coordinates>
      <altitudeMode>absolute</altitudeMode>
    </Point>
  </Placemark>

  <Placemark>
    <Style>
      <IconStyle>
        <scale>NA</scale>
        <color>FFNANANA</color>
        <Icon>
          <href>http://maps.google.com/mapfiles/kml/shapes/placemark_circle.png</href>
        </Icon>
      </IconStyle>
    </Style>
    <Point>
      <coordinates>140.149493910993,37.0145082041771,395.934155769891</coordinates>
      <altitudeMode>absolute</altitudeMode>
    </Point>
  </Placemark>

  <Placemark>
    <Style>
      <IconStyle>
        <scale>NA</scale>
        <color>FFNANANA</color>
        <Icon>
          <href>http://maps.google.com/mapfiles/kml/shapes/placemark_circle.png</href>
        </Icon>
      </IconStyle>
    </Style>
    <Point>
      <coordinates>140.14948133787,37.014492165158,397.334155814691</coordinates>
      <altitudeMode>absolute</altitudeMode>
    </Point>
  </Placemark>

  <Placemark>
    <Style>
      <IconStyle>
        <scale>NA</scale>
        <color>FFNANANA</color>
        <Icon>
          <href>http://maps.google.com/mapfiles/kml/shapes/placemark_circle.png</href>
        </Icon>
      </IconStyle>
    </Style>
    <Point>
      <coordinates>140.149471356772,37.0144758843569,399.034155869091</coordinates>
      <altitudeMode>absolute</altitudeMode>
    </Point>
  </Placemark>

  <Placemark>
    <Style>
      <IconStyle>
        <scale>NA</scale>
        <color>FFNANANA</color>
        <Icon>
          <href>http://maps.google.com/mapfiles/kml/shapes/placemark_circle.png</href>
        </Icon>
      </IconStyle>
    </Style>
    <Point>
      <coordinates>140.149461771945,37.0144599930248,400.934155929891</coordinates>
      <altitudeMode>absolute</altitudeMode>
    </Point>
  </Placemark>

  <Placemark>
    <Style>
      <IconStyle>
        <scale>NA</scale>
        <color>FFNANANA</color>
        <Icon>
          <href>http://maps.google.com/mapfiles/kml/shapes/placemark_circle.png</href>
        </Icon>
      </IconStyle>
    </Style>
    <Point>
      <coordinates>140.149453397731,37.0144455666386,402.734155987491</coordinates>
      <altitudeMode>absolute</altitudeMode>
    </Point>
  </Placemark>

  <Placemark>
    <Style>
      <IconStyle>
        <scale>NA</scale>
        <color>FFNANANA</color>
        <Icon>
          <href>http://maps.google.com/mapfiles/kml/shapes/placemark_circle.png</href>
        </Icon>
      </IconStyle>
    </Style>
    <Point>
      <coordinates>140.14944543352,37.0144339273571,404.634156048291</coordinates>
      <altitudeMode>absolute</altitudeMode>
    </Point>
  </Placemark>

  <Placemark>
    <Style>
      <IconStyle>
        <scale>NA</scale>
        <color>FFNANANA</color>
        <Icon>
          <href>http://maps.google.com/mapfiles/kml/shapes/placemark_circle.png</href>
        </Icon>
      </IconStyle>
    </Style>
    <Point>
      <coordinates>140.14943691065,37.0144224102001,406.034156093091</coordinates>
      <altitudeMode>absolute</altitudeMode>
    </Point>
  </Placemark>

  <Placemark>
    <Style>
      <IconStyle>
        <scale>NA</scale>
        <color>FFNANANA</color>
        <Icon>
          <href>http://maps.google.com/mapfiles/kml/shapes/placemark_circle.png</href>
        </Icon>
      </IconStyle>
    </Style>
    <Point>
      <coordinates>140.149427600131,37.0144100962527,407.234156131491</coordinates>
      <altitudeMode>absolute</altitudeMode>
    </Point>
  </Placemark>

  <Placemark>
    <Style>
      <IconStyle>
        <scale>NA</scale>
        <color>FFNANANA</color>
        <Icon>
          <href>http://maps.google.com/mapfiles/kml/shapes/placemark_circle.png</href>
        </Icon>
      </IconStyle>
    </Style>
    <Point>
      <coordinates>140.149416915882,37.0143968819968,408.134156160291</coordinates>
      <altitudeMode>absolute</altitudeMode>
    </Point>
  </Placemark>

  <Placemark>
    <Style>
      <IconStyle>
        <scale>NA</scale>
        <color>FFNANANA</color>
        <Icon>
          <href>http://maps.google.com/mapfiles/kml/shapes/placemark_circle.png</href>
        </Icon>
      </IconStyle>
    </Style>
    <Point>
      <coordinates>140.149404999649,37.0143805955076,409.634156208291</coordinates>
      <altitudeMode>absolute</altitudeMode>
    </Point>
  </Placemark>

  <Placemark>
    <Style>
      <IconStyle>
        <scale>NA</scale>
        <color>FFNANANA</color>
        <Icon>
          <href>http://maps.google.com/mapfiles/kml/shapes/placemark_circle.png</href>
        </Icon>
      </IconStyle>
    </Style>
    <Point>
      <coordinates>140.149390006115,37.0143652789556,411.634156272291</coordinates>
      <altitudeMode>absolute</altitudeMode>
    </Point>
  </Placemark>

  <Placemark>
    <Style>
      <IconStyle>
        <scale>NA</scale>
        <color>FFNANANA</color>
        <Icon>
          <href>http://maps.google.com/mapfiles/kml/shapes/placemark_circle.png</href>
        </Icon>
      </IconStyle>
    </Style>
    <Point>
      <coordinates>140.149380439484,37.014355711439,411.534156269091</coordinates>
      <altitudeMode>absolute</altitudeMode>
    </Point>
  </Placemark>

  <Placemark>
    <Style>
      <IconStyle>
        <scale>NA</scale>
        <color>FFNANANA</color>
        <Icon>
          <href>http://maps.google.com/mapfiles/kml/shapes/placemark_circle.png</href>
        </Icon>
      </IconStyle>
    </Style>
    <Point>
      <coordinates>140.149379089227,37.0143577333467,411.534156269091</coordinates>
      <altitudeMode>absolute</altitudeMode>
    </Point>
  </Placemark>

  <Placemark>
    <Style>
      <IconStyle>
        <scale>NA</scale>
        <color>FFNANANA</color>
        <Icon>
          <href>http://maps.google.com/mapfiles/kml/shapes/placemark_circle.png</href>
        </Icon>
      </IconStyle>
    </Style>
    <Point>
      <coordinates>140.149379086266,37.014359578304,411.534156269091</coordinates>
      <altitudeMode>absolute</altitudeMode>
    </Point>
  </Placemark>

  <Placemark>
    <Style>
      <IconStyle>
        <scale>NA</scale>
        <color>FFNANANA</color>
        <Icon>
          <href>http://maps.google.com/mapfiles/kml/shapes/placemark_circle.png</href>
        </Icon>
      </IconStyle>
    </Style>
    <Point>
      <coordinates>140.14937252913,37.0143636815368,411.834156278691</coordinates>
      <altitudeMode>absolute</altitudeMode>
    </Point>
  </Placemark>

  <Placemark>
    <Style>
      <IconStyle>
        <scale>NA</scale>
        <color>FFNANANA</color>
        <Icon>
          <href>http://maps.google.com/mapfiles/kml/shapes/placemark_circle.png</href>
        </Icon>
      </IconStyle>
    </Style>
    <Point>
      <coordinates>140.149362554255,37.0143688309834,412.134156288291</coordinates>
      <altitudeMode>absolute</altitudeMode>
    </Point>
  </Placemark>

  <Placemark>
    <Style>
      <IconStyle>
        <scale>NA</scale>
        <color>FFNANANA</color>
        <Icon>
          <href>http://maps.google.com/mapfiles/kml/shapes/placemark_circle.png</href>
        </Icon>
      </IconStyle>
    </Style>
    <Point>
      <coordinates>140.149356851027,37.0143729968547,412.034156285091</coordinates>
      <altitudeMode>absolute</altitudeMode>
    </Point>
  </Placemark>

  <Placemark>
    <Style>
      <IconStyle>
        <scale>NA</scale>
        <color>FFNANANA</color>
        <Icon>
          <href>http://maps.google.com/mapfiles/kml/shapes/placemark_circle.png</href>
        </Icon>
      </IconStyle>
    </Style>
    <Point>
      <coordinates>140.149338756849,37.0143830841885,412.134156288291</coordinates>
      <altitudeMode>absolute</altitudeMode>
    </Point>
  </Placemark>

  <Placemark>
    <Style>
      <IconStyle>
        <scale>NA</scale>
        <color>FFNANANA</color>
        <Icon>
          <href>http://maps.google.com/mapfiles/kml/shapes/placemark_circle.png</href>
        </Icon>
      </IconStyle>
    </Style>
    <Point>
      <coordinates>140.149310753968,37.0143971772338,411.934156281891</coordinates>
      <altitudeMode>absolute</altitudeMode>
    </Point>
  </Placemark>

  <Placemark>
    <Style>
      <IconStyle>
        <scale>NA</scale>
        <color>FFNANANA</color>
        <Icon>
          <href>http://maps.google.com/mapfiles/kml/shapes/placemark_circle.png</href>
        </Icon>
      </IconStyle>
    </Style>
    <Point>
      <coordinates>140.149281004733,37.0144124774065,411.234156259491</coordinates>
      <altitudeMode>absolute</altitudeMode>
    </Point>
  </Placemark>

  <Placemark>
    <Style>
      <IconStyle>
        <scale>NA</scale>
        <color>FFNANANA</color>
        <Icon>
          <href>http://maps.google.com/mapfiles/kml/shapes/placemark_circle.png</href>
        </Icon>
      </IconStyle>
    </Style>
    <Point>
      <coordinates>140.14925882378,37.0144251152032,410.634156240291</coordinates>
      <altitudeMode>absolute</altitudeMode>
    </Point>
  </Placemark>

  <Placemark>
    <Style>
      <IconStyle>
        <scale>NA</scale>
        <color>FFNANANA</color>
        <Icon>
          <href>http://maps.google.com/mapfiles/kml/shapes/placemark_circle.png</href>
        </Icon>
      </IconStyle>
    </Style>
    <Point>
      <coordinates>140.149247768537,37.0144345836564,410.334156230691</coordinates>
      <altitudeMode>absolute</altitudeMode>
    </Point>
  </Placemark>

  <Placemark>
    <Style>
      <IconStyle>
        <scale>NA</scale>
        <color>FFNANANA</color>
        <Icon>
          <href>http://maps.google.com/mapfiles/kml/shapes/placemark_circle.png</href>
        </Icon>
      </IconStyle>
    </Style>
    <Point>
      <coordinates>140.149229529694,37.0144497410764,411.234156259491</coordinates>
      <altitudeMode>absolute</altitudeMode>
    </Point>
  </Placemark>

  <Placemark>
    <Style>
      <IconStyle>
        <scale>NA</scale>
        <color>FFNANANA</color>
        <Icon>
          <href>http://maps.google.com/mapfiles/kml/shapes/placemark_circle.png</href>
        </Icon>
      </IconStyle>
    </Style>
    <Point>
      <coordinates>140.14919891419,37.0144731673949,411.934156281891</coordinates>
      <altitudeMode>absolute</altitudeMode>
    </Point>
  </Placemark>

  <Placemark>
    <Style>
      <IconStyle>
        <scale>NA</scale>
        <color>FFNANANA</color>
        <Icon>
          <href>http://maps.google.com/mapfiles/kml/shapes/placemark_circle.png</href>
        </Icon>
      </IconStyle>
    </Style>
    <Point>
      <coordinates>140.149161143409,37.0145021008299,411.634156272291</coordinates>
      <altitudeMode>absolute</altitudeMode>
    </Point>
  </Placemark>

  <Placemark>
    <Style>
      <IconStyle>
        <scale>NA</scale>
        <color>FFNANANA</color>
        <Icon>
          <href>http://maps.google.com/mapfiles/kml/shapes/placemark_circle.png</href>
        </Icon>
      </IconStyle>
    </Style>
    <Point>
      <coordinates>140.149126700806,37.0145309370861,410.834156246691</coordinates>
      <altitudeMode>absolute</altitudeMode>
    </Point>
  </Placemark>

  <Placemark>
    <Style>
      <IconStyle>
        <scale>NA</scale>
        <color>FFNANANA</color>
        <Icon>
          <href>http://maps.google.com/mapfiles/kml/shapes/placemark_circle.png</href>
        </Icon>
      </IconStyle>
    </Style>
    <Point>
      <coordinates>140.149096036809,37.0145577450612,410.734156243491</coordinates>
      <altitudeMode>absolute</altitudeMode>
    </Point>
  </Placemark>

  <Placemark>
    <Style>
      <IconStyle>
        <scale>NA</scale>
        <color>FFNANANA</color>
        <Icon>
          <href>http://maps.google.com/mapfiles/kml/shapes/placemark_circle.png</href>
        </Icon>
      </IconStyle>
    </Style>
    <Point>
      <coordinates>140.149067853603,37.0145816495294,411.134156256291</coordinates>
      <altitudeMode>absolute</altitudeMode>
    </Point>
  </Placemark>

  <Placemark>
    <Style>
      <IconStyle>
        <scale>NA</scale>
        <color>FFNANANA</color>
        <Icon>
          <href>http://maps.google.com/mapfiles/kml/shapes/placemark_circle.png</href>
        </Icon>
      </IconStyle>
    </Style>
    <Point>
      <coordinates>140.149036276818,37.0146070322387,411.634156272291</coordinates>
      <altitudeMode>absolute</altitudeMode>
    </Point>
  </Placemark>

  <Placemark>
    <Style>
      <IconStyle>
        <scale>NA</scale>
        <color>FFNANANA</color>
        <Icon>
          <href>http://maps.google.com/mapfiles/kml/shapes/placemark_circle.png</href>
        </Icon>
      </IconStyle>
    </Style>
    <Point>
      <coordinates>140.149002183537,37.0146349288146,411.834156278691</coordinates>
      <altitudeMode>absolute</altitudeMode>
    </Point>
  </Placemark>

  <Placemark>
    <Style>
      <IconStyle>
        <scale>NA</scale>
        <color>FFNANANA</color>
        <Icon>
          <href>http://maps.google.com/mapfiles/kml/shapes/placemark_circle.png</href>
        </Icon>
      </IconStyle>
    </Style>
    <Point>
      <coordinates>140.14896741118,37.0146637100737,411.634156272291</coordinates>
      <altitudeMode>absolute</altitudeMode>
    </Point>
  </Placemark>

  <Placemark>
    <Style>
      <IconStyle>
        <scale>NA</scale>
        <color>FFNANANA</color>
        <Icon>
          <href>http://maps.google.com/mapfiles/kml/shapes/placemark_circle.png</href>
        </Icon>
      </IconStyle>
    </Style>
    <Point>
      <coordinates>140.148933545432,37.0146924550449,411.534156269091</coordinates>
      <altitudeMode>absolute</altitudeMode>
    </Point>
  </Placemark>

  <Placemark>
    <Style>
      <IconStyle>
        <scale>NA</scale>
        <color>FFNANANA</color>
        <Icon>
          <href>http://maps.google.com/mapfiles/kml/shapes/placemark_circle.png</href>
        </Icon>
      </IconStyle>
    </Style>
    <Point>
      <coordinates>140.148900080846,37.01472064571,411.634156272291</coordinates>
      <altitudeMode>absolute</altitudeMode>
    </Point>
  </Placemark>

  <Placemark>
    <Style>
      <IconStyle>
        <scale>NA</scale>
        <color>FFNANANA</color>
        <Icon>
          <href>http://maps.google.com/mapfiles/kml/shapes/placemark_circle.png</href>
        </Icon>
      </IconStyle>
    </Style>
    <Point>
      <coordinates>140.148866443058,37.0147488785224,411.734156275491</coordinates>
      <altitudeMode>absolute</altitudeMode>
    </Point>
  </Placemark>

  <Placemark>
    <Style>
      <IconStyle>
        <scale>NA</scale>
        <color>FFNANANA</color>
        <Icon>
          <href>http://maps.google.com/mapfiles/kml/shapes/placemark_circle.png</href>
        </Icon>
      </IconStyle>
    </Style>
    <Point>
      <coordinates>140.148832694294,37.0147770437277,411.734156275491</coordinates>
      <altitudeMode>absolute</altitudeMode>
    </Point>
  </Placemark>

  <Placemark>
    <Style>
      <IconStyle>
        <scale>NA</scale>
        <color>FFNANANA</color>
        <Icon>
          <href>http://maps.google.com/mapfiles/kml/shapes/placemark_circle.png</href>
        </Icon>
      </IconStyle>
    </Style>
    <Point>
      <coordinates>140.148798704522,37.0148057364944,411.434156265891</coordinates>
      <altitudeMode>absolute</altitudeMode>
    </Point>
  </Placemark>

  <Placemark>
    <Style>
      <IconStyle>
        <scale>NA</scale>
        <color>FFNANANA</color>
        <Icon>
          <href>http://maps.google.com/mapfiles/kml/shapes/placemark_circle.png</href>
        </Icon>
      </IconStyle>
    </Style>
    <Point>
      <coordinates>140.148764563349,37.0148343966741,411.334156262691</coordinates>
      <altitudeMode>absolute</altitudeMode>
    </Point>
  </Placemark>

  <Placemark>
    <Style>
      <IconStyle>
        <scale>NA</scale>
        <color>FFNANANA</color>
        <Icon>
          <href>http://maps.google.com/mapfiles/kml/shapes/placemark_circle.png</href>
        </Icon>
      </IconStyle>
    </Style>
    <Point>
      <coordinates>140.148730610914,37.0148627355231,411.434156265891</coordinates>
      <altitudeMode>absolute</altitudeMode>
    </Point>
  </Placemark>

  <Placemark>
    <Style>
      <IconStyle>
        <scale>NA</scale>
        <color>FFNANANA</color>
        <Icon>
          <href>http://maps.google.com/mapfiles/kml/shapes/placemark_circle.png</href>
        </Icon>
      </IconStyle>
    </Style>
    <Point>
      <coordinates>140.148697542427,37.0148910240436,411.734156275491</coordinates>
      <altitudeMode>absolute</altitudeMode>
    </Point>
  </Placemark>

  <Placemark>
    <Style>
      <IconStyle>
        <scale>NA</scale>
        <color>FFNANANA</color>
        <Icon>
          <href>http://maps.google.com/mapfiles/kml/shapes/placemark_circle.png</href>
        </Icon>
      </IconStyle>
    </Style>
    <Point>
      <coordinates>140.148657206486,37.0149253862113,411.734156275491</coordinates>
      <altitudeMode>absolute</altitudeMode>
    </Point>
  </Placemark>

  <Placemark>
    <Style>
      <IconStyle>
        <scale>NA</scale>
        <color>FFNANANA</color>
        <Icon>
          <href>http://maps.google.com/mapfiles/kml/shapes/placemark_circle.png</href>
        </Icon>
      </IconStyle>
    </Style>
    <Point>
      <coordinates>140.148633635453,37.0149447676822,411.334156262691</coordinates>
      <altitudeMode>absolute</altitudeMode>
    </Point>
  </Placemark>

  <Placemark>
    <Style>
      <IconStyle>
        <scale>NA</scale>
        <color>FFNANANA</color>
        <Icon>
          <href>http://maps.google.com/mapfiles/kml/shapes/placemark_circle.png</href>
        </Icon>
      </IconStyle>
    </Style>
    <Point>
      <coordinates>140.148630769378,37.0149468691301,411.234156259491</coordinates>
      <altitudeMode>absolute</altitudeMode>
    </Point>
  </Placemark>

  <Placemark>
    <Style>
      <IconStyle>
        <scale>NA</scale>
        <color>FFNANANA</color>
        <Icon>
          <href>http://maps.google.com/mapfiles/kml/shapes/placemark_circle.png</href>
        </Icon>
      </IconStyle>
    </Style>
    <Point>
      <coordinates>140.148631052355,37.0149460983219,411.334156262691</coordinates>
      <altitudeMode>absolute</altitudeMode>
    </Point>
  </Placemark>

  <Placemark>
    <Style>
      <IconStyle>
        <scale>NA</scale>
        <color>FFNANANA</color>
        <Icon>
          <href>http://maps.google.com/mapfiles/kml/shapes/placemark_circle.png</href>
        </Icon>
      </IconStyle>
    </Style>
    <Point>
      <coordinates>140.148631687487,37.014946119537,411.534156269091</coordinates>
      <altitudeMode>absolute</altitudeMode>
    </Point>
  </Placemark>

  <Placemark>
    <Style>
      <IconStyle>
        <scale>NA</scale>
        <color>FFNANANA</color>
        <Icon>
          <href>http://maps.google.com/mapfiles/kml/shapes/placemark_circle.png</href>
        </Icon>
      </IconStyle>
    </Style>
    <Point>
      <coordinates>140.148631699074,37.0149460765886,411.534156269091</coordinates>
      <altitudeMode>absolute</altitudeMode>
    </Point>
  </Placemark>

  <Placemark>
    <Style>
      <IconStyle>
        <scale>NA</scale>
        <color>FFNANANA</color>
        <Icon>
          <href>http://maps.google.com/mapfiles/kml/shapes/placemark_circle.png</href>
        </Icon>
      </IconStyle>
    </Style>
    <Point>
      <coordinates>140.148631544239,37.0149464264116,411.634156272291</coordinates>
      <altitudeMode>absolute</altitudeMode>
    </Point>
  </Placemark>

  <Placemark>
    <Style>
      <IconStyle>
        <scale>NA</scale>
        <color>FFNANANA</color>
        <Icon>
          <href>http://maps.google.com/mapfiles/kml/shapes/placemark_circle.png</href>
        </Icon>
      </IconStyle>
    </Style>
    <Point>
      <coordinates>140.148631812024,37.014946539854,411.634156272291</coordinates>
      <altitudeMode>absolute</altitudeMode>
    </Point>
  </Placemark>

  <Placemark>
    <Style>
      <IconStyle>
        <scale>NA</scale>
        <color>FFNANANA</color>
        <Icon>
          <href>http://maps.google.com/mapfiles/kml/shapes/placemark_circle.png</href>
        </Icon>
      </IconStyle>
    </Style>
    <Point>
      <coordinates>140.148631748511,37.0149468056178,411.634156272291</coordinates>
      <altitudeMode>absolute</altitudeMode>
    </Point>
  </Placemark>

  <Placemark>
    <Style>
      <IconStyle>
        <scale>NA</scale>
        <color>FFNANANA</color>
        <Icon>
          <href>http://maps.google.com/mapfiles/kml/shapes/placemark_circle.png</href>
        </Icon>
      </IconStyle>
    </Style>
    <Point>
      <coordinates>140.148631478236,37.0149471479837,411.634156272291</coordinates>
      <altitudeMode>absolute</altitudeMode>
    </Point>
  </Placemark>

  <Placemark>
    <Style>
      <IconStyle>
        <scale>NA</scale>
        <color>FFNANANA</color>
        <Icon>
          <href>http://maps.google.com/mapfiles/kml/shapes/placemark_circle.png</href>
        </Icon>
      </IconStyle>
    </Style>
    <Point>
      <coordinates>140.148631212168,37.0149474455636,411.434156265891</coordinates>
      <altitudeMode>absolute</altitudeMode>
    </Point>
  </Placemark>

  <Placemark>
    <Style>
      <IconStyle>
        <scale>NA</scale>
        <color>FFNANANA</color>
        <Icon>
          <href>http://maps.google.com/mapfiles/kml/shapes/placemark_circle.png</href>
        </Icon>
      </IconStyle>
    </Style>
    <Point>
      <coordinates>140.148630541417,37.0149474554409,410.934156249891</coordinates>
      <altitudeMode>absolute</altitudeMode>
    </Point>
  </Placemark>

  <Placemark>
    <Style>
      <IconStyle>
        <scale>NA</scale>
        <color>FFNANANA</color>
        <Icon>
          <href>http://maps.google.com/mapfiles/kml/shapes/placemark_circle.png</href>
        </Icon>
      </IconStyle>
    </Style>
    <Point>
      <coordinates>140.148630206428,37.0149476034877,410.534156237091</coordinates>
      <altitudeMode>absolute</altitudeMode>
    </Point>
  </Placemark>

  <Placemark>
    <Style>
      <IconStyle>
        <scale>NA</scale>
        <color>FFNANANA</color>
        <Icon>
          <href>http://maps.google.com/mapfiles/kml/shapes/placemark_circle.png</href>
        </Icon>
      </IconStyle>
    </Style>
    <Point>
      <coordinates>140.148629810672,37.0149480501639,410.034156221091</coordinates>
      <altitudeMode>absolute</altitudeMode>
    </Point>
  </Placemark>

  <Placemark>
    <Style>
      <IconStyle>
        <scale>NA</scale>
        <color>FFNANANA</color>
        <Icon>
          <href>http://maps.google.com/mapfiles/kml/shapes/placemark_circle.png</href>
        </Icon>
      </IconStyle>
    </Style>
    <Point>
      <coordinates>140.148631049608,37.0149482228053,409.534156205091</coordinates>
      <altitudeMode>absolute</altitudeMode>
    </Point>
  </Placemark>

  <Placemark>
    <Style>
      <IconStyle>
        <scale>NA</scale>
        <color>FFNANANA</color>
        <Icon>
          <href>http://maps.google.com/mapfiles/kml/shapes/placemark_circle.png</href>
        </Icon>
      </IconStyle>
    </Style>
    <Point>
      <coordinates>140.148636477068,37.014948319757,409.034156189091</coordinates>
      <altitudeMode>absolute</altitudeMode>
    </Point>
  </Placemark>

  <Placemark>
    <Style>
      <IconStyle>
        <scale>NA</scale>
        <color>FFNANANA</color>
        <Icon>
          <href>http://maps.google.com/mapfiles/kml/shapes/placemark_circle.png</href>
        </Icon>
      </IconStyle>
    </Style>
    <Point>
      <coordinates>140.148643206977,37.0149500105125,408.534156173091</coordinates>
      <altitudeMode>absolute</altitudeMode>
    </Point>
  </Placemark>

  <Placemark>
    <Style>
      <IconStyle>
        <scale>NA</scale>
        <color>FFNANANA</color>
        <Icon>
          <href>http://maps.google.com/mapfiles/kml/shapes/placemark_circle.png</href>
        </Icon>
      </IconStyle>
    </Style>
    <Point>
      <coordinates>140.148652831286,37.0149537197318,407.934156153891</coordinates>
      <altitudeMode>absolute</altitudeMode>
    </Point>
  </Placemark>

  <Placemark>
    <Style>
      <IconStyle>
        <scale>NA</scale>
        <color>FFNANANA</color>
        <Icon>
          <href>http://maps.google.com/mapfiles/kml/shapes/placemark_circle.png</href>
        </Icon>
      </IconStyle>
    </Style>
    <Point>
      <coordinates>140.148664184612,37.0149571643095,407.234156131491</coordinates>
      <altitudeMode>absolute</altitudeMode>
    </Point>
  </Placemark>

  <Placemark>
    <Style>
      <IconStyle>
        <scale>NA</scale>
        <color>FFNANANA</color>
        <Icon>
          <href>http://maps.google.com/mapfiles/kml/shapes/placemark_circle.png</href>
        </Icon>
      </IconStyle>
    </Style>
    <Point>
      <coordinates>140.148675581368,37.0149605894412,406.534156109091</coordinates>
      <altitudeMode>absolute</altitudeMode>
    </Point>
  </Placemark>

  <Placemark>
    <Style>
      <IconStyle>
        <scale>NA</scale>
        <color>FFNANANA</color>
        <Icon>
          <href>http://maps.google.com/mapfiles/kml/shapes/placemark_circle.png</href>
        </Icon>
      </IconStyle>
    </Style>
    <Point>
      <coordinates>140.148686021134,37.0149635342045,406.134156096291</coordinates>
      <altitudeMode>absolute</altitudeMode>
    </Point>
  </Placemark>

  <Placemark>
    <Style>
      <IconStyle>
        <scale>NA</scale>
        <color>FFNANANA</color>
        <Icon>
          <href>http://maps.google.com/mapfiles/kml/shapes/placemark_circle.png</href>
        </Icon>
      </IconStyle>
    </Style>
    <Point>
      <coordinates>140.148685907239,37.0149647056073,405.734156083491</coordinates>
      <altitudeMode>absolute</altitudeMode>
    </Point>
  </Placemark>

  <Placemark>
    <Style>
      <IconStyle>
        <scale>NA</scale>
        <color>FFNANANA</color>
        <Icon>
          <href>http://maps.google.com/mapfiles/kml/shapes/placemark_circle.png</href>
        </Icon>
      </IconStyle>
    </Style>
    <Point>
      <coordinates>140.148690891652,37.0149635264646,404.834156054691</coordinates>
      <altitudeMode>absolute</altitudeMode>
    </Point>
  </Placemark>

  <Placemark>
    <Style>
      <IconStyle>
        <scale>NA</scale>
        <color>FFNANANA</color>
        <Icon>
          <href>http://maps.google.com/mapfiles/kml/shapes/placemark_circle.png</href>
        </Icon>
      </IconStyle>
    </Style>
    <Point>
      <coordinates>140.148698994733,37.01496339953,403.934156025891</coordinates>
      <altitudeMode>absolute</altitudeMode>
    </Point>
  </Placemark>

  <Placemark>
    <Style>
      <IconStyle>
        <scale>NA</scale>
        <color>FFNANANA</color>
        <Icon>
          <href>http://maps.google.com/mapfiles/kml/shapes/placemark_circle.png</href>
        </Icon>
      </IconStyle>
    </Style>
    <Point>
      <coordinates>140.148706927274,37.0149647268695,402.834155990691</coordinates>
      <altitudeMode>absolute</altitudeMode>
    </Point>
  </Placemark>

  <Placemark>
    <Style>
      <IconStyle>
        <scale>NA</scale>
        <color>FFNANANA</color>
        <Icon>
          <href>http://maps.google.com/mapfiles/kml/shapes/placemark_circle.png</href>
        </Icon>
      </IconStyle>
    </Style>
    <Point>
      <coordinates>140.148714243822,37.0149662719274,402.034155965091</coordinates>
      <altitudeMode>absolute</altitudeMode>
    </Point>
  </Placemark>

  <Placemark>
    <Style>
      <IconStyle>
        <scale>NA</scale>
        <color>FFNANANA</color>
        <Icon>
          <href>http://maps.google.com/mapfiles/kml/shapes/placemark_circle.png</href>
        </Icon>
      </IconStyle>
    </Style>
    <Point>
      <coordinates>140.148721058015,37.0149679451172,401.234155939491</coordinates>
      <altitudeMode>absolute</altitudeMode>
    </Point>
  </Placemark>

  <Placemark>
    <Style>
      <IconStyle>
        <scale>NA</scale>
        <color>FFNANANA</color>
        <Icon>
          <href>http://maps.google.com/mapfiles/kml/shapes/placemark_circle.png</href>
        </Icon>
      </IconStyle>
    </Style>
    <Point>
      <coordinates>140.148727922847,37.0149697055528,400.634155920291</coordinates>
      <altitudeMode>absolute</altitudeMode>
    </Point>
  </Placemark>

  <Placemark>
    <Style>
      <IconStyle>
        <scale>NA</scale>
        <color>FFNANANA</color>
        <Icon>
          <href>http://maps.google.com/mapfiles/kml/shapes/placemark_circle.png</href>
        </Icon>
      </IconStyle>
    </Style>
    <Point>
      <coordinates>140.148733583417,37.0149723685285,400.034155901091</coordinates>
      <altitudeMode>absolute</altitudeMode>
    </Point>
  </Placemark>

  <Placemark>
    <Style>
      <IconStyle>
        <scale>NA</scale>
        <color>FFNANANA</color>
        <Icon>
          <href>http://maps.google.com/mapfiles/kml/shapes/placemark_circle.png</href>
        </Icon>
      </IconStyle>
    </Style>
    <Point>
      <coordinates>140.148739999622,37.0149763883404,398.934155865891</coordinates>
      <altitudeMode>absolute</altitudeMode>
    </Point>
  </Placemark>

  <Placemark>
    <Style>
      <IconStyle>
        <scale>NA</scale>
        <color>FFNANANA</color>
        <Icon>
          <href>http://maps.google.com/mapfiles/kml/shapes/placemark_circle.png</href>
        </Icon>
      </IconStyle>
    </Style>
    <Point>
      <coordinates>140.148744938288,37.0149792193208,397.634155824291</coordinates>
      <altitudeMode>absolute</altitudeMode>
    </Point>
  </Placemark>

  <Placemark>
    <Style>
      <IconStyle>
        <scale>NA</scale>
        <color>FFNANANA</color>
        <Icon>
          <href>http://maps.google.com/mapfiles/kml/shapes/placemark_circle.png</href>
        </Icon>
      </IconStyle>
    </Style>
    <Point>
      <coordinates>140.148742715241,37.0149798898149,396.234155779491</coordinates>
      <altitudeMode>absolute</altitudeMode>
    </Point>
  </Placemark>

  <Placemark>
    <Style>
      <IconStyle>
        <scale>NA</scale>
        <color>FFNANANA</color>
        <Icon>
          <href>http://maps.google.com/mapfiles/kml/shapes/placemark_circle.png</href>
        </Icon>
      </IconStyle>
    </Style>
    <Point>
      <coordinates>140.148745475747,37.0149791604773,394.934155737891</coordinates>
      <altitudeMode>absolute</altitudeMode>
    </Point>
  </Placemark>

  <Placemark>
    <Style>
      <IconStyle>
        <scale>NA</scale>
        <color>FFNANANA</color>
        <Icon>
          <href>http://maps.google.com/mapfiles/kml/shapes/placemark_circle.png</href>
        </Icon>
      </IconStyle>
    </Style>
    <Point>
      <coordinates>140.148752271659,37.0149795945029,394.134155712291</coordinates>
      <altitudeMode>absolute</altitudeMode>
    </Point>
  </Placemark>

  <Placemark>
    <Style>
      <IconStyle>
        <scale>NA</scale>
        <color>FFNANANA</color>
        <Icon>
          <href>http://maps.google.com/mapfiles/kml/shapes/placemark_circle.png</href>
        </Icon>
      </IconStyle>
    </Style>
    <Point>
      <coordinates>140.148760044901,37.0149809654139,393.034155677091</coordinates>
      <altitudeMode>absolute</altitudeMode>
    </Point>
  </Placemark>

  <Placemark>
    <Style>
      <IconStyle>
        <scale>NA</scale>
        <color>FFNANANA</color>
        <Icon>
          <href>http://maps.google.com/mapfiles/kml/shapes/placemark_circle.png</href>
        </Icon>
      </IconStyle>
    </Style>
    <Point>
      <coordinates>140.148769492574,37.0149819502045,392.134155648291</coordinates>
      <altitudeMode>absolute</altitudeMode>
    </Point>
  </Placemark>

  <Placemark>
    <Style>
      <IconStyle>
        <scale>NA</scale>
        <color>FFNANANA</color>
        <Icon>
          <href>http://maps.google.com/mapfiles/kml/shapes/placemark_circle.png</href>
        </Icon>
      </IconStyle>
    </Style>
    <Point>
      <coordinates>140.148780147856,37.0149819808427,391.334155622691</coordinates>
      <altitudeMode>absolute</altitudeMode>
    </Point>
  </Placemark>

  <Placemark>
    <Style>
      <IconStyle>
        <scale>NA</scale>
        <color>FFNANANA</color>
        <Icon>
          <href>http://maps.google.com/mapfiles/kml/shapes/placemark_circle.png</href>
        </Icon>
      </IconStyle>
    </Style>
    <Point>
      <coordinates>140.148790915402,37.0149832903135,390.834155606691</coordinates>
      <altitudeMode>absolute</altitudeMode>
    </Point>
  </Placemark>

  <Placemark>
    <Style>
      <IconStyle>
        <scale>NA</scale>
        <color>FFNANANA</color>
        <Icon>
          <href>http://maps.google.com/mapfiles/kml/shapes/placemark_circle.png</href>
        </Icon>
      </IconStyle>
    </Style>
    <Point>
      <coordinates>140.148801141712,37.014984180613,389.934155577891</coordinates>
      <altitudeMode>absolute</altitudeMode>
    </Point>
  </Placemark>

  <Placemark>
    <Style>
      <IconStyle>
        <scale>NA</scale>
        <color>FFNANANA</color>
        <Icon>
          <href>http://maps.google.com/mapfiles/kml/shapes/placemark_circle.png</href>
        </Icon>
      </IconStyle>
    </Style>
    <Point>
      <coordinates>140.148812384491,37.0149843346907,389.134155552291</coordinates>
      <altitudeMode>absolute</altitudeMode>
    </Point>
  </Placemark>

  <Placemark>
    <Style>
      <IconStyle>
        <scale>NA</scale>
        <color>FFNANANA</color>
        <Icon>
          <href>http://maps.google.com/mapfiles/kml/shapes/placemark_circle.png</href>
        </Icon>
      </IconStyle>
    </Style>
    <Point>
      <coordinates>140.148824432086,37.0149839407576,388.434155529891</coordinates>
      <altitudeMode>absolute</altitudeMode>
    </Point>
  </Placemark>

  <Placemark>
    <Style>
      <IconStyle>
        <scale>NA</scale>
        <color>FFNANANA</color>
        <Icon>
          <href>http://maps.google.com/mapfiles/kml/shapes/placemark_circle.png</href>
        </Icon>
      </IconStyle>
    </Style>
    <Point>
      <coordinates>140.148836391362,37.014982937792,387.334155494691</coordinates>
      <altitudeMode>absolute</altitudeMode>
    </Point>
  </Placemark>

  <Placemark>
    <Style>
      <IconStyle>
        <scale>NA</scale>
        <color>FFNANANA</color>
        <Icon>
          <href>http://maps.google.com/mapfiles/kml/shapes/placemark_circle.png</href>
        </Icon>
      </IconStyle>
    </Style>
    <Point>
      <coordinates>140.148849541768,37.0149810582045,386.534155469091</coordinates>
      <altitudeMode>absolute</altitudeMode>
    </Point>
  </Placemark>

  <Placemark>
    <Style>
      <IconStyle>
        <scale>NA</scale>
        <color>FFNANANA</color>
        <Icon>
          <href>http://maps.google.com/mapfiles/kml/shapes/placemark_circle.png</href>
        </Icon>
      </IconStyle>
    </Style>
    <Point>
      <coordinates>140.148865614382,37.0149783463118,385.834155446691</coordinates>
      <altitudeMode>absolute</altitudeMode>
    </Point>
  </Placemark>

  <Placemark>
    <Style>
      <IconStyle>
        <scale>NA</scale>
        <color>FFNANANA</color>
        <Icon>
          <href>http://maps.google.com/mapfiles/kml/shapes/placemark_circle.png</href>
        </Icon>
      </IconStyle>
    </Style>
    <Point>
      <coordinates>140.148879770615,37.0149749951393,384.734155411491</coordinates>
      <altitudeMode>absolute</altitudeMode>
    </Point>
  </Placemark>

  <Placemark>
    <Style>
      <IconStyle>
        <scale>NA</scale>
        <color>FFNANANA</color>
        <Icon>
          <href>http://maps.google.com/mapfiles/kml/shapes/placemark_circle.png</href>
        </Icon>
      </IconStyle>
    </Style>
    <Point>
      <coordinates>140.148895373403,37.0149697889652,383.534155373091</coordinates>
      <altitudeMode>absolute</altitudeMode>
    </Point>
  </Placemark>

  <Placemark>
    <Style>
      <IconStyle>
        <scale>NA</scale>
        <color>FFNANANA</color>
        <Icon>
          <href>http://maps.google.com/mapfiles/kml/shapes/placemark_circle.png</href>
        </Icon>
      </IconStyle>
    </Style>
    <Point>
      <coordinates>140.148902517521,37.0149673507368,382.334155334691</coordinates>
      <altitudeMode>absolute</altitudeMode>
    </Point>
  </Placemark>

  <Placemark>
    <Style>
      <IconStyle>
        <scale>NA</scale>
        <color>FFNANANA</color>
        <Icon>
          <href>http://maps.google.com/mapfiles/kml/shapes/placemark_circle.png</href>
        </Icon>
      </IconStyle>
    </Style>
    <Point>
      <coordinates>140.148898755909,37.0149685165993,381.734155315491</coordinates>
      <altitudeMode>absolute</altitudeMode>
    </Point>
  </Placemark>

  <Placemark>
    <Style>
      <IconStyle>
        <scale>NA</scale>
        <color>FFNANANA</color>
        <Icon>
          <href>http://maps.google.com/mapfiles/kml/shapes/placemark_circle.png</href>
        </Icon>
      </IconStyle>
    </Style>
    <Point>
      <coordinates>140.148897741415,37.0149681295097,381.034155293091</coordinates>
      <altitudeMode>absolute</altitudeMode>
    </Point>
  </Placemark>

  <Placemark>
    <Style>
      <IconStyle>
        <scale>NA</scale>
        <color>FFNANANA</color>
        <Icon>
          <href>http://maps.google.com/mapfiles/kml/shapes/placemark_circle.png</href>
        </Icon>
      </IconStyle>
    </Style>
    <Point>
      <coordinates>140.148900643195,37.014966554274,380.734155283491</coordinates>
      <altitudeMode>absolute</altitudeMode>
    </Point>
  </Placemark>

  <Placemark>
    <Style>
      <IconStyle>
        <scale>NA</scale>
        <color>FFNANANA</color>
        <Icon>
          <href>http://maps.google.com/mapfiles/kml/shapes/placemark_circle.png</href>
        </Icon>
      </IconStyle>
    </Style>
    <Point>
      <coordinates>140.148902468684,37.0149638227746,380.334155270691</coordinates>
      <altitudeMode>absolute</altitudeMode>
    </Point>
  </Placemark>

  <Placemark>
    <Style>
      <IconStyle>
        <scale>NA</scale>
        <color>FFNANANA</color>
        <Icon>
          <href>http://maps.google.com/mapfiles/kml/shapes/placemark_circle.png</href>
        </Icon>
      </IconStyle>
    </Style>
    <Point>
      <coordinates>140.148902237376,37.0149630866716,379.534155245091</coordinates>
      <altitudeMode>absolute</altitudeMode>
    </Point>
  </Placemark>

  <Placemark>
    <Style>
      <IconStyle>
        <scale>NA</scale>
        <color>FFNANANA</color>
        <Icon>
          <href>http://maps.google.com/mapfiles/kml/shapes/placemark_circle.png</href>
        </Icon>
      </IconStyle>
    </Style>
    <Point>
      <coordinates>140.148903809585,37.0149635674919,379.334155238691</coordinates>
      <altitudeMode>absolute</altitudeMode>
    </Point>
  </Placemark>

  <Placemark>
    <Style>
      <IconStyle>
        <scale>NA</scale>
        <color>FFNANANA</color>
        <Icon>
          <href>http://maps.google.com/mapfiles/kml/shapes/placemark_circle.png</href>
        </Icon>
      </IconStyle>
    </Style>
    <Point>
      <coordinates>140.148903521544,37.0149630807778,378.934155225891</coordinates>
      <altitudeMode>absolute</altitudeMode>
    </Point>
  </Placemark>

  <Placemark>
    <Style>
      <IconStyle>
        <scale>NA</scale>
        <color>FFNANANA</color>
        <Icon>
          <href>http://maps.google.com/mapfiles/kml/shapes/placemark_circle.png</href>
        </Icon>
      </IconStyle>
    </Style>
    <Point>
      <coordinates>140.14890301404,37.0149635833742,378.534155213091</coordinates>
      <altitudeMode>absolute</altitudeMode>
    </Point>
  </Placemark>

  <Placemark>
    <Style>
      <IconStyle>
        <scale>NA</scale>
        <color>FFNANANA</color>
        <Icon>
          <href>http://maps.google.com/mapfiles/kml/shapes/placemark_circle.png</href>
        </Icon>
      </IconStyle>
    </Style>
    <Point>
      <coordinates>140.148903188615,37.014963091426,378.234155203491</coordinates>
      <altitudeMode>absolute</altitudeMode>
    </Point>
  </Placemark>

  <Placemark>
    <Style>
      <IconStyle>
        <scale>NA</scale>
        <color>FFNANANA</color>
        <Icon>
          <href>http://maps.google.com/mapfiles/kml/shapes/placemark_circle.png</href>
        </Icon>
      </IconStyle>
    </Style>
    <Point>
      <coordinates>140.148906077864,37.0149617993742,377.834155190691</coordinates>
      <altitudeMode>absolute</altitudeMode>
    </Point>
  </Placemark>

  <Placemark>
    <Style>
      <IconStyle>
        <scale>NA</scale>
        <color>FFNANANA</color>
        <Icon>
          <href>http://maps.google.com/mapfiles/kml/shapes/placemark_circle.png</href>
        </Icon>
      </IconStyle>
    </Style>
    <Point>
      <coordinates>140.148916441844,37.0149576785543,377.134155168291</coordinates>
      <altitudeMode>absolute</altitudeMode>
    </Point>
  </Placemark>

  <Placemark>
    <Style>
      <IconStyle>
        <scale>NA</scale>
        <color>FFNANANA</color>
        <Icon>
          <href>http://maps.google.com/mapfiles/kml/shapes/placemark_circle.png</href>
        </Icon>
      </IconStyle>
    </Style>
    <Point>
      <coordinates>140.148926042979,37.014953673631,376.734155155491</coordinates>
      <altitudeMode>absolute</altitudeMode>
    </Point>
  </Placemark>

  <Placemark>
    <Style>
      <IconStyle>
        <scale>NA</scale>
        <color>FFNANANA</color>
        <Icon>
          <href>http://maps.google.com/mapfiles/kml/shapes/placemark_circle.png</href>
        </Icon>
      </IconStyle>
    </Style>
    <Point>
      <coordinates>140.148924637363,37.0149522729299,376.734155155491</coordinates>
      <altitudeMode>absolute</altitudeMode>
    </Point>
  </Placemark>

  <Placemark>
    <Style>
      <IconStyle>
        <scale>NA</scale>
        <color>FFNANANA</color>
        <Icon>
          <href>http://maps.google.com/mapfiles/kml/shapes/placemark_circle.png</href>
        </Icon>
      </IconStyle>
    </Style>
    <Point>
      <coordinates>140.148927507644,37.0149504967961,376.134155136291</coordinates>
      <altitudeMode>absolute</altitudeMode>
    </Point>
  </Placemark>

  <Placemark>
    <Style>
      <IconStyle>
        <scale>NA</scale>
        <color>FFNANANA</color>
        <Icon>
          <href>http://maps.google.com/mapfiles/kml/shapes/placemark_circle.png</href>
        </Icon>
      </IconStyle>
    </Style>
    <Point>
      <coordinates>140.148938489247,37.0149484416374,375.534155117091</coordinates>
      <altitudeMode>absolute</altitudeMode>
    </Point>
  </Placemark>

  <Placemark>
    <Style>
      <IconStyle>
        <scale>NA</scale>
        <color>FFNANANA</color>
        <Icon>
          <href>http://maps.google.com/mapfiles/kml/shapes/placemark_circle.png</href>
        </Icon>
      </IconStyle>
    </Style>
    <Point>
      <coordinates>140.148959784877,37.0149464723068,374.934155097891</coordinates>
      <altitudeMode>absolute</altitudeMode>
    </Point>
  </Placemark>

  <Placemark>
    <Style>
      <IconStyle>
        <scale>NA</scale>
        <color>FFNANANA</color>
        <Icon>
          <href>http://maps.google.com/mapfiles/kml/shapes/placemark_circle.png</href>
        </Icon>
      </IconStyle>
    </Style>
    <Point>
      <coordinates>140.148986103456,37.0149428850535,373.734155059491</coordinates>
      <altitudeMode>absolute</altitudeMode>
    </Point>
  </Placemark>

  <Placemark>
    <Style>
      <IconStyle>
        <scale>NA</scale>
        <color>FFNANANA</color>
        <Icon>
          <href>http://maps.google.com/mapfiles/kml/shapes/placemark_circle.png</href>
        </Icon>
      </IconStyle>
    </Style>
    <Point>
      <coordinates>140.148991881268,37.0149434738571,372.834155030691</coordinates>
      <altitudeMode>absolute</altitudeMode>
    </Point>
  </Placemark>

  <Placemark>
    <Style>
      <IconStyle>
        <scale>NA</scale>
        <color>FFNANANA</color>
        <Icon>
          <href>http://maps.google.com/mapfiles/kml/shapes/placemark_circle.png</href>
        </Icon>
      </IconStyle>
    </Style>
    <Point>
      <coordinates>140.148991003499,37.0149451959275,372.434155017891</coordinates>
      <altitudeMode>absolute</altitudeMode>
    </Point>
  </Placemark>

  <Placemark>
    <Style>
      <IconStyle>
        <scale>NA</scale>
        <color>FFNANANA</color>
        <Icon>
          <href>http://maps.google.com/mapfiles/kml/shapes/placemark_circle.png</href>
        </Icon>
      </IconStyle>
    </Style>
    <Point>
      <coordinates>140.148991676481,37.0149447587816,371.834154998691</coordinates>
      <altitudeMode>absolute</altitudeMode>
    </Point>
  </Placemark>

  <Placemark>
    <Style>
      <IconStyle>
        <scale>NA</scale>
        <color>FFNANANA</color>
        <Icon>
          <href>http://maps.google.com/mapfiles/kml/shapes/placemark_circle.png</href>
        </Icon>
      </IconStyle>
    </Style>
    <Point>
      <coordinates>140.148996992278,37.0149432858774,371.134154976291</coordinates>
      <altitudeMode>absolute</altitudeMode>
    </Point>
  </Placemark>

  <Placemark>
    <Style>
      <IconStyle>
        <scale>NA</scale>
        <color>FFNANANA</color>
        <Icon>
          <href>http://maps.google.com/mapfiles/kml/shapes/placemark_circle.png</href>
        </Icon>
      </IconStyle>
    </Style>
    <Point>
      <coordinates>140.149006291038,37.0149409890868,370.334154950691</coordinates>
      <altitudeMode>absolute</altitudeMode>
    </Point>
  </Placemark>

  <Placemark>
    <Style>
      <IconStyle>
        <scale>NA</scale>
        <color>FFNANANA</color>
        <Icon>
          <href>http://maps.google.com/mapfiles/kml/shapes/placemark_circle.png</href>
        </Icon>
      </IconStyle>
    </Style>
    <Point>
      <coordinates>140.149019388488,37.014938182189,369.434154921891</coordinates>
      <altitudeMode>absolute</altitudeMode>
    </Point>
  </Placemark>

  <Placemark>
    <Style>
      <IconStyle>
        <scale>NA</scale>
        <color>FFNANANA</color>
        <Icon>
          <href>http://maps.google.com/mapfiles/kml/shapes/placemark_circle.png</href>
        </Icon>
      </IconStyle>
    </Style>
    <Point>
      <coordinates>140.149034887681,37.0149351112578,368.734154899491</coordinates>
      <altitudeMode>absolute</altitudeMode>
    </Point>
  </Placemark>

  <Placemark>
    <Style>
      <IconStyle>
        <scale>NA</scale>
        <color>FFNANANA</color>
        <Icon>
          <href>http://maps.google.com/mapfiles/kml/shapes/placemark_circle.png</href>
        </Icon>
      </IconStyle>
    </Style>
    <Point>
      <coordinates>140.149054582779,37.0149318529766,367.634154864291</coordinates>
      <altitudeMode>absolute</altitudeMode>
    </Point>
  </Placemark>

  <Placemark>
    <Style>
      <IconStyle>
        <scale>NA</scale>
        <color>FFNANANA</color>
        <Icon>
          <href>http://maps.google.com/mapfiles/kml/shapes/placemark_circle.png</href>
        </Icon>
      </IconStyle>
    </Style>
    <Point>
      <coordinates>140.149078401771,37.0149292988515,366.534154829091</coordinates>
      <altitudeMode>absolute</altitudeMode>
    </Point>
  </Placemark>

  <Placemark>
    <Style>
      <IconStyle>
        <scale>NA</scale>
        <color>FFNANANA</color>
        <Icon>
          <href>http://maps.google.com/mapfiles/kml/shapes/placemark_circle.png</href>
        </Icon>
      </IconStyle>
    </Style>
    <Point>
      <coordinates>140.149104339871,37.014929650542,365.834154806691</coordinates>
      <altitudeMode>absolute</altitudeMode>
    </Point>
  </Placemark>

  <Placemark>
    <Style>
      <IconStyle>
        <scale>NA</scale>
        <color>FFNANANA</color>
        <Icon>
          <href>http://maps.google.com/mapfiles/kml/shapes/placemark_circle.png</href>
        </Icon>
      </IconStyle>
    </Style>
    <Point>
      <coordinates>140.149126790841,37.014930114831,364.934154777891</coordinates>
      <altitudeMode>absolute</altitudeMode>
    </Point>
  </Placemark>

  <Placemark>
    <Style>
      <IconStyle>
        <scale>NA</scale>
        <color>FFNANANA</color>
        <Icon>
          <href>http://maps.google.com/mapfiles/kml/shapes/placemark_circle.png</href>
        </Icon>
      </IconStyle>
    </Style>
    <Point>
      <coordinates>140.149143374392,37.0149302215272,363.834154742691</coordinates>
      <altitudeMode>absolute</altitudeMode>
    </Point>
  </Placemark>

  <Placemark>
    <Style>
      <IconStyle>
        <scale>NA</scale>
        <color>FFNANANA</color>
        <Icon>
          <href>http://maps.google.com/mapfiles/kml/shapes/placemark_circle.png</href>
        </Icon>
      </IconStyle>
    </Style>
    <Point>
      <coordinates>140.149155744788,37.0149301349367,362.534154701091</coordinates>
      <altitudeMode>absolute</altitudeMode>
    </Point>
  </Placemark>

  <Placemark>
    <Style>
      <IconStyle>
        <scale>NA</scale>
        <color>FFNANANA</color>
        <Icon>
          <href>http://maps.google.com/mapfiles/kml/shapes/placemark_circle.png</href>
        </Icon>
      </IconStyle>
    </Style>
    <Point>
      <coordinates>140.149169130794,37.0149315689959,361.234154659491</coordinates>
      <altitudeMode>absolute</altitudeMode>
    </Point>
  </Placemark>

  <Placemark>
    <Style>
      <IconStyle>
        <scale>NA</scale>
        <color>FFNANANA</color>
        <Icon>
          <href>http://maps.google.com/mapfiles/kml/shapes/placemark_circle.png</href>
        </Icon>
      </IconStyle>
    </Style>
    <Point>
      <coordinates>140.149191048167,37.0149332740104,360.234154627491</coordinates>
      <altitudeMode>absolute</altitudeMode>
    </Point>
  </Placemark>

  <Placemark>
    <Style>
      <IconStyle>
        <scale>NA</scale>
        <color>FFNANANA</color>
        <Icon>
          <href>http://maps.google.com/mapfiles/kml/shapes/placemark_circle.png</href>
        </Icon>
      </IconStyle>
    </Style>
    <Point>
      <coordinates>140.149216789377,37.0149333598984,359.534154605091</coordinates>
      <altitudeMode>absolute</altitudeMode>
    </Point>
  </Placemark>

  <Placemark>
    <Style>
      <IconStyle>
        <scale>NA</scale>
        <color>FFNANANA</color>
        <Icon>
          <href>http://maps.google.com/mapfiles/kml/shapes/placemark_circle.png</href>
        </Icon>
      </IconStyle>
    </Style>
    <Point>
      <coordinates>140.149242285803,37.0149312150225,359.934154617891</coordinates>
      <altitudeMode>absolute</altitudeMode>
    </Point>
  </Placemark>

  <Placemark>
    <Style>
      <IconStyle>
        <scale>NA</scale>
        <color>FFNANANA</color>
        <Icon>
          <href>http://maps.google.com/mapfiles/kml/shapes/placemark_circle.png</href>
        </Icon>
      </IconStyle>
    </Style>
    <Point>
      <coordinates>140.149266365199,37.014928299561,358.934154585891</coordinates>
      <altitudeMode>absolute</altitudeMode>
    </Point>
  </Placemark>

  <Placemark>
    <Style>
      <IconStyle>
        <scale>NA</scale>
        <color>FFNANANA</color>
        <Icon>
          <href>http://maps.google.com/mapfiles/kml/shapes/placemark_circle.png</href>
        </Icon>
      </IconStyle>
    </Style>
    <Point>
      <coordinates>140.149287359656,37.0149280931247,357.534154541091</coordinates>
      <altitudeMode>absolute</altitudeMode>
    </Point>
  </Placemark>

  <Placemark>
    <Style>
      <IconStyle>
        <scale>NA</scale>
        <color>FFNANANA</color>
        <Icon>
          <href>http://maps.google.com/mapfiles/kml/shapes/placemark_circle.png</href>
        </Icon>
      </IconStyle>
    </Style>
    <Point>
      <coordinates>140.149308399174,37.0149305882391,356.334154502691</coordinates>
      <altitudeMode>absolute</altitudeMode>
    </Point>
  </Placemark>

  <Placemark>
    <Style>
      <IconStyle>
        <scale>NA</scale>
        <color>FFNANANA</color>
        <Icon>
          <href>http://maps.google.com/mapfiles/kml/shapes/placemark_circle.png</href>
        </Icon>
      </IconStyle>
    </Style>
    <Point>
      <coordinates>140.14933124444,37.0149343825285,354.834154454691</coordinates>
      <altitudeMode>absolute</altitudeMode>
    </Point>
  </Placemark>

  <Placemark>
    <Style>
      <IconStyle>
        <scale>NA</scale>
        <color>FFNANANA</color>
        <Icon>
          <href>http://maps.google.com/mapfiles/kml/shapes/placemark_circle.png</href>
        </Icon>
      </IconStyle>
    </Style>
    <Point>
      <coordinates>140.149354576354,37.01493772797,353.034154397091</coordinates>
      <altitudeMode>absolute</altitudeMode>
    </Point>
  </Placemark>

  <Placemark>
    <Style>
      <IconStyle>
        <scale>NA</scale>
        <color>FFNANANA</color>
        <Icon>
          <href>http://maps.google.com/mapfiles/kml/shapes/placemark_circle.png</href>
        </Icon>
      </IconStyle>
    </Style>
    <Point>
      <coordinates>140.149378894611,37.0149410632044,351.234154339491</coordinates>
      <altitudeMode>absolute</altitudeMode>
    </Point>
  </Placemark>

  <Placemark>
    <Style>
      <IconStyle>
        <scale>NA</scale>
        <color>FFNANANA</color>
        <Icon>
          <href>http://maps.google.com/mapfiles/kml/shapes/placemark_circle.png</href>
        </Icon>
      </IconStyle>
    </Style>
    <Point>
      <coordinates>140.149405335367,37.0149436399879,350.134154304291</coordinates>
      <altitudeMode>absolute</altitudeMode>
    </Point>
  </Placemark>

  <Placemark>
    <Style>
      <IconStyle>
        <scale>NA</scale>
        <color>FFNANANA</color>
        <Icon>
          <href>http://maps.google.com/mapfiles/kml/shapes/placemark_circle.png</href>
        </Icon>
      </IconStyle>
    </Style>
    <Point>
      <coordinates>140.149430179067,37.0149451240329,348.334154246691</coordinates>
      <altitudeMode>absolute</altitudeMode>
    </Point>
  </Placemark>

  <Placemark>
    <Style>
      <IconStyle>
        <scale>NA</scale>
        <color>FFNANANA</color>
        <Icon>
          <href>http://maps.google.com/mapfiles/kml/shapes/placemark_circle.png</href>
        </Icon>
      </IconStyle>
    </Style>
    <Point>
      <coordinates>140.149454863641,37.0149463292928,346.434154185891</coordinates>
      <altitudeMode>absolute</altitudeMode>
    </Point>
  </Placemark>

  <Placemark>
    <Style>
      <IconStyle>
        <scale>NA</scale>
        <color>FFNANANA</color>
        <Icon>
          <href>http://maps.google.com/mapfiles/kml/shapes/placemark_circle.png</href>
        </Icon>
      </IconStyle>
    </Style>
    <Point>
      <coordinates>140.149478818285,37.0149476340445,344.934154137891</coordinates>
      <altitudeMode>absolute</altitudeMode>
    </Point>
  </Placemark>

  <Placemark>
    <Style>
      <IconStyle>
        <scale>NA</scale>
        <color>FFNANANA</color>
        <Icon>
          <href>http://maps.google.com/mapfiles/kml/shapes/placemark_circle.png</href>
        </Icon>
      </IconStyle>
    </Style>
    <Point>
      <coordinates>140.149504537051,37.0149480525797,344.234154115491</coordinates>
      <altitudeMode>absolute</altitudeMode>
    </Point>
  </Placemark>

  <Placemark>
    <Style>
      <IconStyle>
        <scale>NA</scale>
        <color>FFNANANA</color>
        <Icon>
          <href>http://maps.google.com/mapfiles/kml/shapes/placemark_circle.png</href>
        </Icon>
      </IconStyle>
    </Style>
    <Point>
      <coordinates>140.149528996925,37.0149473117115,343.134154080291</coordinates>
      <altitudeMode>absolute</altitudeMode>
    </Point>
  </Placemark>

  <Placemark>
    <Style>
      <IconStyle>
        <scale>NA</scale>
        <color>FFNANANA</color>
        <Icon>
          <href>http://maps.google.com/mapfiles/kml/shapes/placemark_circle.png</href>
        </Icon>
      </IconStyle>
    </Style>
    <Point>
      <coordinates>140.149555768894,37.0149446391028,342.134154048291</coordinates>
      <altitudeMode>absolute</altitudeMode>
    </Point>
  </Placemark>

  <Placemark>
    <Style>
      <IconStyle>
        <scale>NA</scale>
        <color>FFNANANA</color>
        <Icon>
          <href>http://maps.google.com/mapfiles/kml/shapes/placemark_circle.png</href>
        </Icon>
      </IconStyle>
    </Style>
    <Point>
      <coordinates>140.149582004219,37.0149441760859,339.534153965091</coordinates>
      <altitudeMode>absolute</altitudeMode>
    </Point>
  </Placemark>

  <Placemark>
    <Style>
      <IconStyle>
        <scale>NA</scale>
        <color>FFNANANA</color>
        <Icon>
          <href>http://maps.google.com/mapfiles/kml/shapes/placemark_circle.png</href>
        </Icon>
      </IconStyle>
    </Style>
    <Point>
      <coordinates>140.149606720421,37.0149460518485,336.534153869091</coordinates>
      <altitudeMode>absolute</altitudeMode>
    </Point>
  </Placemark>

  <Placemark>
    <Style>
      <IconStyle>
        <scale>NA</scale>
        <color>FFNANANA</color>
        <Icon>
          <href>http://maps.google.com/mapfiles/kml/shapes/placemark_circle.png</href>
        </Icon>
      </IconStyle>
    </Style>
    <Point>
      <coordinates>140.14963324456,37.0149491681181,334.334153798691</coordinates>
      <altitudeMode>absolute</altitudeMode>
    </Point>
  </Placemark>

  <Placemark>
    <Style>
      <IconStyle>
        <scale>NA</scale>
        <color>FFNANANA</color>
        <Icon>
          <href>http://maps.google.com/mapfiles/kml/shapes/placemark_circle.png</href>
        </Icon>
      </IconStyle>
    </Style>
    <Point>
      <coordinates>140.149661464286,37.014954533574,332.034153725091</coordinates>
      <altitudeMode>absolute</altitudeMode>
    </Point>
  </Placemark>

  <Placemark>
    <Style>
      <IconStyle>
        <scale>NA</scale>
        <color>FFNANANA</color>
        <Icon>
          <href>http://maps.google.com/mapfiles/kml/shapes/placemark_circle.png</href>
        </Icon>
      </IconStyle>
    </Style>
    <Point>
      <coordinates>140.149692427697,37.0149604786159,330.434153673891</coordinates>
      <altitudeMode>absolute</altitudeMode>
    </Point>
  </Placemark>

  <Placemark>
    <Style>
      <IconStyle>
        <scale>NA</scale>
        <color>FFNANANA</color>
        <Icon>
          <href>http://maps.google.com/mapfiles/kml/shapes/placemark_circle.png</href>
        </Icon>
      </IconStyle>
    </Style>
    <Point>
      <coordinates>140.149720572795,37.0149646122557,328.834153622691</coordinates>
      <altitudeMode>absolute</altitudeMode>
    </Point>
  </Placemark>

  <Placemark>
    <Style>
      <IconStyle>
        <scale>NA</scale>
        <color>FFNANANA</color>
        <Icon>
          <href>http://maps.google.com/mapfiles/kml/shapes/placemark_circle.png</href>
        </Icon>
      </IconStyle>
    </Style>
    <Point>
      <coordinates>140.149746402688,37.0149663054461,327.634153584291</coordinates>
      <altitudeMode>absolute</altitudeMode>
    </Point>
  </Placemark>

  <Placemark>
    <Style>
      <IconStyle>
        <scale>NA</scale>
        <color>FFNANANA</color>
        <Icon>
          <href>http://maps.google.com/mapfiles/kml/shapes/placemark_circle.png</href>
        </Icon>
      </IconStyle>
    </Style>
    <Point>
      <coordinates>140.149770068111,37.0149653238391,326.034153533091</coordinates>
      <altitudeMode>absolute</altitudeMode>
    </Point>
  </Placemark>

  <Placemark>
    <Style>
      <IconStyle>
        <scale>NA</scale>
        <color>FFNANANA</color>
        <Icon>
          <href>http://maps.google.com/mapfiles/kml/shapes/placemark_circle.png</href>
        </Icon>
      </IconStyle>
    </Style>
    <Point>
      <coordinates>140.149789899611,37.0149637442794,324.334153478691</coordinates>
      <altitudeMode>absolute</altitudeMode>
    </Point>
  </Placemark>

  <Placemark>
    <Style>
      <IconStyle>
        <scale>NA</scale>
        <color>FFNANANA</color>
        <Icon>
          <href>http://maps.google.com/mapfiles/kml/shapes/placemark_circle.png</href>
        </Icon>
      </IconStyle>
    </Style>
    <Point>
      <coordinates>140.149806001815,37.0149625024596,323.034153437091</coordinates>
      <altitudeMode>absolute</altitudeMode>
    </Point>
  </Placemark>

  <Placemark>
    <Style>
      <IconStyle>
        <scale>NA</scale>
        <color>FFNANANA</color>
        <Icon>
          <href>http://maps.google.com/mapfiles/kml/shapes/placemark_circle.png</href>
        </Icon>
      </IconStyle>
    </Style>
    <Point>
      <coordinates>140.149821319373,37.0149638333628,322.034153405091</coordinates>
      <altitudeMode>absolute</altitudeMode>
    </Point>
  </Placemark>

  <Placemark>
    <Style>
      <IconStyle>
        <scale>NA</scale>
        <color>FFNANANA</color>
        <Icon>
          <href>http://maps.google.com/mapfiles/kml/shapes/placemark_circle.png</href>
        </Icon>
      </IconStyle>
    </Style>
    <Point>
      <coordinates>140.149837106735,37.0149676258339,321.334153382691</coordinates>
      <altitudeMode>absolute</altitudeMode>
    </Point>
  </Placemark>

  <Placemark>
    <Style>
      <IconStyle>
        <scale>NA</scale>
        <color>FFNANANA</color>
        <Icon>
          <href>http://maps.google.com/mapfiles/kml/shapes/placemark_circle.png</href>
        </Icon>
      </IconStyle>
    </Style>
    <Point>
      <coordinates>140.149851074852,37.0149718104916,320.234153347491</coordinates>
      <altitudeMode>absolute</altitudeMode>
    </Point>
  </Placemark>

  <Placemark>
    <Style>
      <IconStyle>
        <scale>NA</scale>
        <color>FFNANANA</color>
        <Icon>
          <href>http://maps.google.com/mapfiles/kml/shapes/placemark_circle.png</href>
        </Icon>
      </IconStyle>
    </Style>
    <Point>
      <coordinates>140.149863297033,37.0149745772787,319.134153312291</coordinates>
      <altitudeMode>absolute</altitudeMode>
    </Point>
  </Placemark>

  <Placemark>
    <Style>
      <IconStyle>
        <scale>NA</scale>
        <color>FFNANANA</color>
        <Icon>
          <href>http://maps.google.com/mapfiles/kml/shapes/placemark_circle.png</href>
        </Icon>
      </IconStyle>
    </Style>
    <Point>
      <coordinates>140.149888712598,37.0149693344034,317.734153267491</coordinates>
      <altitudeMode>absolute</altitudeMode>
    </Point>
  </Placemark>

  <Placemark>
    <Style>
      <IconStyle>
        <scale>NA</scale>
        <color>FFNANANA</color>
        <Icon>
          <href>http://maps.google.com/mapfiles/kml/shapes/placemark_circle.png</href>
        </Icon>
      </IconStyle>
    </Style>
    <Point>
      <coordinates>140.149896915187,37.0149728077262,316.334153222691</coordinates>
      <altitudeMode>absolute</altitudeMode>
    </Point>
  </Placemark>

  <Placemark>
    <Style>
      <IconStyle>
        <scale>NA</scale>
        <color>FFNANANA</color>
        <Icon>
          <href>http://maps.google.com/mapfiles/kml/shapes/placemark_circle.png</href>
        </Icon>
      </IconStyle>
    </Style>
    <Point>
      <coordinates>140.14990357314,37.0149737006267,314.834153174691</coordinates>
      <altitudeMode>absolute</altitudeMode>
    </Point>
  </Placemark>

  <Placemark>
    <Style>
      <IconStyle>
        <scale>NA</scale>
        <color>FFNANANA</color>
        <Icon>
          <href>http://maps.google.com/mapfiles/kml/shapes/placemark_circle.png</href>
        </Icon>
      </IconStyle>
    </Style>
    <Point>
      <coordinates>140.149912070486,37.0149746488114,313.434153129891</coordinates>
      <altitudeMode>absolute</altitudeMode>
    </Point>
  </Placemark>

  <Placemark>
    <Style>
      <IconStyle>
        <scale>NA</scale>
        <color>FFNANANA</color>
        <Icon>
          <href>http://maps.google.com/mapfiles/kml/shapes/placemark_circle.png</href>
        </Icon>
      </IconStyle>
    </Style>
    <Point>
      <coordinates>140.149922614159,37.0149769452465,312.434153097891</coordinates>
      <altitudeMode>absolute</altitudeMode>
    </Point>
  </Placemark>

  <Placemark>
    <Style>
      <IconStyle>
        <scale>NA</scale>
        <color>FFNANANA</color>
        <Icon>
          <href>http://maps.google.com/mapfiles/kml/shapes/placemark_circle.png</href>
        </Icon>
      </IconStyle>
    </Style>
    <Point>
      <coordinates>140.149934735641,37.0149802553789,311.234153059491</coordinates>
      <altitudeMode>absolute</altitudeMode>
    </Point>
  </Placemark>

  <Placemark>
    <Style>
      <IconStyle>
        <scale>NA</scale>
        <color>FFNANANA</color>
        <Icon>
          <href>http://maps.google.com/mapfiles/kml/shapes/placemark_circle.png</href>
        </Icon>
      </IconStyle>
    </Style>
    <Point>
      <coordinates>140.149946677194,37.0149838533243,309.834153014691</coordinates>
      <altitudeMode>absolute</altitudeMode>
    </Point>
  </Placemark>

  <Placemark>
    <Style>
      <IconStyle>
        <scale>NA</scale>
        <color>FFNANANA</color>
        <Icon>
          <href>http://maps.google.com/mapfiles/kml/shapes/placemark_circle.png</href>
        </Icon>
      </IconStyle>
    </Style>
    <Point>
      <coordinates>140.149958500357,37.0149877685977,308.734152979491</coordinates>
      <altitudeMode>absolute</altitudeMode>
    </Point>
  </Placemark>

  <Placemark>
    <Style>
      <IconStyle>
        <scale>NA</scale>
        <color>FFNANANA</color>
        <Icon>
          <href>http://maps.google.com/mapfiles/kml/shapes/placemark_circle.png</href>
        </Icon>
      </IconStyle>
    </Style>
    <Point>
      <coordinates>140.149968536165,37.014991775774,308.034152957091</coordinates>
      <altitudeMode>absolute</altitudeMode>
    </Point>
  </Placemark>

  <Placemark>
    <Style>
      <IconStyle>
        <scale>NA</scale>
        <color>FFNANANA</color>
        <Icon>
          <href>http://maps.google.com/mapfiles/kml/shapes/placemark_circle.png</href>
        </Icon>
      </IconStyle>
    </Style>
    <Point>
      <coordinates>140.149978760089,37.0149941444716,307.234152931491</coordinates>
      <altitudeMode>absolute</altitudeMode>
    </Point>
  </Placemark>

  <Placemark>
    <Style>
      <IconStyle>
        <scale>NA</scale>
        <color>FFNANANA</color>
        <Icon>
          <href>http://maps.google.com/mapfiles/kml/shapes/placemark_circle.png</href>
        </Icon>
      </IconStyle>
    </Style>
    <Point>
      <coordinates>140.149987708502,37.0149958200297,306.634152912291</coordinates>
      <altitudeMode>absolute</altitudeMode>
    </Point>
  </Placemark>

  <Placemark>
    <Style>
      <IconStyle>
        <scale>NA</scale>
        <color>FFNANANA</color>
        <Icon>
          <href>http://maps.google.com/mapfiles/kml/shapes/placemark_circle.png</href>
        </Icon>
      </IconStyle>
    </Style>
    <Point>
      <coordinates>140.149995098023,37.0149978559147,306.434152905891</coordinates>
      <altitudeMode>absolute</altitudeMode>
    </Point>
  </Placemark>

  <Placemark>
    <Style>
      <IconStyle>
        <scale>NA</scale>
        <color>FFNANANA</color>
        <Icon>
          <href>http://maps.google.com/mapfiles/kml/shapes/placemark_circle.png</href>
        </Icon>
      </IconStyle>
    </Style>
    <Point>
      <coordinates>140.149996224567,37.0149980579767,306.434152905891</coordinates>
      <altitudeMode>absolute</altitudeMode>
    </Point>
  </Placemark>

  <Placemark>
    <Style>
      <IconStyle>
        <scale>NA</scale>
        <color>FFNANANA</color>
        <Icon>
          <href>http://maps.google.com/mapfiles/kml/shapes/placemark_circle.png</href>
        </Icon>
      </IconStyle>
    </Style>
    <Point>
      <coordinates>140.149996202791,37.0149982561772,306.334152902691</coordinates>
      <altitudeMode>absolute</altitudeMode>
    </Point>
  </Placemark>

  <Placemark>
    <Style>
      <IconStyle>
        <scale>NA</scale>
        <color>FFNANANA</color>
        <Icon>
          <href>http://maps.google.com/mapfiles/kml/shapes/placemark_circle.png</href>
        </Icon>
      </IconStyle>
    </Style>
    <Point>
      <coordinates>140.149995190418,37.0149985125351,305.934152889891</coordinates>
      <altitudeMode>absolute</altitudeMode>
    </Point>
  </Placemark>

  <Placemark>
    <Style>
      <IconStyle>
        <scale>NA</scale>
        <color>FFNANANA</color>
        <Icon>
          <href>http://maps.google.com/mapfiles/kml/shapes/placemark_circle.png</href>
        </Icon>
      </IconStyle>
    </Style>
    <Point>
      <coordinates>140.149994812777,37.0149983199302,305.734152883491</coordinates>
      <altitudeMode>absolute</altitudeMode>
    </Point>
  </Placemark>

  <Placemark>
    <Style>
      <IconStyle>
        <scale>NA</scale>
        <color>FFNANANA</color>
        <Icon>
          <href>http://maps.google.com/mapfiles/kml/shapes/placemark_circle.png</href>
        </Icon>
      </IconStyle>
    </Style>
    <Point>
      <coordinates>140.149994477858,37.0149984895728,306.434152905891</coordinates>
      <altitudeMode>absolute</altitudeMode>
    </Point>
  </Placemark>
</Document>
</kml>
